2026-08-05 22:31:31 === populate_ai_content.py kind=breakdown limit=100000 delay_ms=500 ===
2026-08-05 22:31:32 [breakdown] 11489 targets
2026-08-05 22:32:33 [breakdown] FAIL G1080/V-AAI-3S: None timed out
2026-08-05 22:32:34 [breakdown] FAIL G2296/V-AAI-3S: 429 {"timestamp":"2026-08-06T03:32:34.214+00:00","status":429,"error":"Too Many Requests","path":"/ai/breakdown"}
2026-08-05 22:32:35 [breakdown] OK G2299/N-GSF (surface=θεᾶς) [1/11489]
2026-08-05 22:32:55 [breakdown] OK G230/ADV (surface=ἀληθῶς) [2/11489]
2026-08-05 22:32:56 [breakdown] FAIL G2300/V-ADI-1P: 429 {"timestamp":"2026-08-06T03:32:56.154+00:00","status":429,"error":"Too Many Requests","path":"/ai/breakdown"}
2026-08-05 22:32:57 [breakdown] OK G2300/V-ADI-3P (surface=ἐθεάσαντο) [3/11489]
2026-08-05 22:33:57 [breakdown] FAIL G2300/V-ADI-3S: None timed out
2026-08-05 22:33:58 [breakdown] FAIL G2300/V-ADP-DPM: 429 {"timestamp":"2026-08-06T03:33:58.827+00:00","status":429,"error":"Too Many Requests","path":"/ai/breakdown"}
2026-08-05 22:34:00 [breakdown] OK G2300/V-ADP-NSM (surface=θεασάμενος) [4/11489]
2026-08-05 22:34:26 [breakdown] OK G2300/V-API-3S (surface=ἐθεάθη) [5/11489]
2026-08-05 22:34:27 [breakdown] FAIL G2300/V-RNI-1S: 429 {"timestamp":"2026-08-06T03:34:27.400+00:00","status":429,"error":"Too Many Requests","path":"/ai/breakdown"}
2026-08-05 22:34:28 [breakdown] OK G2302/N-ASN (surface=θέατρον) [6/11489]
2026-08-05 22:35:24 [breakdown] OK G2303/N-DSN (surface=θείῳ) [7/11489]
2026-08-05 22:35:24 [breakdown] FAIL G2304/A-ASN: 429 {"timestamp":"2026-08-06T03:35:24.943+00:00","status":429,"error":"Too Many Requests","path":"/ai/breakdown"}
2026-08-05 22:35:26 [breakdown] OK G2306/A-APM (surface=θειώδεις) [8/11489]
2026-08-05 22:35:45 [breakdown] OK G2307/N-DSN (surface=θελήματι) [9/11489]
2026-08-05 22:35:46 [breakdown] FAIL G2309/V-AAI-1P: 429 {"timestamp":"2026-08-06T03:35:46.538+00:00","status":429,"error":"Too Many Requests","path":"/ai/breakdown"}
2026-08-05 22:35:47 [breakdown] OK G2309/V-AAI-2S (surface=ἠθέλησας) [10/11489]
2026-08-05 22:36:48 [breakdown] FAIL G2309/V-AAP-APM: None timed out
2026-08-05 22:36:49 [breakdown] FAIL G2309/V-AAS-3S: 429 {"timestamp":"2026-08-06T03:36:49.387+00:00","status":429,"error":"Too Many Requests","path":"/ai/breakdown"}
2026-08-05 22:36:50 [breakdown] OK G2309/V-IAI-2S (surface=ἤθελες) [11/11489]
2026-08-05 22:37:34 [breakdown] OK G2309/V-IAI-3P (surface=ἤθελον) [12/11489]
2026-08-05 22:37:35 [breakdown] FAIL G2309/V-PAI-1P: 429 {"timestamp":"2026-08-06T03:37:35.511+00:00","status":429,"error":"Too Many Requests","path":"/ai/breakdown"}
2026-08-05 22:37:37 [breakdown] OK G2309/V-PAI-1S (surface=θέλω) [13/11489]
2026-08-05 22:38:07 [breakdown] OK G2309/V-PAI-2S (surface=Θέλεις) [14/11489]
2026-08-05 22:38:14 [breakdown] FAIL G2309/V-PAI-3P: 429 {"timestamp":"2026-08-06T03:38:14.277+00:00","status":429,"error":"Too Many Requests","path":"/ai/breakdown"}
2026-08-05 22:38:15 [breakdown] OK G2309/V-PAO-3S (surface=θέλοι) [15/11489]
2026-08-05 22:39:16 [breakdown] FAIL G2309/V-PAP-DSM: None timed out
2026-08-05 22:39:17 [breakdown] FAIL G2309/V-PAP-NPM: 429 {"timestamp":"2026-08-06T03:39:17.398+00:00","status":429,"error":"Too Many Requests","path":"/ai/breakdown"}
2026-08-05 22:39:18 [breakdown] OK G2309/V-PAS-1S (surface=θέλω) [16/11489]
2026-08-05 22:40:19 [breakdown] FAIL G2309/V-PAS-3P: None timed out
2026-08-05 22:40:19 [breakdown] FAIL G231/N-NPM: 429 {"timestamp":"2026-08-06T03:40:19.821+00:00","status":429,"error":"Too Many Requests","path":"/ai/breakdown"}
2026-08-05 22:40:21 [breakdown] OK G2310/N-APN (surface=θεμέλια) [17/11489]
2026-08-05 22:41:04 [breakdown] OK G2310/N-ASM (surface=θεμέλιον) [18/11489]
2026-08-05 22:41:05 [breakdown] FAIL G2310/N-NPM: 429 {"timestamp":"2026-08-06T03:41:05.556+00:00","status":429,"error":"Too Many Requests","path":"/ai/breakdown"}
2026-08-05 22:41:07 [breakdown] OK G2311/V-FAI-3S (surface=θεμελιώσει) [19/11489]
2026-08-05 22:41:22 [breakdown] OK G2312/A-NPM (surface=θεοδίδακτοί) [20/11489]
2026-08-05 22:41:23 [breakdown] FAIL G2315/A-NSF: 429 {"timestamp":"2026-08-06T03:41:23.011+00:00","status":429,"error":"Too Many Requests","path":"/ai/breakdown"}
2026-08-05 22:41:24 [breakdown] OK G2316/N-APM (surface=θεοὺς) [21/11489]
2026-08-05 22:42:01 [breakdown] OK G2316/N-DPM (surface=θεοῖς) [22/11489]
2026-08-05 22:42:02 [breakdown] FAIL G2316/N-NPM: 429 {"timestamp":"2026-08-06T03:42:02.156+00:00","status":429,"error":"Too Many Requests","path":"/ai/breakdown"}
2026-08-05 22:42:03 [breakdown] OK G2317/N-ASF (surface=θεοσέβειαν) [23/11489]
2026-08-05 22:43:04 [breakdown] FAIL G2319/A-APM: None timed out
2026-08-05 22:43:05 [breakdown] FAIL G232/V-PAN: 429 {"timestamp":"2026-08-06T03:43:05.011+00:00","status":429,"error":"Too Many Requests","path":"/ai/breakdown"}
2026-08-05 22:43:06 [breakdown] OK G2322/N-ASF (surface=θεραπείαν) [24/11489]
2026-08-05 22:43:26 [breakdown] OK G2323/V-AAI-3S (surface=ἐθεράπευσεν) [25/11489]
2026-08-05 22:43:27 [breakdown] FAIL G2323/V-AAM-2S: 429 {"timestamp":"2026-08-06T03:43:27.465+00:00","status":429,"error":"Too Many Requests","path":"/ai/breakdown"}
2026-08-05 22:43:28 [breakdown] OK G2323/V-API-3P (surface=ἐθεραπεύθησαν) [26/11489]
2026-08-05 22:43:47 [breakdown] OK G2323/V-API-3S (surface=ἐθεραπεύθη) [27/11489]
2026-08-05 22:43:48 [breakdown] FAIL G2323/V-FAI-3S: 429 {"timestamp":"2026-08-06T03:43:48.067+00:00","status":429,"error":"Too Many Requests","path":"/ai/breakdown"}
2026-08-05 22:43:49 [breakdown] OK G2323/V-IPI-3P (surface=ἐθεραπεύοντο) [28/11489]
2026-08-05 22:44:18 [breakdown] OK G2323/V-PAM-2P (surface=θεραπεύετε) [29/11489]
2026-08-05 22:44:19 [breakdown] FAIL G2323/V-PAN: 429 {"timestamp":"2026-08-06T03:44:19.688+00:00","status":429,"error":"Too Many Requests","path":"/ai/breakdown"}
2026-08-05 22:44:22 [breakdown] OK G2323/V-PPI-3S (surface=θεραπεύεται) [30/11489]
2026-08-05 22:45:22 [breakdown] FAIL G2323/V-RPP-ASM: None timed out
2026-08-05 22:45:23 [breakdown] FAIL G2324/N-NSM: 429 {"timestamp":"2026-08-06T03:45:23.667+00:00","status":429,"error":"Too Many Requests","path":"/ai/breakdown"}
2026-08-05 22:45:24 [breakdown] OK G2325/V-AAP-GPM (surface=θερισάντων) [31/11489]
2026-08-05 22:46:25 [breakdown] FAIL G2325/V-FAI-3S: None timed out
2026-08-05 22:58:48 === populate_ai_content.py kind=breakdown limit=100000 delay_ms=1200 ===
2026-08-05 22:58:48 [breakdown] 11451 targets
2026-08-05 22:58:49 [breakdown] FAIL G2296/V-AAI-3S: 429 {"timestamp":"2026-08-06T03:58:49.254+00:00","status":429,"error":"Too Many Requests","path":"/ai/breakdown"}
2026-08-05 22:58:51 [breakdown] OK G2300/V-ADI-1P (surface=ἐθεασάμεθα) [1/11451]
2026-08-05 22:59:48 [breakdown] OK G2300/V-ADP-DPM (surface=θεασαμένοις) [2/11451]
2026-08-05 22:59:49 [breakdown] FAIL G2300/V-RNI-1S: 429 {"timestamp":"2026-08-06T03:59:49.586+00:00","status":429,"error":"Too Many Requests","path":"/ai/breakdown"}
2026-08-05 22:59:51 [breakdown] OK G2304/A-ASN (surface=Θεῖον) [3/11451]
2026-08-05 23:00:52 [breakdown] FAIL G2309/V-AAI-1P: None timed out
2026-08-05 23:00:54 [breakdown] FAIL G2309/V-AAS-3S: 429 {"timestamp":"2026-08-06T04:00:54.152+00:00","status":429,"error":"Too Many Requests","path":"/ai/breakdown"}
2026-08-05 23:00:56 [breakdown] OK G2309/V-PAI-1P (surface=θέλομεν) [4/11451]
2026-08-05 23:01:57 [breakdown] FAIL G2309/V-PAI-3P: None timed out
2026-08-05 23:01:58 [breakdown] FAIL G2309/V-PAP-NPM: 429 {"timestamp":"2026-08-06T04:01:58.885+00:00","status":429,"error":"Too Many Requests","path":"/ai/breakdown"}
2026-08-05 23:02:00 [breakdown] OK G231/N-NPM (surface=ἁλιεῖς) [5/11451]
2026-08-05 23:02:16 [breakdown] OK G2310/N-NPM (surface=θεμέλιοι) [6/11451]
2026-08-05 23:02:18 [breakdown] FAIL G2315/A-NSF: 429 {"timestamp":"2026-08-06T04:02:18.428+00:00","status":429,"error":"Too Many Requests","path":"/ai/breakdown"}
2026-08-05 23:02:20 [breakdown] OK G2316/N-NPM (surface=θεοὶ) [7/11451]
2026-08-05 23:03:03 [breakdown] OK G2319/A-APM (surface=θεοστυγεῖς) [8/11451]
2026-08-05 23:03:04 [breakdown] FAIL G232/V-PAN: 429 {"timestamp":"2026-08-06T04:03:04.983+00:00","status":429,"error":"Too Many Requests","path":"/ai/breakdown"}
2026-08-05 23:03:07 [breakdown] OK G2323/V-AAM-2S (surface=θεράπευσον) [9/11451]
2026-08-05 23:03:59 [breakdown] OK G2323/V-FAI-3S (surface=θεραπεύσει) [10/11451]
2026-08-05 23:04:00 [breakdown] FAIL G2323/V-PAN: 429 {"timestamp":"2026-08-06T04:04:00.595+00:00","status":429,"error":"Too Many Requests","path":"/ai/breakdown"}
2026-08-05 23:04:02 [breakdown] OK G2324/N-NSM (surface=θεράπων) [11/11451]
2026-08-05 23:04:22 [breakdown] OK G2325/V-PAI-3P (surface=θερίζουσιν) [12/11451]
2026-08-05 23:04:24 [breakdown] FAIL G2326/N-ASM: 429 {"timestamp":"2026-08-06T04:04:24.230+00:00","status":429,"error":"Too Many Requests","path":"/ai/breakdown"}
2026-08-05 23:04:26 [breakdown] OK G2327/N-DPM (surface=θερισταῖς) [13/11451]
2026-08-05 23:05:27 [breakdown] FAIL G2328/V-PEM-2P: None timed out
2026-08-05 23:05:28 [breakdown] FAIL G2329/N-GSF: 429 {"timestamp":"2026-08-06T04:05:28.940+00:00","status":429,"error":"Too Many Requests","path":"/ai/breakdown"}
2026-08-05 23:05:31 [breakdown] OK G2331/N-GPM-LG (surface=Θεσσαλονικέων) [14/11451]
2026-08-05 23:05:57 [breakdown] OK G2332/N-DSF-L (surface=Θεσσαλονίκῃ) [15/11451]
2026-08-05 23:05:59 [breakdown] FAIL G2334/V-AAI-3P: 429 {"timestamp":"2026-08-06T04:05:59.370+00:00","status":429,"error":"Too Many Requests","path":"/ai/breakdown"}
2026-08-05 23:06:01 [breakdown] OK G2334/V-AAS-3S (surface=θεωρήσῃ) [16/11451]
2026-08-05 23:06:23 [breakdown] OK G2334/V-IAI-3P (surface=ἐθεώρουν) [17/11451]
2026-08-05 23:06:24 [breakdown] FAIL G2334/V-PAI-2P: 429 {"timestamp":"2026-08-06T04:06:24.444+00:00","status":429,"error":"Too Many Requests","path":"/ai/breakdown"}
2026-08-05 23:06:26 [breakdown] OK G2334/V-PAI-3S (surface=θεωρεῖ) [18/11451]
2026-08-05 23:07:27 [breakdown] FAIL G2334/V-PAP-APM: None timed out
2026-08-05 23:07:29 [breakdown] FAIL G2334/V-PAP-NPF: 429 {"timestamp":"2026-08-06T04:07:29.256+00:00","status":429,"error":"Too Many Requests","path":"/ai/breakdown"}
2026-08-05 23:07:31 [breakdown] OK G2334/V-PAS-2P (surface=θεωρῆτε) [19/11451]
2026-08-05 23:08:11 [breakdown] OK G2335/N-ASF (surface=θεωρίαν) [20/11451]
2026-08-05 23:08:12 [breakdown] FAIL G2337/V-PAP-DPF: 429 {"timestamp":"2026-08-06T04:08:12.652+00:00","status":429,"error":"Too Many Requests","path":"/ai/breakdown"}
2026-08-05 23:08:14 [breakdown] OK G2338/A-GSF (surface=θηλείας) [21/11451]
2026-08-05 23:09:16 [breakdown] FAIL G2339/N-ASF: None timed out
2026-08-05 23:09:17 [breakdown] FAIL G2341/V-AAI-1S: 429 {"timestamp":"2026-08-06T04:09:17.518+00:00","status":429,"error":"Too Many Requests","path":"/ai/breakdown"}
2026-08-05 23:09:19 [breakdown] OK G2342/N-DSN (surface=θηρίῳ) [22/11451]
2026-08-05 23:09:30 [breakdown] OK G2342/N-NPN (surface=θηρία) [23/11451]
2026-08-05 23:09:32 [breakdown] FAIL G2343/V-AAI-2P: 429 {"timestamp":"2026-08-06T04:09:32.268+00:00","status":429,"error":"Too Many Requests","path":"/ai/breakdown"}
2026-08-05 23:09:34 [breakdown] OK G2343/V-PAI-2S (surface=θησαυρίζεις) [24/11451]
2026-08-05 23:10:08 [breakdown] OK G2343/V-PAP-NSM (surface=θησαυρίζων) [25/11451]
2026-08-05 23:10:09 [breakdown] FAIL G2344/N-ASM: 429 {"timestamp":"2026-08-06T04:10:09.848+00:00","status":429,"error":"Too Many Requests","path":"/ai/breakdown"}
2026-08-05 23:10:12 [breakdown] OK G2344/N-GSM (surface=θησαυροῦ) [26/11451]
2026-08-05 23:11:13 [breakdown] FAIL G2345/V-2AAS-2S: None timed out
2026-08-05 23:11:15 [breakdown] FAIL G2346/V-PAP-DPM: 429 {"timestamp":"2026-08-06T04:11:15.027+00:00","status":429,"error":"Too Many Requests","path":"/ai/breakdown"}
2026-08-05 23:11:17 [breakdown] OK G2346/V-PAS-3P (surface=θλίβωσιν) [27/11451]
2026-08-05 23:11:48 [breakdown] OK G2346/V-PPP-DPM (surface=θλιβομένοις) [28/11451]
2026-08-05 23:11:49 [breakdown] FAIL G2347/N-ASF: 429 {"timestamp":"2026-08-06T04:11:49.677+00:00","status":429,"error":"Too Many Requests","path":"/ai/breakdown"}
2026-08-05 23:11:51 [breakdown] OK G2347/N-GPF (surface=θλίψεων) [29/11451]
2026-08-05 23:12:02 [breakdown] OK G2347/N-NPF (surface=θλίψεις) [30/11451]
2026-08-05 23:12:04 [breakdown] FAIL G2347/N-NSF: 429 {"timestamp":"2026-08-06T04:12:04.254+00:00","status":429,"error":"Too Many Requests","path":"/ai/breakdown"}
2026-08-05 23:12:06 [breakdown] OK G2348/V-RAN (surface=τεθνηκέναι) [31/11451]
2026-08-05 23:12:23 [breakdown] OK G2348/V-RAP-GSM (surface=τεθνηκότος) [32/11451]
2026-08-05 23:12:24 [breakdown] FAIL G2348/V-RAP-NSM: 429 {"timestamp":"2026-08-06T04:12:24.819+00:00","status":429,"error":"Too Many Requests","path":"/ai/breakdown"}
2026-08-05 23:12:27 [breakdown] OK G2349/A-DSF (surface=θνητῇ) [33/11451]
2026-08-05 23:13:13 [breakdown] OK G235/CONJ (surface=ἀλλὰ) [34/11451]
2026-08-05 23:13:15 [breakdown] FAIL G2350/V-PPI-2S: 429 {"timestamp":"2026-08-06T04:13:15.046+00:00","status":429,"error":"Too Many Requests","path":"/ai/breakdown"}
2026-08-05 23:13:17 [breakdown] OK G2351/N-ASM (surface=θόρυβον) [35/11451]
2026-08-05 23:14:18 [breakdown] FAIL G2352/V-RPP-APM: None timed out
2026-08-05 23:14:19 [breakdown] FAIL G2354/V-FAI-2P: 429 {"timestamp":"2026-08-06T04:14:19.928+00:00","status":429,"error":"Too Many Requests","path":"/ai/breakdown"}
2026-08-05 23:14:21 [breakdown] OK G2356/N-GSF (surface=θρησκείας) [36/11451]
2026-08-05 23:15:23 [breakdown] FAIL G2358/V-AAP-NSM: None timed out
2026-08-05 23:15:24 [breakdown] FAIL G2359/N-ASF: 429 {"timestamp":"2026-08-06T04:15:24.761+00:00","status":429,"error":"Too Many Requests","path":"/ai/breakdown"}
2026-08-05 23:15:26 [breakdown] OK G2359/N-NPF (surface=τρίχες) [37/11451]
2026-08-05 23:16:28 [breakdown] FAIL G236/V-2FPI-3P: None timed out
2026-08-05 23:16:29 [breakdown] FAIL G236/V-FAI-3S: 429 {"timestamp":"2026-08-06T04:16:29.712+00:00","status":429,"error":"Too Many Requests","path":"/ai/breakdown"}
2026-08-05 23:16:31 [breakdown] OK G2361/N-NPM (surface=θρόμβοι) [38/11451]
2026-08-05 23:17:32 [breakdown] FAIL G2362/N-DSM: None timed out
2026-08-05 23:17:34 [breakdown] FAIL G2362/N-NPM: 429 {"timestamp":"2026-08-06T04:17:34.531+00:00","status":429,"error":"Too Many Requests","path":"/ai/breakdown"}
2026-08-05 23:17:36 [breakdown] OK G2363/N-DPN-L (surface=Θυατείροις) [39/11451]
2026-08-05 23:17:43 [breakdown] FAIL G2364/N-ASF: None [WinError 10054] An existing connection was forcibly closed by the remote host
2026-08-05 23:17:48 [breakdown] FAIL G2364/N-GSF: None <urlopen error [WinError 10061] No connection could be made because the target machine actively refused it>
2026-08-05 23:17:53 [breakdown] FAIL G2364/N-VPF: None <urlopen error [WinError 10061] No connection could be made because the target machine actively refused it>
2026-08-05 23:17:59 [breakdown] FAIL G2366/N-DSF: None <urlopen error [WinError 10061] No connection could be made because the target machine actively refused it>
2026-08-05 23:18:04 [breakdown] FAIL G2368/N-GPN: None <urlopen error [WinError 10061] No connection could be made because the target machine actively refused it>
2026-08-05 23:18:09 [breakdown] FAIL G2369/N-ASN: None <urlopen error [WinError 10061] No connection could be made because the target machine actively refused it>
2026-08-05 23:18:15 [breakdown] FAIL G2371/V-PAP-NSM: None <urlopen error [WinError 10061] No connection could be made because the target machine actively refused it>
2026-08-05 23:18:20 [breakdown] FAIL G2372/N-NPM: None <urlopen error [WinError 10061] No connection could be made because the target machine actively refused it>
2026-08-05 23:18:25 [breakdown] FAIL G2374/N-APF: None <urlopen error [WinError 10061] No connection could be made because the target machine actively refused it>
2026-08-05 23:18:30 [breakdown] FAIL G2374/N-DSF: None <urlopen error [WinError 10061] No connection could be made because the target machine actively refused it>
2026-08-05 23:18:36 [breakdown] FAIL G2374/N-NPF: None <urlopen error [WinError 10061] No connection could be made because the target machine actively refused it>
2026-08-05 23:18:41 [breakdown] FAIL G2376/N-GSF: None <urlopen error [WinError 10061] No connection could be made because the target machine actively refused it>
2026-08-05 23:28:13 === populate_ai_content.py kind=breakdown limit=100000 delay_ms=1200 ===
2026-08-05 23:28:13 [breakdown] 11409 targets
2026-08-05 23:28:18 [breakdown] FAIL G2296/V-AAI-3S: None <urlopen error [WinError 10061] No connection could be made because the target machine actively refused it>
2026-08-05 23:28:23 [breakdown] FAIL G2300/V-RNI-1S: None <urlopen error [WinError 10061] No connection could be made because the target machine actively refused it>
2026-08-05 23:28:28 [breakdown] FAIL G2309/V-AAS-3S: None <urlopen error [WinError 10061] No connection could be made because the target machine actively refused it>
2026-08-05 23:28:33 [breakdown] FAIL G2309/V-PAI-3P: None <urlopen error [WinError 10061] No connection could be made because the target machine actively refused it>
2026-08-05 23:28:39 [breakdown] FAIL G2309/V-PAP-NPM: None <urlopen error [WinError 10061] No connection could be made because the target machine actively refused it>
2026-08-05 23:34:56 === populate_ai_content.py kind=breakdown limit=100000 delay_ms=1200 ===
2026-08-05 23:34:56 [breakdown] 11409 targets
2026-08-05 23:35:01 [breakdown] FAIL G2296/V-AAI-3S: None <urlopen error [WinError 10061] No connection could be made because the target machine actively refused it>
2026-08-05 23:35:06 [breakdown] FAIL G2300/V-RNI-1S: None <urlopen error [WinError 10061] No connection could be made because the target machine actively refused it>
2026-08-05 23:35:11 [breakdown] FAIL G2309/V-AAS-3S: None <urlopen error [WinError 10061] No connection could be made because the target machine actively refused it>
2026-08-05 23:35:17 [breakdown] FAIL G2309/V-PAI-3P: None <urlopen error [WinError 10061] No connection could be made because the target machine actively refused it>
2026-08-05 23:35:22 [breakdown] FAIL G2309/V-PAP-NPM: None <urlopen error [WinError 10061] No connection could be made because the target machine actively refused it>
2026-08-05 23:35:27 [breakdown] FAIL G2315/A-NSF: None <urlopen error [WinError 10061] No connection could be made because the target machine actively refused it>
2026-08-05 23:35:32 [breakdown] FAIL G232/V-PAN: None <urlopen error [WinError 10061] No connection could be made because the target machine actively refused it>
2026-08-05 23:38:22 === populate_ai_content.py kind=breakdown limit=100000 delay_ms=1200 ===
2026-08-05 23:38:23 [breakdown] 11409 targets
2026-08-05 23:38:23 [breakdown] FAIL G2296/V-AAI-3S: 429 {"timestamp":"2026-08-06T04:38:23.642+00:00","status":429,"error":"Too Many Requests","path":"/ai/breakdown"}
2026-08-05 23:38:26 [breakdown] OK G2300/V-RNI-1S (surface=Τεθέαμαι) [1/11409]
2026-08-05 23:39:27 [breakdown] FAIL G2309/V-AAS-3S: None timed out
2026-08-05 23:39:28 [breakdown] FAIL G2309/V-PAI-3P: 429 {"timestamp":"2026-08-06T04:39:28.908+00:00","status":429,"error":"Too Many Requests","path":"/ai/breakdown"}
2026-08-05 23:39:31 [breakdown] OK G2309/V-PAP-NPM (surface=θέλοντές) [2/11409]
2026-08-05 23:40:14 [breakdown] OK G2315/A-NSF (surface=θεόπνευστος) [3/11409]
2026-08-05 23:40:16 [breakdown] FAIL G232/V-PAN: 429 {"timestamp":"2026-08-06T04:40:16.689+00:00","status":429,"error":"Too Many Requests","path":"/ai/breakdown"}
2026-08-05 23:40:19 [breakdown] OK G2323/V-PAN (surface=θεραπεύειν) [4/11409]
2026-08-05 23:41:20 [breakdown] FAIL G2326/N-ASM: None timed out
2026-08-05 23:41:21 [breakdown] FAIL G2328/V-PEM-2P: 429 {"timestamp":"2026-08-06T04:41:21.827+00:00","status":429,"error":"Too Many Requests","path":"/ai/breakdown"}
2026-08-05 23:41:23 [breakdown] OK G2329/N-GSF (surface=θέρμης) [5/11409]
2026-08-05 23:42:25 [breakdown] FAIL G2334/V-AAI-3P: None timed out
2026-08-05 23:42:26 [breakdown] FAIL G2334/V-PAI-2P: 429 {"timestamp":"2026-08-06T04:42:26.641+00:00","status":429,"error":"Too Many Requests","path":"/ai/breakdown"}
2026-08-05 23:42:29 [breakdown] OK G2334/V-PAP-APM (surface=θεωροῦντας) [6/11409]
2026-08-05 23:43:30 [breakdown] FAIL G2334/V-PAP-NPF: None timed out
2026-08-05 23:43:32 [breakdown] FAIL G2337/V-PAP-DPF: 429 {"timestamp":"2026-08-06T04:43:32.279+00:00","status":429,"error":"Too Many Requests","path":"/ai/breakdown"}
2026-08-05 23:43:34 [breakdown] OK G2339/N-ASF (surface=θήραν) [7/11409]
2026-08-05 23:44:35 [breakdown] FAIL G2341/V-AAI-1S: None timed out
2026-08-05 23:44:37 [breakdown] FAIL G2343/V-AAI-2P: 429 {"timestamp":"2026-08-06T04:44:37.409+00:00","status":429,"error":"Too Many Requests","path":"/ai/breakdown"}
2026-08-05 23:44:39 [breakdown] OK G2344/N-ASM (surface=θησαυρὸν) [8/11409]
2026-08-05 23:45:10 [breakdown] OK G2346/V-PAP-DPM (surface=θλίβουσιν) [9/11409]
2026-08-05 23:45:12 [breakdown] FAIL G2347/N-ASF: 429 {"timestamp":"2026-08-06T04:45:12.531+00:00","status":429,"error":"Too Many Requests","path":"/ai/breakdown"}
2026-08-05 23:45:15 [breakdown] OK G2347/N-NSF (surface=θλῖψις) [10/11409]
2026-08-05 23:46:16 [breakdown] FAIL G2348/V-RAP-NSM: None timed out
2026-08-05 23:46:17 [breakdown] FAIL G2350/V-PPI-2S: 429 {"timestamp":"2026-08-06T04:46:17.967+00:00","status":429,"error":"Too Many Requests","path":"/ai/breakdown"}
2026-08-05 23:46:20 [breakdown] OK G2352/V-RPP-APM (surface=τεθραυσμένους) [11/11409]
2026-08-05 23:47:21 [breakdown] FAIL G2354/V-FAI-2P: None timed out
2026-08-05 23:47:23 [breakdown] FAIL G2359/N-ASF: 429 {"timestamp":"2026-08-06T04:47:23.608+00:00","status":429,"error":"Too Many Requests","path":"/ai/breakdown"}
2026-08-05 23:47:25 [breakdown] OK G236/V-2FPI-3P (surface=ἀλλαγήσονται) [12/11409]
2026-08-05 23:47:58 [breakdown] OK G236/V-FAI-3S (surface=ἀλλάξει) [13/11409]
2026-08-05 23:47:59 [breakdown] FAIL G2362/N-DSM: 429 {"timestamp":"2026-08-06T04:47:59.935+00:00","status":429,"error":"Too Many Requests","path":"/ai/breakdown"}
2026-08-05 23:48:02 [breakdown] OK G2362/N-NPM (surface=θρόνοι) [14/11409]
2026-08-05 23:49:03 [breakdown] FAIL G2364/N-ASF: None timed out
2026-08-05 23:49:04 [breakdown] FAIL G2364/N-GSF: 429 {"timestamp":"2026-08-06T04:49:04.985+00:00","status":429,"error":"Too Many Requests","path":"/ai/breakdown"}
2026-08-05 23:49:07 [breakdown] OK G2364/N-VPF (surface=Θυγατέρες) [15/11409]
2026-08-05 23:50:08 [breakdown] FAIL G2366/N-DSF: None timed out
2026-08-05 23:50:10 [breakdown] FAIL G2368/N-GPN: 429 {"timestamp":"2026-08-06T04:50:10.011+00:00","status":429,"error":"Too Many Requests","path":"/ai/breakdown"}
2026-08-05 23:50:12 [breakdown] OK G2369/N-ASN (surface=θυμιατήριον) [16/11409]
2026-08-05 23:51:13 [breakdown] FAIL G2371/V-PAP-NSM: None timed out
2026-08-05 23:51:15 [breakdown] FAIL G2372/N-NPM: 429 {"timestamp":"2026-08-06T04:51:15.035+00:00","status":429,"error":"Too Many Requests","path":"/ai/breakdown"}
2026-08-05 23:51:17 [breakdown] OK G2374/N-APF (surface=θύρας) [17/11409]
2026-08-05 23:52:19 [breakdown] FAIL G2374/N-DSF: None timed out
2026-08-05 23:52:20 [breakdown] FAIL G2374/N-NPF: 429 {"timestamp":"2026-08-06T04:52:20.573+00:00","status":429,"error":"Too Many Requests","path":"/ai/breakdown"}
2026-08-05 23:52:22 [breakdown] OK G2376/N-GSF (surface=θυρίδος) [18/11409]
2026-08-05 23:53:23 [breakdown] FAIL G2377/N-NSF: None timed out
2026-08-05 23:53:25 [breakdown] FAIL G2378/N-ASF: 429 {"timestamp":"2026-08-06T04:53:25.395+00:00","status":429,"error":"Too Many Requests","path":"/ai/breakdown"}
2026-08-05 23:53:27 [breakdown] OK G2378/N-GPF (surface=θυσιῶν) [19/11409]
2026-08-05 23:54:28 [breakdown] FAIL G2378/N-NSF: None timed out
2026-08-05 23:54:30 [breakdown] FAIL G2379/N-DSN: 429 {"timestamp":"2026-08-06T04:54:30.216+00:00","status":429,"error":"Too Many Requests","path":"/ai/breakdown"}
2026-08-05 23:54:33 [breakdown] OK G238/V-PPP-NPN (surface=ἀλληγορούμενα) [20/11409]
2026-08-05 23:55:34 [breakdown] FAIL G2380/V-AAM-2P: None timed out
2026-08-05 23:55:36 [breakdown] FAIL G2380/V-API-3S: 429 {"timestamp":"2026-08-06T04:55:36.265+00:00","status":429,"error":"Too Many Requests","path":"/ai/breakdown"}
2026-08-05 23:55:38 [breakdown] OK G2380/V-PAN (surface=θύειν) [21/11409]
2026-08-05 23:56:39 [breakdown] FAIL G2381/N-ASM-P: None timed out
2026-08-05 23:56:41 [breakdown] FAIL G2381/N-NSM-P: 429 {"timestamp":"2026-08-06T04:56:41.088+00:00","status":429,"error":"Too Many Requests","path":"/ai/breakdown"}
2026-08-05 23:56:43 [breakdown] OK G2382/N-APM (surface=θώρακας) [22/11409]
2026-08-05 23:57:44 [breakdown] FAIL G2384/N-ASM-P: None timed out
2026-08-05 23:57:46 [breakdown] FAIL G2384/N-NSM-P: 429 {"timestamp":"2026-08-06T04:57:46.110+00:00","status":429,"error":"Too Many Requests","path":"/ai/breakdown"}
2026-08-05 23:57:48 [breakdown] OK G2385/N-ASM-P (surface=Ἰάκωβον) [23/11409]
2026-08-05 23:58:01 [breakdown] OK G2385/N-NSM-P (surface=Ἰάκωβος) [24/11409]
2026-08-05 23:58:02 [breakdown] FAIL G2388/N-GSM-P: 429 {"timestamp":"2026-08-06T04:58:02.803+00:00","status":429,"error":"Too Many Requests","path":"/ai/breakdown"}
2026-08-05 23:58:05 [breakdown] OK G2390/V-ADI-3S (surface=ἰάσατο) [25/11409]
2026-08-05 23:59:06 [breakdown] FAIL G2390/V-API-3S: None timed out
2026-08-05 23:59:08 [breakdown] FAIL G2390/V-APP-NSM: 429 {"timestamp":"2026-08-06T04:59:08.445+00:00","status":429,"error":"Too Many Requests","path":"/ai/breakdown"}
2026-08-05 23:59:11 [breakdown] OK G2390/V-APS-3S (surface=ἰαθῇ) [26/11409]
2026-08-05 23:59:33 [breakdown] OK G2390/V-FDI-1S (surface=ἰάσομαι) [27/11409]
2026-08-05 23:59:34 [breakdown] FAIL G2390/V-PNI-3S: 429 {"timestamp":"2026-08-06T04:59:34.965+00:00","status":429,"error":"Too Many Requests","path":"/ai/breakdown"}
2026-08-05 23:59:37 [breakdown] OK G2390/V-RPI-3S (surface=ἴαται) [28/11409]
2026-08-06 00:00:38 [breakdown] FAIL G2392/N-ASF: None timed out
2026-08-06 00:00:40 [breakdown] FAIL G2393/N-NSF: 429 {"timestamp":"2026-08-06T05:00:40.094+00:00","status":429,"error":"Too Many Requests","path":"/ai/breakdown"}
2026-08-06 00:00:42 [breakdown] OK G2394/N-NSM-P (surface=Ἰάσων) [29/11409]
2026-08-06 00:01:43 [breakdown] FAIL G2395/N-GSM: None timed out
2026-08-06 00:01:45 [breakdown] FAIL G2396/INJ: 429 {"timestamp":"2026-08-06T05:01:45.240+00:00","status":429,"error":"Too Many Requests","path":"/ai/breakdown"}
2026-08-06 00:01:47 [breakdown] OK G2398/A-APM (surface=ἰδίους) [30/11409]
2026-08-06 00:02:48 [breakdown] FAIL G2398/A-ASM: None timed out
2026-08-06 00:02:50 [breakdown] FAIL G2398/A-DPM: 429 {"timestamp":"2026-08-06T05:02:50.450+00:00","status":429,"error":"Too Many Requests","path":"/ai/breakdown"}
2026-08-06 00:02:52 [breakdown] OK G2398/A-DSM (surface=ἰδίῳ) [31/11409]
2026-08-06 00:03:11 [breakdown] OK G2398/A-GPM (surface=ἰδίων) [32/11409]
2026-08-06 00:03:13 [breakdown] FAIL G2398/A-GSM: 429 {"timestamp":"2026-08-06T05:03:13.389+00:00","status":429,"error":"Too Many Requests","path":"/ai/breakdown"}
2026-08-06 00:03:15 [breakdown] OK G2398/A-NPN (surface=ἴδια) [33/11409]
2026-08-06 00:03:45 [breakdown] OK G2399/N-NPM (surface=ἰδιῶται) [34/11409]
2026-08-06 00:03:46 [breakdown] FAIL G240/C-APM: 429 {"timestamp":"2026-08-06T05:03:46.977+00:00","status":429,"error":"Too Many Requests","path":"/ai/breakdown"}
2026-08-06 00:03:48 [breakdown] OK G240/C-GPM (surface=ἀλλήλων) [35/11409]
2026-08-06 00:04:50 [breakdown] FAIL G2402/N-NSM: None timed out
2026-08-06 00:04:51 [breakdown] FAIL G2405/N-ASF: 429 {"timestamp":"2026-08-06T05:04:51.806+00:00","status":429,"error":"Too Many Requests","path":"/ai/breakdown"}
2026-08-06 00:04:54 [breakdown] OK G2406/N-NSN (surface=ἱεράτευμα) [36/11409]
2026-08-06 00:05:15 [breakdown] OK G2408/N-GSM-P (surface=Ἰερεμίου) [37/11409]
2026-08-06 00:05:16 [breakdown] FAIL G2409/N-DPM: 429 {"timestamp":"2026-08-06T05:05:16.681+00:00","status":429,"error":"Too Many Requests","path":"/ai/breakdown"}
2026-08-06 00:05:19 [breakdown] OK G2409/N-NPM (surface=ἱερεῖς) [38/11409]
2026-08-06 00:06:20 [breakdown] FAIL G2410/N-ASF-L: None timed out
2026-08-06 00:06:21 [breakdown] FAIL G2413/A-APN: 429 {"timestamp":"2026-08-06T05:06:21.824+00:00","status":429,"error":"Too Many Requests","path":"/ai/breakdown"}
2026-08-06 00:06:23 [breakdown] OK G2413/N-GSN (surface=ἱερὸν) [39/11409]
2026-08-06 00:07:25 [breakdown] FAIL G2414/N-GPN-L: None timed out
2026-08-06 00:07:26 [breakdown] FAIL G2415/N-GPM-L: 429 {"timestamp":"2026-08-06T05:07:26.837+00:00","status":429,"error":"Too Many Requests","path":"/ai/breakdown"}
2026-08-06 00:07:29 [breakdown] OK G2417/A-APM (surface=ἱεροσύλους) [40/11409]
2026-08-06 00:07:55 [breakdown] OK G2419/N-ASF-L (surface=Ἰερουσαλὴμ) [41/11409]
2026-08-06 00:07:56 [breakdown] FAIL G2419/N-DSF-L: 429 {"timestamp":"2026-08-06T05:07:56.552+00:00","status":429,"error":"Too Many Requests","path":"/ai/breakdown"}
2026-08-06 00:07:58 [breakdown] OK G2419/N-VSF-L (surface=Ἰερουσαλὴμ) [42/11409]
2026-08-06 00:08:59 [breakdown] FAIL G242/V-ADI-3S: None timed out
2026-08-06 00:09:01 [breakdown] FAIL G242/V-PNP-GSN: 429 {"timestamp":"2026-08-06T05:09:01.238+00:00","status":429,"error":"Too Many Requests","path":"/ai/breakdown"}
2026-08-06 00:09:03 [breakdown] OK G242/V-PNP-NSM (surface=ἁλλόμενος) [43/11409]
2026-08-06 00:10:04 [breakdown] FAIL G2421/N-ASM-P: None timed out
2026-08-06 00:10:06 [breakdown] FAIL G2422/N-GSM-P: 429 {"timestamp":"2026-08-06T05:10:06.232+00:00","status":429,"error":"Too Many Requests","path":"/ai/breakdown"}
2026-08-06 00:10:08 [breakdown] OK G2424/N-ASM-P (surface=Ἰησοῦν) [44/11409]
2026-08-06 00:11:09 [breakdown] FAIL G2424/N-NSM-P: None timed out
2026-08-06 00:11:11 [breakdown] FAIL G2424/N-VSM-P: 429 {"timestamp":"2026-08-06T05:11:11.211+00:00","status":429,"error":"Too Many Requests","path":"/ai/breakdown"}
2026-08-06 00:11:13 [breakdown] OK G2425/A-APM (surface=ἱκανοὺς) [45/11409]
2026-08-06 00:12:14 [breakdown] FAIL G2425/A-ASN: None timed out
2026-08-06 00:12:16 [breakdown] FAIL G2425/A-DSM: 429 {"timestamp":"2026-08-06T05:12:16.224+00:00","status":429,"error":"Too Many Requests","path":"/ai/breakdown"}
2026-08-06 00:12:18 [breakdown] OK G2425/A-NPF (surface=ἱκαναὶ) [46/11409]
2026-08-06 00:13:19 [breakdown] FAIL G2425/A-NSN: None timed out
2026-08-06 00:13:21 [breakdown] FAIL G2427/V-AAP-DSM: 429 {"timestamp":"2026-08-06T05:13:21.251+00:00","status":429,"error":"Too Many Requests","path":"/ai/breakdown"}
2026-08-06 00:13:23 [breakdown] OK G243/A-APF (surface=ἄλλας) [47/11409]
2026-08-06 00:14:25 [breakdown] FAIL G243/A-APM: None timed out
2026-08-06 00:14:26 [breakdown] FAIL G243/A-ASF: 429 {"timestamp":"2026-08-06T05:14:26.585+00:00","status":429,"error":"Too Many Requests","path":"/ai/breakdown"}
2026-08-06 00:14:28 [breakdown] OK G243/A-DPM (surface=ἄλλοις) [48/11409]
2026-08-06 00:15:29 [breakdown] FAIL G243/A-GSF: None timed out
2026-08-06 00:15:31 [breakdown] FAIL G243/A-NPM: 429 {"timestamp":"2026-08-06T05:15:31.519+00:00","status":429,"error":"Too Many Requests","path":"/ai/breakdown"}
2026-08-06 00:15:33 [breakdown] OK G243/A-NSM (surface=ἄλλος) [49/11409]
2026-08-06 00:16:34 [breakdown] FAIL G2430/N-DSN-L: None timed out
2026-08-06 00:16:36 [breakdown] FAIL G2432/N-DSF: 429 {"timestamp":"2026-08-06T05:16:36.501+00:00","status":429,"error":"Too Many Requests","path":"/ai/breakdown"}
2026-08-06 00:17:37 [breakdown] FAIL G2434/N-ASM: None timed out
2026-08-06 00:18:08 [breakdown] OK G2436/A-NSM (surface=Ἵλεώς) [50/11409]
2026-08-06 00:18:09 [breakdown] FAIL G2438/N-DPM: 429 {"timestamp":"2026-08-06T05:18:09.675+00:00","status":429,"error":"Too Many Requests","path":"/ai/breakdown"}
2026-08-06 00:18:11 [breakdown] OK G2440/N-APN (surface=ἱμάτια) [51/11409]
2026-08-06 00:19:13 [breakdown] FAIL G2440/N-DSN: None timed out
2026-08-06 00:19:14 [breakdown] FAIL G2440/N-GSN: 429 {"timestamp":"2026-08-06T05:19:14.846+00:00","status":429,"error":"Too Many Requests","path":"/ai/breakdown"}
2026-08-06 00:19:17 [breakdown] OK G2440/N-NPN (surface=ἱμάτια) [52/11409]
2026-08-06 00:20:18 [breakdown] FAIL G2441/N-DSM: None timed out
2026-08-06 00:20:20 [breakdown] FAIL G2441/N-GSM: 429 {"timestamp":"2026-08-06T05:20:20.179+00:00","status":429,"error":"Too Many Requests","path":"/ai/breakdown"}
2026-08-06 00:20:22 [breakdown] OK G2441/N-NSM (surface=ἱματισμὸς) [53/11409]
2026-08-06 00:20:42 [breakdown] OK G2442/V-PNP-NPM (surface=ὁμειρόμενοι) [54/11409]
2026-08-06 00:20:44 [breakdown] FAIL G2444/ADV: 429 {"timestamp":"2026-08-06T05:20:44.456+00:00","status":429,"error":"Too Many Requests","path":"/ai/breakdown"}
2026-08-06 00:20:46 [breakdown] OK G2445/N-DSF-L (surface=Ἰόππῃ) [55/11409]
2026-08-06 00:21:04 [breakdown] OK G2445/N-GSF-L (surface=Ἰόππης) [56/11409]
2026-08-06 00:21:06 [breakdown] FAIL G2446/N-DSM-L: 429 {"timestamp":"2026-08-06T05:21:06.363+00:00","status":429,"error":"Too Many Requests","path":"/ai/breakdown"}
2026-08-06 00:21:08 [breakdown] OK G2446/N-GSM-L (surface=Ἰορδάνου) [57/11409]
2026-08-06 00:21:31 [breakdown] OK G2447/N-NSM (surface=ἰὸς) [58/11409]
2026-08-06 00:21:32 [breakdown] FAIL G2448/N-GSM-L: 429 {"timestamp":"2026-08-06T05:21:32.682+00:00","status":429,"error":"Too Many Requests","path":"/ai/breakdown"}
2026-08-06 00:21:34 [breakdown] OK G2449/N-ASF-L (surface=Ἰουδαίαν) [59/11409]
2026-08-06 00:22:36 [breakdown] FAIL G2449/N-DSF-L: None timed out
2026-08-06 00:22:37 [breakdown] FAIL G2449/N-GSF-L: 429 {"timestamp":"2026-08-06T05:22:37.707+00:00","status":429,"error":"Too Many Requests","path":"/ai/breakdown"}
2026-08-06 00:22:39 [breakdown] OK G245/A-ASF (surface=ἀλλοτρίαν) [60/11409]
2026-08-06 00:23:41 [breakdown] FAIL G245/A-ASM: None timed out
2026-08-06 00:23:42 [breakdown] FAIL G245/A-DSF: 429 {"timestamp":"2026-08-06T05:23:42.856+00:00","status":429,"error":"Too Many Requests","path":"/ai/breakdown"}
2026-08-06 00:23:44 [breakdown] OK G245/A-DSM (surface=ἀλλοτρίῳ) [61/11409]
2026-08-06 00:24:46 [breakdown] FAIL G245/A-DSN: None timed out
2026-08-06 00:24:47 [breakdown] FAIL G245/A-GPM: 429 {"timestamp":"2026-08-06T05:24:47.785+00:00","status":429,"error":"Too Many Requests","path":"/ai/breakdown"}
2026-08-06 00:24:50 [breakdown] OK G2450/V-PAN (surface=ἰουδαΐζειν) [62/11409]
2026-08-06 00:25:24 [breakdown] OK G2451/A-DPM-PG (surface=Ἰουδαϊκοῖς) [63/11409]
2026-08-06 00:25:26 [breakdown] FAIL G2452/ADV: 429 {"timestamp":"2026-08-06T05:25:26.363+00:00","status":429,"error":"Too Many Requests","path":"/ai/breakdown"}
2026-08-06 00:25:28 [breakdown] OK G2453/A-APM-PG (surface=Ἰουδαίους) [64/11409]
2026-08-06 00:25:51 [breakdown] OK G2453/A-ASM-PG (surface=Ἰουδαῖον) [65/11409]
2026-08-06 00:25:53 [breakdown] FAIL G2453/A-DSM-PG: 429 {"timestamp":"2026-08-06T05:25:53.098+00:00","status":429,"error":"Too Many Requests","path":"/ai/breakdown"}
2026-08-06 00:25:55 [breakdown] OK G2453/A-GSM-PG (surface=Ἰουδαίου) [66/11409]
2026-08-06 00:26:56 [breakdown] FAIL G2453/A-VPM-PG: None timed out
2026-08-06 00:26:58 [breakdown] FAIL G2454/N-DSM-T: 429 {"timestamp":"2026-08-06T05:26:58.014+00:00","status":429,"error":"Too Many Requests","path":"/ai/breakdown"}
2026-08-06 00:27:00 [breakdown] OK G2455/N-DSM-P (surface=Ἰούδᾳ) [67/11409]
2026-08-06 00:27:14 [breakdown] OK G2455/N-VSM-P (surface=Ἰούδα) [68/11409]
2026-08-06 00:27:16 [breakdown] FAIL G2457/N-NSM-P: 429 {"timestamp":"2026-08-06T05:27:16.240+00:00","status":429,"error":"Too Many Requests","path":"/ai/breakdown"}
2026-08-06 00:27:18 [breakdown] OK G2459/N-NSM-P (surface=Ἰοῦστος) [69/11409]
2026-08-06 00:27:33 [breakdown] OK G2461/A-GSN (surface=ἱππικοῦ) [70/11409]
2026-08-06 00:27:35 [breakdown] FAIL G2462/N-APM: 429 {"timestamp":"2026-08-06T05:27:35.493+00:00","status":429,"error":"Too Many Requests","path":"/ai/breakdown"}
2026-08-06 00:27:37 [breakdown] OK G2462/N-GPM (surface=ἵππων) [71/11409]
2026-08-06 00:28:17 [breakdown] OK G2463/N-NSF (surface=ἶρις) [72/11409]
2026-08-06 00:28:19 [breakdown] FAIL G2464/N-GSM-P: 429 {"timestamp":"2026-08-06T05:28:19.422+00:00","status":429,"error":"Too Many Requests","path":"/ai/breakdown"}
2026-08-06 00:28:21 [breakdown] OK G2464/N-NSM-P (surface=Ἰσαὰκ) [73/11409]
2026-08-06 00:29:22 [breakdown] FAIL G2469/N-ASM-P: None timed out
2026-08-06 00:29:24 [breakdown] FAIL G247/ADV: 429 {"timestamp":"2026-08-06T05:29:24.247+00:00","status":429,"error":"Too Many Requests","path":"/ai/breakdown"}
2026-08-06 00:29:26 [breakdown] OK G2470/A-ASF (surface=ἴσην) [74/11409]
2026-08-06 00:29:52 [breakdown] OK G2470/A-ASM (surface=ἴσον) [75/11409]
2026-08-06 00:29:54 [breakdown] FAIL G2470/A-NPF: 429 {"timestamp":"2026-08-06T05:29:54.534+00:00","status":429,"error":"Too Many Requests","path":"/ai/breakdown"}
2026-08-06 00:29:56 [breakdown] OK G2470/A-NPN (surface=ἴσα) [76/11409]
2026-08-06 00:30:29 [breakdown] OK G2471/N-GSF (surface=ἰσότητος) [77/11409]
2026-08-06 00:30:30 [breakdown] FAIL G2472/A-ASF: 429 {"timestamp":"2026-08-06T05:30:30.703+00:00","status":429,"error":"Too Many Requests","path":"/ai/breakdown"}
2026-08-06 00:30:32 [breakdown] OK G2473/A-ASM (surface=ἰσόψυχον) [78/11409]
2026-08-06 00:31:34 [breakdown] FAIL G2474/N-GSM-L: None timed out
2026-08-06 00:31:35 [breakdown] FAIL G2475/N-NPM-PG: 429 {"timestamp":"2026-08-06T05:31:35.633+00:00","status":429,"error":"Too Many Requests","path":"/ai/breakdown"}
2026-08-06 00:31:37 [breakdown] OK G2475/N-VPM-PG (surface=Ἰσραηλῖται) [79/11409]
2026-08-06 00:32:32 [breakdown] OK G2476/V-2AAI-3P (surface=ἔστησαν) [80/11409]
2026-08-06 00:32:34 [breakdown] FAIL G2476/V-2AAI-3S: 429 {"timestamp":"2026-08-06T05:32:33.999+00:00","status":429,"error":"Too Many Requests","path":"/ai/breakdown"}
2026-08-06 00:32:36 [breakdown] OK G2476/V-2AAM-2P (surface=στῆτε) [81/11409]
2026-08-06 00:33:12 [breakdown] OK G2476/V-2AAM-2S (surface=στῆθι) [82/11409]
2026-08-06 00:33:13 [breakdown] FAIL G2476/V-2AAP-NSF: 429 {"timestamp":"2026-08-06T05:33:13.727+00:00","status":429,"error":"Too Many Requests","path":"/ai/breakdown"}
2026-08-06 00:33:15 [breakdown] OK G2476/V-2AAP-NSM (surface=στὰς) [83/11409]
2026-08-06 00:34:17 [breakdown] FAIL G2476/V-2RAP-NSN: None timed out
2026-08-06 00:34:18 [breakdown] FAIL G2476/V-AAN: 429 {"timestamp":"2026-08-06T05:34:18.754+00:00","status":429,"error":"Too Many Requests","path":"/ai/breakdown"}
2026-08-06 00:34:20 [breakdown] OK G2476/V-AAS-2S (surface=στήσῃς) [84/11409]
2026-08-06 00:34:49 [breakdown] OK G2476/V-API-3P (surface=ἐστάθησαν) [85/11409]
2026-08-06 00:34:51 [breakdown] FAIL G2476/V-API-3S: 429 {"timestamp":"2026-08-06T05:34:51.523+00:00","status":429,"error":"Too Many Requests","path":"/ai/breakdown"}
2026-08-06 00:34:54 [breakdown] OK G2476/V-APP-NPM (surface=σταθέντες) [86/11409]
2026-08-06 00:35:55 [breakdown] FAIL G2476/V-APS-2P: None timed out
2026-08-06 00:35:56 [breakdown] FAIL G2476/V-APS-3S: 429 {"timestamp":"2026-08-06T05:35:56.843+00:00","status":429,"error":"Too Many Requests","path":"/ai/breakdown"}
2026-08-06 00:35:59 [breakdown] OK G2476/V-FPI-2P (surface=σταθήσεσθε) [87/11409]
2026-08-06 00:37:00 [breakdown] FAIL G2476/V-LAI-3S: None timed out
2026-08-06 00:37:02 [breakdown] FAIL G2476/V-RAI-1S: 429 {"timestamp":"2026-08-06T05:37:02.393+00:00","status":429,"error":"Too Many Requests","path":"/ai/breakdown"}
2026-08-06 00:37:04 [breakdown] OK G2476/V-RAI-2S (surface=ἕστηκας) [88/11409]
2026-08-06 00:38:06 [breakdown] FAIL G2476/V-RAI-3P: None timed out
2026-08-06 00:38:07 [breakdown] FAIL G2476/V-RAN: 429 {"timestamp":"2026-08-06T05:38:07.677+00:00","status":429,"error":"Too Many Requests","path":"/ai/breakdown"}
2026-08-06 00:38:09 [breakdown] OK G2476/V-RAP-APM (surface=ἑστῶτας) [89/11409]
2026-08-06 00:38:25 [breakdown] OK G2476/V-RAP-ASM (surface=ἑστῶτα) [90/11409]
2026-08-06 00:38:26 [breakdown] FAIL G2476/V-RAP-NPM: 429 {"timestamp":"2026-08-06T05:38:26.875+00:00","status":429,"error":"Too Many Requests","path":"/ai/breakdown"}
2026-08-06 00:38:29 [breakdown] OK G2476/V-RAP-NSM (surface=ἑστὼς) [91/11409]
2026-08-06 00:39:30 [breakdown] FAIL G2477/V-AAN: None timed out
2026-08-06 00:39:31 [breakdown] FAIL G2478/A-ASM: 429 {"timestamp":"2026-08-06T05:39:31.900+00:00","status":429,"error":"Too Many Requests","path":"/ai/breakdown"}
2026-08-06 00:39:34 [breakdown] OK G2478/A-DSF (surface=ἰσχυρᾷ) [92/11409]
2026-08-06 00:40:35 [breakdown] FAIL G2478/A-GPM: None timed out
2026-08-06 00:40:36 [breakdown] FAIL G2478/A-NPF: 429 {"timestamp":"2026-08-06T05:40:36.927+00:00","status":429,"error":"Too Many Requests","path":"/ai/breakdown"}
2026-08-06 00:40:38 [breakdown] OK G2478/A-NPM-C (surface=ἰσχυρότεροι) [93/11409]
2026-08-06 00:41:27 [breakdown] OK G2478/A-NSF (surface=ἰσχυρὰ) [94/11409]
2026-08-06 00:41:28 [breakdown] FAIL G2478/A-NSM-C: 429 {"timestamp":"2026-08-06T05:41:28.742+00:00","status":429,"error":"Too Many Requests","path":"/ai/breakdown"}
2026-08-06 00:41:31 [breakdown] OK G2478/A-NSN-C (surface=ἰσχυρότερον) [95/11409]
2026-08-06 00:42:31 [breakdown] OK G2478/A-VSF (surface=ἰσχυρά) [96/11409]
2026-08-06 00:42:33 [breakdown] FAIL G2479/N-DSF: 429 {"timestamp":"2026-08-06T05:42:33.267+00:00","status":429,"error":"Too Many Requests","path":"/ai/breakdown"}
2026-08-06 00:42:36 [breakdown] OK G248/V-PAP-ASM (surface=ἀλοῶντα) [97/11409]
2026-08-06 00:43:37 [breakdown] FAIL G2480/V-AAI-2P: None timed out
2026-08-06 00:43:39 [breakdown] FAIL G2480/V-AAI-2S: 429 {"timestamp":"2026-08-06T05:43:38.999+00:00","status":429,"error":"Too Many Requests","path":"/ai/breakdown"}
2026-08-06 00:43:41 [breakdown] OK G2480/V-AAI-3S (surface=ἴσχυσεν) [98/11409]
2026-08-06 00:44:35 [breakdown] OK G2480/V-FAI-3P (surface=ἰσχύσουσιν) [99/11409]
2026-08-06 00:44:37 [breakdown] FAIL G2480/V-IAI-3S: 429 {"timestamp":"2026-08-06T05:44:37.060+00:00","status":429,"error":"Too Many Requests","path":"/ai/breakdown"}
2026-08-06 00:44:39 [breakdown] OK G2480/V-PAI-1S (surface=ἰσχύω) [100/11409]
2026-08-06 00:45:40 [breakdown] FAIL G2480/V-PAN: None timed out
2026-08-06 00:45:42 [breakdown] FAIL G2480/V-PAP-GSM: 429 {"timestamp":"2026-08-06T05:45:42.296+00:00","status":429,"error":"Too Many Requests","path":"/ai/breakdown"}
2026-08-06 00:45:44 [breakdown] OK G2481/ADV (surface=ἴσως) [101/11409]
2026-08-06 00:46:04 [breakdown] OK G2482/N-GSF-L (surface=Ἰταλίας) [102/11409]
2026-08-06 00:46:05 [breakdown] FAIL G2483/A-GSF-LG: 429 {"timestamp":"2026-08-06T05:46:05.741+00:00","status":429,"error":"Too Many Requests","path":"/ai/breakdown"}
2026-08-06 00:46:07 [breakdown] OK G2486/N-APM (surface=ἰχθύας) [103/11409]
2026-08-06 00:46:51 [breakdown] OK G2486/N-ASM (surface=ἰχθὺν) [104/11409]
2026-08-06 00:46:53 [breakdown] FAIL G2486/N-GSM: 429 {"timestamp":"2026-08-06T05:46:53.459+00:00","status":429,"error":"Too Many Requests","path":"/ai/breakdown"}
2026-08-06 00:46:55 [breakdown] OK G2488/N-ASM-P (surface=Ἰωαθάμ) [105/11409]
2026-08-06 00:47:56 [breakdown] FAIL G249/A-NPN: None timed out
2026-08-06 00:47:58 [breakdown] FAIL G2491/N-ASM-P: 429 {"timestamp":"2026-08-06T05:47:58.027+00:00","status":429,"error":"Too Many Requests","path":"/ai/breakdown"}
2026-08-06 00:48:00 [breakdown] OK G2491/N-NSM-P (surface=Ἰωάννης) [106/11409]
2026-08-06 00:49:02 [breakdown] FAIL G2494/N-GSM-P: None timed out
2026-08-06 00:49:03 [breakdown] FAIL G2495/N-GSM-P: 429 {"timestamp":"2026-08-06T05:49:03.716+00:00","status":429,"error":"Too Many Requests","path":"/ai/breakdown"}
2026-08-06 00:49:05 [breakdown] OK G2495/N-NSM-P (surface=Ἰωνᾶς) [107/11409]
2026-08-06 00:50:07 [breakdown] FAIL G2496/N-ASM-P: None timed out
2026-08-06 00:50:08 [breakdown] FAIL G2496/N-NSM-P: 429 {"timestamp":"2026-08-06T05:50:08.743+00:00","status":429,"error":"Too Many Requests","path":"/ai/breakdown"}
2026-08-06 00:50:11 [breakdown] OK G2497/N-GSM-P (surface=Ἰωρὶμ) [108/11409]
2026-08-06 00:50:30 [breakdown] OK G2498/N-ASM-P (surface=Ἰωσαφάτ) [109/11409]
2026-08-06 00:50:32 [breakdown] FAIL G2498/N-NSM-P: 429 {"timestamp":"2026-08-06T05:50:32.102+00:00","status":429,"error":"Too Many Requests","path":"/ai/breakdown"}
2026-08-06 00:50:34 [breakdown] OK G25/V-AAI-2S (surface=ἠγάπησάς) [110/11409]
2026-08-06 00:51:03 [breakdown] OK G25/V-AAM-2P (surface=ἀγαπήσατε) [111/11409]
2026-08-06 00:51:04 [breakdown] FAIL G25/V-AAS-2P: 429 {"timestamp":"2026-08-06T05:51:04.858+00:00","status":429,"error":"Too Many Requests","path":"/ai/breakdown"}
2026-08-06 00:51:07 [breakdown] OK G25/V-FAI-3S (surface=ἀγαπήσει) [112/11409]
2026-08-06 00:51:42 [breakdown] OK G25/V-IAI-3S (surface=ἠγάπα) [113/11409]
2026-08-06 00:51:45 [breakdown] FAIL G25/V-PAI-1S: 429 {"timestamp":"2026-08-06T05:51:45.107+00:00","status":429,"error":"Too Many Requests","path":"/ai/breakdown"}
2026-08-06 00:51:47 [breakdown] OK G25/V-PAI-2P (surface=ἀγαπᾶτε) [114/11409]
2026-08-06 00:52:14 [breakdown] OK G25/V-PAI-3S (surface=ἀγαπᾷ) [115/11409]
2026-08-06 00:52:16 [breakdown] FAIL G25/V-PAN: 429 {"timestamp":"2026-08-06T05:52:16.335+00:00","status":429,"error":"Too Many Requests","path":"/ai/breakdown"}
2026-08-06 00:52:18 [breakdown] OK G25/V-PAP-APM (surface=ἀγαπῶντας) [116/11409]
2026-08-06 00:53:19 [breakdown] FAIL G25/V-PAP-DPM: None timed out
2026-08-06 00:53:21 [breakdown] FAIL G25/V-PAP-DSM: 429 {"timestamp":"2026-08-06T05:53:21.561+00:00","status":429,"error":"Too Many Requests","path":"/ai/breakdown"}
2026-08-06 00:53:23 [breakdown] OK G25/V-PAS-1P (surface=ἀγαπῶμεν) [117/11409]
2026-08-06 00:53:57 [breakdown] OK G25/V-PPI-1S (surface=ἀγαπῶμαι) [118/11409]
2026-08-06 00:53:59 [breakdown] FAIL G25/V-RAI-1P: 429 {"timestamp":"2026-08-06T05:53:59.460+00:00","status":429,"error":"Too Many Requests","path":"/ai/breakdown"}
2026-08-06 00:54:01 [breakdown] OK G25/V-RPP-ASF (surface=ἠγαπημένην) [119/11409]
2026-08-06 00:55:02 [breakdown] OK G25/V-RPP-DPM (surface=ἠγαπημένοις) [120/11409]
2026-08-06 00:55:04 [breakdown] FAIL G25/V-RPP-DSM: 429 {"timestamp":"2026-08-06T05:55:04.444+00:00","status":429,"error":"Too Many Requests","path":"/ai/breakdown"}
2026-08-06 00:55:07 [breakdown] OK G25/V-RPP-NPM (surface=ἠγαπημένοι) [121/11409]
2026-08-06 00:55:23 [breakdown] OK G2500/N-GSM-P (surface=Ἰωσῆτος) [122/11409]
2026-08-06 00:55:24 [breakdown] FAIL G2501/N-DSM-P: 429 {"timestamp":"2026-08-06T05:55:24.755+00:00","status":429,"error":"Too Many Requests","path":"/ai/breakdown"}
2026-08-06 00:55:27 [breakdown] OK G2501/N-GSM-P (surface=Ἰωσὴφ) [123/11409]
2026-08-06 00:55:44 [breakdown] OK G2502/N-ASM-P (surface=Ἰωσίαν) [124/11409]
2026-08-06 00:55:46 [breakdown] FAIL G2504/P-1AS: 429 {"timestamp":"2026-08-06T05:55:46.055+00:00","status":429,"error":"Too Many Requests","path":"/ai/breakdown"}
2026-08-06 00:55:48 [breakdown] OK G2504/P-1NS (surface=Κἀγὼ) [125/11409]
2026-08-06 00:56:49 [breakdown] FAIL G2506/N-ASF: None timed out
2026-08-06 00:56:50 [breakdown] FAIL G2507/V-2AAI-3S: 429 {"timestamp":"2026-08-06T05:56:50.979+00:00","status":429,"error":"Too Many Requests","path":"/ai/breakdown"}
2026-08-06 00:56:53 [breakdown] OK G2507/V-2AAP-NPM (surface=καθελόντες) [126/11409]
2026-08-06 00:57:23 [breakdown] OK G2507/V-PAP-NPM (surface=καθαιροῦντες) [127/11409]
2026-08-06 00:57:24 [breakdown] FAIL G2509/CONJ: 429 {"timestamp":"2026-08-06T05:57:24.976+00:00","status":429,"error":"Too Many Requests","path":"/ai/breakdown"}
2026-08-06 00:57:27 [breakdown] OK G2511/V-AAM-2P (surface=καθαρίσατε) [128/11409]
2026-08-06 00:58:02 [breakdown] OK G2511/V-AAP-NSM (surface=καθαρίσας) [129/11409]
2026-08-06 00:58:04 [breakdown] FAIL G2511/V-API-3P: 429 {"timestamp":"2026-08-06T05:58:04.709+00:00","status":429,"error":"Too Many Requests","path":"/ai/breakdown"}
2026-08-06 00:58:07 [breakdown] OK G2511/V-FAI-3S (surface=καθαριεῖ) [130/11409]
2026-08-06 00:59:01 [breakdown] OK G2511/V-PAM-2P (surface=καθαρίζετε) [131/11409]
2026-08-06 00:59:03 [breakdown] FAIL G2511/V-PPI-3S: 429 {"timestamp":"2026-08-06T05:59:03.488+00:00","status":429,"error":"Too Many Requests","path":"/ai/breakdown"}
2026-08-06 00:59:05 [breakdown] OK G2512/N-ASM (surface=καθαρισμὸν) [132/11409]
2026-08-06 00:59:35 [breakdown] OK G2513/A-DPM (surface=καθαροῖς) [133/11409]
2026-08-06 00:59:37 [breakdown] FAIL G2513/A-DSN: 429 {"timestamp":"2026-08-06T05:59:37.281+00:00","status":429,"error":"Too Many Requests","path":"/ai/breakdown"}
2026-08-06 00:59:39 [breakdown] OK G2513/A-NPN (surface=καθαρά) [134/11409]
2026-08-06 01:00:40 [breakdown] FAIL G2513/A-NSN: None timed out
2026-08-06 01:00:42 [breakdown] FAIL G2515/N-GSF: 429 {"timestamp":"2026-08-06T06:00:42.143+00:00","status":429,"error":"Too Many Requests","path":"/ai/breakdown"}
2026-08-06 01:00:44 [breakdown] OK G2516/V-PNP-APM (surface=καθεζομένους) [135/11409]
2026-08-06 01:01:45 [breakdown] FAIL G2516/V-PNP-NSM: None timed out
2026-08-06 01:01:47 [breakdown] FAIL G2518/V-IAI-3S: 429 {"timestamp":"2026-08-06T06:01:47.129+00:00","status":429,"error":"Too Many Requests","path":"/ai/breakdown"}
2026-08-06 01:01:49 [breakdown] OK G2518/V-PAI-3P (surface=καθεύδουσιν) [136/11409]
2026-08-06 01:02:50 [breakdown] FAIL G2518/V-PAP-APM: None timed out
2026-08-06 01:02:52 [breakdown] FAIL G2518/V-PAP-VSM: 429 {"timestamp":"2026-08-06T06:02:52.356+00:00","status":429,"error":"Too Many Requests","path":"/ai/breakdown"}
2026-08-06 01:02:54 [breakdown] OK G2519/N-NPM (surface=καθηγηταί) [137/11409]
2026-08-06 01:03:15 [breakdown] OK G2519/N-NSM (surface=καθηγητὴς) [138/11409]
2026-08-06 01:03:16 [breakdown] FAIL G2520/V-IAI-3S: 429 {"timestamp":"2026-08-06T06:03:16.831+00:00","status":429,"error":"Too Many Requests","path":"/ai/breakdown"}
2026-08-06 01:03:19 [breakdown] OK G2520/V-PAP-APN (surface=καθήκοντα) [139/11409]
2026-08-06 01:04:20 [breakdown] FAIL G2521/V-INI-3S: None timed out
2026-08-06 01:04:22 [breakdown] FAIL G2521/V-PNI-3S: 429 {"timestamp":"2026-08-06T06:04:22.164+00:00","status":429,"error":"Too Many Requests","path":"/ai/breakdown"}
2026-08-06 01:04:24 [breakdown] OK G2521/V-PNP-APM (surface=καθημένους) [140/11409]
2026-08-06 01:04:47 [breakdown] OK G2521/V-PNP-DPM (surface=καθημένοις) [141/11409]
2026-08-06 01:04:48 [breakdown] FAIL G2521/V-PNP-GPM: 429 {"timestamp":"2026-08-06T06:04:48.686+00:00","status":429,"error":"Too Many Requests","path":"/ai/breakdown"}
2026-08-06 01:04:51 [breakdown] OK G2521/V-PNP-GSM (surface=καθημένου) [142/11409]
2026-08-06 01:05:13 [breakdown] OK G2521/V-PNP-NPF (surface=καθήμεναι) [143/11409]
2026-08-06 01:05:14 [breakdown] FAIL G2522/A-DSF: 429 {"timestamp":"2026-08-06T06:05:14.901+00:00","status":429,"error":"Too Many Requests","path":"/ai/breakdown"}
2026-08-06 01:05:17 [breakdown] OK G2523/V-AAI-3S (surface=Ἐκάθισεν) [144/11409]
2026-08-06 01:06:18 [breakdown] FAIL G2523/V-AAN: None timed out
2026-08-06 01:06:19 [breakdown] FAIL G2523/V-AAP-GSM: 429 {"timestamp":"2026-08-06T06:06:19.825+00:00","status":429,"error":"Too Many Requests","path":"/ai/breakdown"}
2026-08-06 01:06:22 [breakdown] OK G2523/V-AAS-1P (surface=καθίσωμεν) [145/11409]
2026-08-06 01:07:23 [breakdown] FAIL G2523/V-FAI-3S: None timed out
2026-08-06 01:07:24 [breakdown] FAIL G2524/V-AAI-3P: 429 {"timestamp":"2026-08-06T06:07:24.767+00:00","status":429,"error":"Too Many Requests","path":"/ai/breakdown"}
2026-08-06 01:07:26 [breakdown] OK G2525/V-AAI-3S (surface=κατέστησεν) [146/11409]
2026-08-06 01:07:51 [breakdown] OK G2525/V-FAI-1P (surface=καταστήσομεν) [147/11409]
2026-08-06 01:07:53 [breakdown] FAIL G2525/V-FPI-3P: 429 {"timestamp":"2026-08-06T06:07:53.113+00:00","status":429,"error":"Too Many Requests","path":"/ai/breakdown"}
2026-08-06 01:07:55 [breakdown] OK G2525/V-PPI-3S (surface=καθίσταται) [148/11409]
2026-08-06 01:08:56 [breakdown] FAIL G2528/V-RMP-NSM: None timed out
2026-08-06 01:08:57 [breakdown] FAIL G2530/CONJ: 429 {"timestamp":"2026-08-06T06:08:57.780+00:00","status":429,"error":"Too Many Requests","path":"/ai/breakdown"}
2026-08-06 01:09:00 [breakdown] OK G2533/N-ASM-P (surface=Καϊάφαν) [149/11409]
2026-08-06 01:09:37 [breakdown] OK G2535/N-ASM-P (surface=Κάϊν) [150/11409]
2026-08-06 01:09:39 [breakdown] FAIL G2536/N-GSM-P: 429 {"timestamp":"2026-08-06T06:09:39.512+00:00","status":429,"error":"Too Many Requests","path":"/ai/breakdown"}
2026-08-06 01:09:41 [breakdown] OK G2537/A-ASF (surface=Καινὴν) [151/11409]
2026-08-06 01:10:18 [breakdown] OK G2537/A-ASN-C (surface=καινότερον) [152/11409]
2026-08-06 01:10:19 [breakdown] FAIL G2537/A-GSF: 429 {"timestamp":"2026-08-06T06:10:19.548+00:00","status":429,"error":"Too Many Requests","path":"/ai/breakdown"}
2026-08-06 01:10:21 [breakdown] OK G2537/A-NPN (surface=καινά) [153/11409]
2026-08-06 01:11:23 [breakdown] FAIL G2537/A-NSF: None timed out
2026-08-06 01:11:24 [breakdown] FAIL G2537/A-NSN: 429 {"timestamp":"2026-08-06T06:11:24.374+00:00","status":429,"error":"Too Many Requests","path":"/ai/breakdown"}
2026-08-06 01:11:26 [breakdown] OK G2538/N-DSF (surface=καινότητι) [154/11409]
2026-08-06 01:12:27 [breakdown] FAIL G2539/CONJ: None timed out
2026-08-06 01:12:29 [breakdown] FAIL G254/N-DPF: 429 {"timestamp":"2026-08-06T06:12:29.288+00:00","status":429,"error":"Too Many Requests","path":"/ai/breakdown"}
2026-08-06 01:12:31 [breakdown] OK G2540/N-APM (surface=καιροὺς) [155/11409]
2026-08-06 01:13:32 [breakdown] FAIL G2540/N-DSM: None timed out
2026-08-06 01:13:34 [breakdown] FAIL G2540/N-NPM: 429 {"timestamp":"2026-08-06T06:13:34.014+00:00","status":429,"error":"Too Many Requests","path":"/ai/breakdown"}
2026-08-06 01:13:35 [breakdown] OK G2541/N-ASM-T (surface=Καίσαρα) [156/11409]
2026-08-06 01:14:37 [breakdown] FAIL G2541/N-DSM-T: None timed out
2026-08-06 01:14:38 [breakdown] FAIL G2542/N-DSF-L: 429 {"timestamp":"2026-08-06T06:14:38.730+00:00","status":429,"error":"Too Many Requests","path":"/ai/breakdown"}
2026-08-06 01:14:40 [breakdown] OK G2544/CONJ (surface=καίτοιγε) [157/11409]
2026-08-06 01:15:42 [breakdown] FAIL G2545/V-PPP-DSF: None timed out
2026-08-06 01:15:43 [breakdown] FAIL G2545/V-PPP-NPM: 429 {"timestamp":"2026-08-06T06:15:43.857+00:00","status":429,"error":"Too Many Requests","path":"/ai/breakdown"}
2026-08-06 01:15:46 [breakdown] OK G2545/V-PPP-NSN (surface=καιόμενον) [158/11409]
2026-08-06 01:16:03 [breakdown] OK G2547/ADV (surface=Κἀκεῖθεν) [159/11409]
2026-08-06 01:16:05 [breakdown] FAIL G2548/D-ASM: 429 {"timestamp":"2026-08-06T06:16:05.260+00:00","status":429,"error":"Too Many Requests","path":"/ai/breakdown"}
2026-08-06 01:16:07 [breakdown] OK G2548/D-NPN (surface=κἀκεῖνα) [160/11409]
2026-08-06 01:17:08 [breakdown] FAIL G2548/D-NSM: None timed out
2026-08-06 01:17:10 [breakdown] FAIL G2549/N-ASF: 429 {"timestamp":"2026-08-06T06:17:10.388+00:00","status":429,"error":"Too Many Requests","path":"/ai/breakdown"}
2026-08-06 01:17:12 [breakdown] OK G2549/N-GSF (surface=κακίας) [161/11409]
2026-08-06 01:17:30 [breakdown] OK G255/A-NSN (surface=ἀλυσιτελὲς) [162/11409]
2026-08-06 01:17:31 [breakdown] FAIL G2550/N-GSF: 429 {"timestamp":"2026-08-06T06:17:31.585+00:00","status":429,"error":"Too Many Requests","path":"/ai/breakdown"}
2026-08-06 01:17:33 [breakdown] OK G2551/V-PAP-NSM (surface=κακολογῶν) [163/11409]
2026-08-06 01:18:35 [breakdown] FAIL G2553/V-PAI-1S: None timed out
2026-08-06 01:18:36 [breakdown] FAIL G2554/V-PAP-APM: 429 {"timestamp":"2026-08-06T06:18:36.598+00:00","status":429,"error":"Too Many Requests","path":"/ai/breakdown"}
2026-08-06 01:18:38 [breakdown] OK G2555/N-NSM (surface=κακοποιὸς) [164/11409]
2026-08-06 01:19:40 [breakdown] FAIL G2556/A-ASF: None timed out
2026-08-06 01:19:41 [breakdown] FAIL G2556/A-DSN: 429 {"timestamp":"2026-08-06T06:19:41.645+00:00","status":429,"error":"Too Many Requests","path":"/ai/breakdown"}
2026-08-06 01:19:43 [breakdown] OK G2556/A-GPN (surface=κακῶν) [165/11409]
2026-08-06 01:20:44 [breakdown] FAIL G2556/A-NPM: None timed out
2026-08-06 01:20:46 [breakdown] FAIL G2556/A-NSN: 429 {"timestamp":"2026-08-06T06:20:46.457+00:00","status":429,"error":"Too Many Requests","path":"/ai/breakdown"}
2026-08-06 01:20:48 [breakdown] OK G2557/A-NPM (surface=κακοῦργοι) [166/11409]
2026-08-06 01:21:49 [breakdown] FAIL G2558/V-PPP-NPM: None timed out
2026-08-06 01:21:51 [breakdown] FAIL G2559/V-AAI-3P: 429 {"timestamp":"2026-08-06T06:21:51.587+00:00","status":429,"error":"Too Many Requests","path":"/ai/breakdown"}
2026-08-06 01:21:54 [breakdown] OK G2559/V-AAN (surface=κακῶσαί) [167/11409]
2026-08-06 01:22:19 [breakdown] OK G256/N-GSM-P (surface=Ἁλφαίου) [168/11409]
2026-08-06 01:22:21 [breakdown] FAIL G2561/N-ASF: 429 {"timestamp":"2026-08-06T06:22:21.195+00:00","status":429,"error":"Too Many Requests","path":"/ai/breakdown"}
2026-08-06 01:22:23 [breakdown] OK G2562/N-ASF (surface=καλάμην) [169/11409]
2026-08-06 01:23:24 [breakdown] FAIL G2563/N-GSM: None timed out
2026-08-06 01:23:26 [breakdown] FAIL G2564/V-AAI-3S: 429 {"timestamp":"2026-08-06T06:23:26.104+00:00","status":429,"error":"Too Many Requests","path":"/ai/breakdown"}
2026-08-06 01:23:28 [breakdown] OK G2564/V-AAN (surface=καλέσαι) [170/11409]
2026-08-06 01:24:29 [breakdown] FAIL G2564/V-AAP-NPM: None timed out
2026-08-06 01:24:31 [breakdown] FAIL G2564/V-API-2P: 429 {"timestamp":"2026-08-06T06:24:31.094+00:00","status":429,"error":"Too Many Requests","path":"/ai/breakdown"}
2026-08-06 01:24:33 [breakdown] OK G2564/V-APN (surface=κληθῆναι) [171/11409]
2026-08-06 01:24:56 [breakdown] OK G2564/V-APP-NSN (surface=κληθὲν) [172/11409]
2026-08-06 01:24:58 [breakdown] FAIL G2564/V-APS-2P: 429 {"timestamp":"2026-08-06T06:24:58.004+00:00","status":429,"error":"Too Many Requests","path":"/ai/breakdown"}
2026-08-06 01:25:00 [breakdown] OK G2564/V-APS-2S (surface=κληθῇς) [173/11409]
2026-08-06 01:26:01 [breakdown] FAIL G2564/V-FAI-2S: None timed out
2026-08-06 01:26:02 [breakdown] FAIL G2564/V-FAI-3P: 429 {"timestamp":"2026-08-06T06:26:02.984+00:00","status":429,"error":"Too Many Requests","path":"/ai/breakdown"}
2026-08-06 01:26:05 [breakdown] OK G2564/V-FPI-3S (surface=κληθήσεταί) [174/11409]
2026-08-06 01:26:37 [breakdown] OK G2564/V-PAI-2P (surface=καλεῖτε) [175/11409]
2026-08-06 01:26:38 [breakdown] FAIL G2564/V-PAI-3S: 429 {"timestamp":"2026-08-06T06:26:38.826+00:00","status":429,"error":"Too Many Requests","path":"/ai/breakdown"}
2026-08-06 01:26:41 [breakdown] OK G2564/V-PAP-GSM (surface=καλοῦντος) [176/11409]
2026-08-06 01:26:54 [breakdown] OK G2564/V-PAP-NSM (surface=καλῶν) [177/11409]
2026-08-06 01:26:55 [breakdown] FAIL G2564/V-PPI-3S: 429 {"timestamp":"2026-08-06T06:26:55.492+00:00","status":429,"error":"Too Many Requests","path":"/ai/breakdown"}
2026-08-06 01:26:57 [breakdown] OK G2564/V-PPN (surface=καλεῖσθαι) [178/11409]
2026-08-06 01:27:10 [breakdown] OK G2564/V-PPP-ASN (surface=καλούμενον) [179/11409]
2026-08-06 01:27:11 [breakdown] FAIL G2564/V-PPP-GSM: 429 {"timestamp":"2026-08-06T06:27:11.696+00:00","status":429,"error":"Too Many Requests","path":"/ai/breakdown"}
2026-08-06 01:27:13 [breakdown] OK G2564/V-PPP-NSM (surface=καλούμενος) [180/11409]
2026-08-06 01:28:15 [breakdown] FAIL G2564/V-RAI-3S: None timed out
2026-08-06 01:28:16 [breakdown] FAIL G2564/V-RAP-NSM: 429 {"timestamp":"2026-08-06T06:28:16.721+00:00","status":429,"error":"Too Many Requests","path":"/ai/breakdown"}
2026-08-06 01:28:18 [breakdown] OK G2564/V-RPI-3S (surface=κέκληταί) [181/11409]
2026-08-06 01:28:47 [breakdown] OK G2564/V-RPP-APM (surface=κεκλημένους) [182/11409]
2026-08-06 01:28:48 [breakdown] FAIL G2564/V-RPP-DPM: 429 {"timestamp":"2026-08-06T06:28:48.978+00:00","status":429,"error":"Too Many Requests","path":"/ai/breakdown"}
2026-08-06 01:28:50 [breakdown] OK G2564/V-RPP-NSM (surface=κεκλημένος) [183/11409]
2026-08-06 01:29:28 [breakdown] OK G2567/A-APF (surface=καλοδιδασκάλους) [184/11409]
2026-08-06 01:29:29 [breakdown] FAIL G2570/A-APM: 429 {"timestamp":"2026-08-06T06:29:29.592+00:00","status":429,"error":"Too Many Requests","path":"/ai/breakdown"}
2026-08-06 01:29:31 [breakdown] OK G2570/A-ASM (surface=καλόν) [185/11409]
2026-08-06 01:30:20 [breakdown] OK G2570/A-DPN (surface=καλοῖς) [186/11409]
2026-08-06 01:30:21 [breakdown] FAIL G2570/A-DSF: 429 {"timestamp":"2026-08-06T06:30:21.959+00:00","status":429,"error":"Too Many Requests","path":"/ai/breakdown"}
2026-08-06 01:30:24 [breakdown] OK G2570/A-DSN (surface=καλῷ) [187/11409]
2026-08-06 01:30:53 [breakdown] OK G2570/A-GPN (surface=καλῶν) [188/11409]
2026-08-06 01:30:55 [breakdown] FAIL G2570/A-NPM: 429 {"timestamp":"2026-08-06T06:30:55.126+00:00","status":429,"error":"Too Many Requests","path":"/ai/breakdown"}
2026-08-06 01:30:57 [breakdown] OK G2570/A-NSN (surface=καλὸν) [189/11409]
2026-08-06 01:31:58 [breakdown] FAIL G2572/V-AAM-2P: None timed out
2026-08-06 01:31:59 [breakdown] FAIL G2572/V-PPN: 429 {"timestamp":"2026-08-06T06:31:59.960+00:00","status":429,"error":"Too Many Requests","path":"/ai/breakdown"}
2026-08-06 01:32:02 [breakdown] OK G2573/ADV (surface=καλῶς) [190/11409]
2026-08-06 01:33:03 [breakdown] FAIL G2574/N-ASF: None timed out
2026-08-06 01:33:05 [breakdown] FAIL G2575/N-DSF: 429 {"timestamp":"2026-08-06T06:33:05.087+00:00","status":429,"error":"Too Many Requests","path":"/ai/breakdown"}
2026-08-06 01:33:07 [breakdown] OK G2577/V-2AAS-2P (surface=κάμητε) [191/11409]
2026-08-06 01:34:08 [breakdown] FAIL G2578/V-AAS-3S: None timed out
2026-08-06 01:34:09 [breakdown] FAIL G2579/ADV: 429 {"timestamp":"2026-08-06T06:34:09.908+00:00","status":429,"error":"Too Many Requests","path":"/ai/breakdown"}
2026-08-06 01:34:11 [breakdown] OK G258/N-NPF (surface=ἀλώπεκες) [192/11409]
2026-08-06 01:35:13 [breakdown] FAIL G2580/N-GSF-L: None timed out
2026-08-06 01:35:14 [breakdown] FAIL G2582/N-GSF-T: 429 {"timestamp":"2026-08-06T06:35:14.728+00:00","status":429,"error":"Too Many Requests","path":"/ai/breakdown"}
2026-08-06 01:35:16 [breakdown] OK G2583/N-GSM (surface=κανόνος) [193/11409]
2026-08-06 01:36:18 [breakdown] FAIL G2584/N-VSF-L: None timed out
2026-08-06 01:36:19 [breakdown] FAIL G2586/N-GSM: 429 {"timestamp":"2026-08-06T06:36:19.763+00:00","status":429,"error":"Too Many Requests","path":"/ai/breakdown"}
2026-08-06 01:36:21 [breakdown] OK G2587/N-GSF-L (surface=Καππαδοκίας) [194/11409]
2026-08-06 01:36:38 [breakdown] OK G2588/N-ASF (surface=καρδίαν) [195/11409]
2026-08-06 01:36:40 [breakdown] FAIL G2588/N-DPF: 429 {"timestamp":"2026-08-06T06:36:40.564+00:00","status":429,"error":"Too Many Requests","path":"/ai/breakdown"}
2026-08-06 01:36:43 [breakdown] OK G2588/N-GSF (surface=καρδίας) [196/11409]
2026-08-06 01:37:34 [breakdown] OK G2589/N-NSM (surface=καρδιογνώστης) [197/11409]
2026-08-06 01:37:36 [breakdown] FAIL G2590/N-APM: 429 {"timestamp":"2026-08-06T06:37:36.146+00:00","status":429,"error":"Too Many Requests","path":"/ai/breakdown"}
2026-08-06 01:37:38 [breakdown] OK G2590/N-GPM (surface=καρπῶν) [198/11409]
2026-08-06 01:37:55 [breakdown] OK G2590/N-GSM (surface=καρποῦ) [199/11409]
2026-08-06 01:37:56 [breakdown] FAIL G2592/V-AAN: 429 {"timestamp":"2026-08-06T06:37:56.973+00:00","status":429,"error":"Too Many Requests","path":"/ai/breakdown"}
2026-08-06 01:37:59 [breakdown] OK G2592/V-PAI-3S (surface=καρποφορεῖ) [200/11409]
2026-08-06 01:38:35 [breakdown] OK G2593/A-APM (surface=καρποφόρους) [201/11409]
2026-08-06 01:38:37 [breakdown] FAIL G2595/N-ASN: 429 {"timestamp":"2026-08-06T06:38:37.495+00:00","status":429,"error":"Too Many Requests","path":"/ai/breakdown"}
2026-08-06 01:38:40 [breakdown] OK G2596/PREP (surface=καθ᾽) [202/11409]
2026-08-06 01:39:17 [breakdown] OK G2597/V-2AAI-3S (surface=κατέβη) [203/11409]
2026-08-06 01:39:19 [breakdown] FAIL G2597/V-2AAM-2S: 429 {"timestamp":"2026-08-06T06:39:19.375+00:00","status":429,"error":"Too Many Requests","path":"/ai/breakdown"}
2026-08-06 01:39:21 [breakdown] OK G2597/V-2AAM-3S (surface=καταβάτω) [204/11409]
2026-08-06 01:39:50 [breakdown] OK G2597/V-2AAN (surface=καταβῆναι) [205/11409]
2026-08-06 01:39:52 [breakdown] FAIL G2597/V-2AAP-NPM: 429 {"timestamp":"2026-08-06T06:39:52.248+00:00","status":429,"error":"Too Many Requests","path":"/ai/breakdown"}
2026-08-06 01:39:54 [breakdown] OK G2597/V-FDI-2S (surface=καταβήσῃ) [206/11409]
2026-08-06 01:40:55 [breakdown] FAIL G2597/V-PAI-3S: None timed out
2026-08-06 01:40:57 [breakdown] FAIL G2597/V-PAP-ASF: 429 {"timestamp":"2026-08-06T06:40:57.470+00:00","status":429,"error":"Too Many Requests","path":"/ai/breakdown"}
2026-08-06 01:40:59 [breakdown] OK G2597/V-PAP-GPM (surface=καταβαινόντων) [207/11409]
2026-08-06 01:41:28 [breakdown] OK G2597/V-PAP-NSF (surface=καταβαίνουσα) [208/11409]
2026-08-06 01:41:29 [breakdown] FAIL G2597/V-RAI-1S: 429 {"timestamp":"2026-08-06T06:41:29.931+00:00","status":429,"error":"Too Many Requests","path":"/ai/breakdown"}
2026-08-06 01:41:32 [breakdown] OK G2599/V-AAI-1S (surface=κατεβάρησα) [209/11409]
2026-08-06 01:42:03 [breakdown] OK G26/N-DSF (surface=ἀγάπῃ) [210/11409]
2026-08-06 01:42:05 [breakdown] FAIL G260/ADV: 429 {"timestamp":"2026-08-06T06:42:05.142+00:00","status":429,"error":"Too Many Requests","path":"/ai/breakdown"}
2026-08-06 01:42:07 [breakdown] OK G2602/N-GSF (surface=καταβολῆς) [211/11409]
2026-08-06 01:42:30 [breakdown] OK G2605/V-2API-3S (surface=κατηγγέλη) [212/11409]
2026-08-06 01:42:32 [breakdown] FAIL G2605/V-IAI-3P: 429 {"timestamp":"2026-08-06T06:42:32.191+00:00","status":429,"error":"Too Many Requests","path":"/ai/breakdown"}
2026-08-06 01:42:34 [breakdown] OK G2605/V-PAI-2P (surface=καταγγέλλετε) [213/11409]
2026-08-06 01:43:18 [breakdown] OK G2605/V-PAP-DPM (surface=καταγγέλλουσιν) [214/11409]
2026-08-06 01:43:20 [breakdown] FAIL G2606/V-IAI-3P: 429 {"timestamp":"2026-08-06T06:43:20.525+00:00","status":429,"error":"Too Many Requests","path":"/ai/breakdown"}
2026-08-06 01:43:23 [breakdown] OK G2608/V-2AAI-3P (surface=κατέαξαν) [215/11409]
2026-08-06 01:44:01 [breakdown] OK G2609/V-2AAI-1S (surface=κατήγαγον) [216/11409]
2026-08-06 01:44:03 [breakdown] FAIL G2609/V-2AAP-NPM: 429 {"timestamp":"2026-08-06T06:44:03.330+00:00","status":429,"error":"Too Many Requests","path":"/ai/breakdown"}
2026-08-06 01:44:05 [breakdown] OK G2609/V-2AAS-3S (surface=καταγάγῃ) [217/11409]
2026-08-06 01:44:46 [breakdown] OK G261/A-NPM (surface=ἀμαθεῖς) [218/11409]
2026-08-06 01:44:47 [breakdown] FAIL G2612/A-NSN: 429 {"timestamp":"2026-08-06T06:44:47.977+00:00","status":429,"error":"Too Many Requests","path":"/ai/breakdown"}
2026-08-06 01:44:50 [breakdown] OK G2613/V-APS-2P (surface=καταδικασθῆτε) [219/11409]
2026-08-06 01:45:11 [breakdown] OK G2613/V-FPI-2S (surface=καταδικασθήσῃ) [220/11409]
2026-08-06 01:45:12 [breakdown] FAIL G2615/V-FAI-3P: 429 {"timestamp":"2026-08-06T06:45:12.818+00:00","status":429,"error":"Too Many Requests","path":"/ai/breakdown"}
2026-08-06 01:45:15 [breakdown] OK G2615/V-PAI-3S (surface=καταδουλοῖ) [221/11409]
2026-08-06 01:46:16 [breakdown] FAIL G2616/V-PPP-APM: None timed out
2026-08-06 01:46:18 [breakdown] FAIL G2617/V-API-1S: 429 {"timestamp":"2026-08-06T06:46:18.300+00:00","status":429,"error":"Too Many Requests","path":"/ai/breakdown"}
2026-08-06 01:46:20 [breakdown] OK G2617/V-APS-1P (surface=καταισχυνθῶμεν) [222/11409]
2026-08-06 01:46:40 [breakdown] OK G2617/V-APS-3P (surface=καταισχυνθῶσιν) [223/11409]
2026-08-06 01:46:41 [breakdown] FAIL G2617/V-IPI-3P: 429 {"timestamp":"2026-08-06T06:46:41.747+00:00","status":429,"error":"Too Many Requests","path":"/ai/breakdown"}
2026-08-06 01:46:44 [breakdown] OK G2617/V-PAS-3S (surface=καταισχύνῃ) [224/11409]
2026-08-06 01:47:45 [breakdown] FAIL G2618/V-AAN: None timed out
2026-08-06 01:47:46 [breakdown] FAIL G2618/V-FPI-3S: 429 {"timestamp":"2026-08-06T06:47:46.776+00:00","status":429,"error":"Too Many Requests","path":"/ai/breakdown"}
2026-08-06 01:47:49 [breakdown] OK G2619/V-PMI-3S (surface=κατακαλύπτεται) [225/11409]
2026-08-06 01:48:50 [breakdown] FAIL G262/A-ASM: None timed out
2026-08-06 01:48:52 [breakdown] FAIL G2620/V-PNM-2P: 429 {"timestamp":"2026-08-06T06:48:52.002+00:00","status":429,"error":"Too Many Requests","path":"/ai/breakdown"}
2026-08-06 01:48:54 [breakdown] OK G2621/V-PNI-3S (surface=κατάκειται) [226/11409]
2026-08-06 01:49:55 [breakdown] FAIL G2621/V-PNP-GSM: None timed out
2026-08-06 01:49:56 [breakdown] FAIL G2623/V-AAI-1S: 429 {"timestamp":"2026-08-06T06:49:56.837+00:00","status":429,"error":"Too Many Requests","path":"/ai/breakdown"}
2026-08-06 01:49:59 [breakdown] OK G2625/V-AAI-3P (surface=κατέκλιναν) [227/11409]
2026-08-06 01:50:20 [breakdown] OK G2625/V-APN (surface=κατακλιθῆναι) [228/11409]
2026-08-06 01:50:22 [breakdown] FAIL G2627/N-ASM: 429 {"timestamp":"2026-08-06T06:50:22.437+00:00","status":429,"error":"Too Many Requests","path":"/ai/breakdown"}
2026-08-06 01:50:24 [breakdown] OK G2628/V-AAP-NPF (surface=Κατακολουθήσασαι) [229/11409]
2026-08-06 01:50:54 [breakdown] OK G263/A-ASF (surface=ἀμάραντον) [230/11409]
2026-08-06 01:50:56 [breakdown] FAIL G2631/N-NSN: 429 {"timestamp":"2026-08-06T06:50:56.125+00:00","status":429,"error":"Too Many Requests","path":"/ai/breakdown"}
2026-08-06 01:50:58 [breakdown] OK G2632/V-API-3S (surface=κατεκρίθη) [231/11409]
2026-08-06 01:51:59 [breakdown] FAIL G2632/V-APS-1P: None timed out
2026-08-06 01:52:00 [breakdown] FAIL G2632/V-FAI-3S: 429 {"timestamp":"2026-08-06T06:52:00.938+00:00","status":429,"error":"Too Many Requests","path":"/ai/breakdown"}
2026-08-06 01:52:03 [breakdown] OK G2632/V-PAI-2S (surface=κατακρίνεις) [232/11409]
2026-08-06 01:52:30 [breakdown] OK G2633/N-ASF (surface=κατάκρισιν) [233/11409]
2026-08-06 01:52:32 [breakdown] FAIL G2634/V-PAI-3P: 429 {"timestamp":"2026-08-06T06:52:32.373+00:00","status":429,"error":"Too Many Requests","path":"/ai/breakdown"}
2026-08-06 01:52:34 [breakdown] OK G2635/V-PAI-3S (surface=καταλαλεῖ) [234/11409]
2026-08-06 01:52:58 [breakdown] OK G2635/V-PAP-NSM (surface=καταλαλῶν) [235/11409]
2026-08-06 01:53:00 [breakdown] FAIL G2635/V-PPI-2P: 429 {"timestamp":"2026-08-06T06:53:00.033+00:00","status":429,"error":"Too Many Requests","path":"/ai/breakdown"}
2026-08-06 01:53:02 [breakdown] OK G2637/A-APM (surface=καταλάλους) [236/11409]
2026-08-06 01:54:04 [breakdown] FAIL G2638/V-2AAI-3S: None timed out
2026-08-06 01:54:05 [breakdown] FAIL G2638/V-2AAS-2P: 429 {"timestamp":"2026-08-06T06:54:05.551+00:00","status":429,"error":"Too Many Requests","path":"/ai/breakdown"}
2026-08-06 01:54:07 [breakdown] OK G2638/V-2AMN (surface=καταλαβέσθαι) [237/11409]
2026-08-06 01:55:08 [breakdown] FAIL G2638/V-API-1S: None timed out
2026-08-06 01:55:10 [breakdown] FAIL G2638/V-PMI-1S: 429 {"timestamp":"2026-08-06T06:55:10.483+00:00","status":429,"error":"Too Many Requests","path":"/ai/breakdown"}
2026-08-06 01:55:12 [breakdown] OK G2638/V-RPP-ASF (surface=κατειλημμένην) [238/11409]
2026-08-06 01:56:14 [breakdown] FAIL G264/V-2AAI-1S: None timed out
2026-08-06 01:56:15 [breakdown] FAIL G264/V-2AAI-2S: 429 {"timestamp":"2026-08-06T06:56:15.712+00:00","status":429,"error":"Too Many Requests","path":"/ai/breakdown"}
2026-08-06 01:56:17 [breakdown] OK G264/V-2AAI-3P (surface=ἥμαρτον) [239/11409]
2026-08-06 01:56:40 [breakdown] OK G264/V-2AAS-2P (surface=ἁμάρτητε) [240/11409]
2026-08-06 01:56:42 [breakdown] FAIL G264/V-AAP-DPM: 429 {"timestamp":"2026-08-06T06:56:42.236+00:00","status":429,"error":"Too Many Requests","path":"/ai/breakdown"}
2026-08-06 01:56:44 [breakdown] OK G264/V-AAS-1P (surface=ἁμαρτήσωμεν) [241/11409]
2026-08-06 01:57:00 [breakdown] OK G264/V-PAI-2P (surface=ἁμαρτάνετε) [242/11409]
2026-08-06 01:57:02 [breakdown] FAIL G264/V-PAM-2S: 429 {"timestamp":"2026-08-06T06:57:02.204+00:00","status":429,"error":"Too Many Requests","path":"/ai/breakdown"}
2026-08-06 01:57:04 [breakdown] OK G264/V-PAP-ASM (surface=ἁμαρτάνοντα) [243/11409]
2026-08-06 01:57:27 [breakdown] OK G264/V-PAP-NPM (surface=ἁμαρτάνοντες) [244/11409]
2026-08-06 01:57:29 [breakdown] FAIL G264/V-RAI-1P: 429 {"timestamp":"2026-08-06T06:57:29.138+00:00","status":429,"error":"Too Many Requests","path":"/ai/breakdown"}
2026-08-06 01:57:31 [breakdown] OK G2641/V-2AAI-1S (surface=Κατέλιπον) [245/11409]
2026-08-06 01:58:32 [breakdown] FAIL G2641/V-2AAP-NPM: None timed out
2026-08-06 01:58:33 [breakdown] FAIL G2641/V-AAP-APM: 429 {"timestamp":"2026-08-06T06:58:33.957+00:00","status":429,"error":"Too Many Requests","path":"/ai/breakdown"}
2026-08-06 01:58:36 [breakdown] OK G2641/V-FAI-3S (surface=καταλείψει) [246/11409]
2026-08-06 01:58:58 [breakdown] OK G2641/V-RPP-NSM (surface=καταλελειμμένος) [247/11409]
2026-08-06 01:58:59 [breakdown] FAIL G2643/N-GSF: 429 {"timestamp":"2026-08-06T06:58:59.966+00:00","status":429,"error":"Too Many Requests","path":"/ai/breakdown"}
2026-08-06 01:59:02 [breakdown] OK G2644/V-2APM-2P (surface=καταλλάγητε) [248/11409]
2026-08-06 01:59:47 [breakdown] OK G2644/V-AAP-GSM (surface=καταλλάξαντος) [249/11409]
2026-08-06 01:59:49 [breakdown] FAIL G2645/A-NPM: 429 {"timestamp":"2026-08-06T06:59:49.221+00:00","status":429,"error":"Too Many Requests","path":"/ai/breakdown"}
2026-08-06 01:59:51 [breakdown] OK G2646/N-DSN (surface=καταλύματι) [250/11409]
2026-08-06 02:00:52 [breakdown] FAIL G2647/V-AAN: None timed out
2026-08-06 02:00:54 [breakdown] FAIL G2647/V-AAS-3P: 429 {"timestamp":"2026-08-06T07:00:54.065+00:00","status":429,"error":"Too Many Requests","path":"/ai/breakdown"}
2026-08-06 02:00:56 [breakdown] OK G2647/V-FAI-1S (surface=καταλύσω) [251/11409]
2026-08-06 02:01:57 [breakdown] FAIL G2647/V-FPI-3S: None timed out
2026-08-06 02:01:59 [breakdown] FAIL G2647/V-PAM-2S: 429 {"timestamp":"2026-08-06T07:01:59.145+00:00","status":429,"error":"Too Many Requests","path":"/ai/breakdown"}
2026-08-06 02:02:01 [breakdown] OK G2649/V-PAI-3P (surface=καταμαρτυροῦσιν) [252/11409]
2026-08-06 02:03:02 [breakdown] FAIL G265/N-NPN: None timed out
2026-08-06 02:03:03 [breakdown] FAIL G2652/N-NSN: 429 {"timestamp":"2026-08-06T07:03:03.992+00:00","status":429,"error":"Too Many Requests","path":"/ai/breakdown"}
2026-08-06 02:03:06 [breakdown] OK G2655/V-AAI-1S (surface=κατενάρκησα) [253/11409]
2026-08-06 02:04:07 [breakdown] FAIL G2657/V-AAI-3S: None timed out
2026-08-06 02:04:08 [breakdown] FAIL G2657/V-AAP-NSM: 429 {"timestamp":"2026-08-06T07:04:08.813+00:00","status":429,"error":"Too Many Requests","path":"/ai/breakdown"}
2026-08-06 02:04:11 [breakdown] OK G2657/V-PAI-2S (surface=κατανοεῖς) [254/11409]
2026-08-06 02:05:12 [breakdown] FAIL G2658/V-AAI-1P: None timed out
2026-08-06 02:05:13 [breakdown] FAIL G2658/V-AAI-3S: 429 {"timestamp":"2026-08-06T07:05:13.838+00:00","status":429,"error":"Too Many Requests","path":"/ai/breakdown"}
2026-08-06 02:05:15 [breakdown] OK G2658/V-AAN (surface=καταντῆσαι) [255/11409]
2026-08-06 02:05:41 [breakdown] OK G2658/V-AAS-1S (surface=καταντήσω) [256/11409]
2026-08-06 02:05:43 [breakdown] FAIL G266/N-DSF: 429 {"timestamp":"2026-08-06T07:05:43.432+00:00","status":429,"error":"Too Many Requests","path":"/ai/breakdown"}
2026-08-06 02:05:45 [breakdown] OK G266/N-NPF (surface=ἁμαρτίαι) [257/11409]
2026-08-06 02:06:46 [breakdown] FAIL G266/N-NSF: None timed out
2026-08-06 02:06:48 [breakdown] FAIL G2661/V-API-3P: 429 {"timestamp":"2026-08-06T07:06:48.267+00:00","status":429,"error":"Too Many Requests","path":"/ai/breakdown"}
2026-08-06 02:06:50 [breakdown] OK G2662/V-AAP-NSM (surface=καταπατήσας) [258/11409]
2026-08-06 02:07:51 [breakdown] FAIL G2662/V-PAN: None timed out
2026-08-06 02:07:53 [breakdown] FAIL G2663/N-GSF: 429 {"timestamp":"2026-08-06T07:07:53.074+00:00","status":429,"error":"Too Many Requests","path":"/ai/breakdown"}
2026-08-06 02:07:55 [breakdown] OK G2665/N-ASN (surface=καταπέτασμα) [259/11409]
2026-08-06 02:08:56 [breakdown] FAIL G2666/V-2AAI-3S: None timed out
2026-08-06 02:08:58 [breakdown] FAIL G2666/V-API-3S: 429 {"timestamp":"2026-08-06T07:08:58.264+00:00","status":429,"error":"Too Many Requests","path":"/ai/breakdown"}
2026-08-06 02:09:00 [breakdown] OK G2667/V-2AAI-3S (surface=κατέπεσεν) [260/11409]
2026-08-06 02:10:02 [breakdown] FAIL G2668/V-AAI-3P: None timed out
2026-08-06 02:10:03 [breakdown] FAIL G267/A-ASM: 429 {"timestamp":"2026-08-06T07:10:03.638+00:00","status":429,"error":"Too Many Requests","path":"/ai/breakdown"}
2026-08-06 02:10:06 [breakdown] OK G2671/N-ASF (surface=κατάραν) [261/11409]
2026-08-06 02:11:07 [breakdown] FAIL G2672/V-ADI-2S: None timed out
2026-08-06 02:11:09 [breakdown] FAIL G2672/V-PNP-APM: 429 {"timestamp":"2026-08-06T07:11:09.277+00:00","status":429,"error":"Too Many Requests","path":"/ai/breakdown"}
2026-08-06 02:11:11 [breakdown] OK G2673/V-AAP-GSM (surface=καταργήσαντος) [262/11409]
2026-08-06 02:12:12 [breakdown] FAIL G2673/V-API-1P: None timed out
2026-08-06 02:12:14 [breakdown] FAIL G2673/V-FAI-3S: 429 {"timestamp":"2026-08-06T07:12:14.203+00:00","status":429,"error":"Too Many Requests","path":"/ai/breakdown"}
2026-08-06 02:12:16 [breakdown] OK G2673/V-PAI-1P (surface=καταργοῦμεν) [263/11409]
2026-08-06 02:13:17 [breakdown] FAIL G2673/V-PPP-ASF: None timed out
2026-08-06 02:13:19 [breakdown] FAIL G2673/V-PPP-NSN: 429 {"timestamp":"2026-08-06T07:13:19.327+00:00","status":429,"error":"Too Many Requests","path":"/ai/breakdown"}
2026-08-06 02:13:21 [breakdown] OK G2674/V-RPP-NSM (surface=κατηριθμημένος) [264/11409]
2026-08-06 02:14:22 [breakdown] FAIL G2675/V-AMI-2S: None timed out
2026-08-06 02:14:24 [breakdown] FAIL G2675/V-PAP-APM: 429 {"timestamp":"2026-08-06T07:14:24.456+00:00","status":429,"error":"Too Many Requests","path":"/ai/breakdown"}
2026-08-06 02:14:27 [breakdown] OK G2675/V-RPP-APN (surface=κατηρτισμένα) [265/11409]
2026-08-06 02:15:28 [breakdown] FAIL G2676/N-ASF: None timed out
2026-08-06 02:15:30 [breakdown] FAIL G2678/V-AAP-NSM: 429 {"timestamp":"2026-08-06T07:15:30.199+00:00","status":429,"error":"Too Many Requests","path":"/ai/breakdown"}
2026-08-06 02:15:32 [breakdown] OK G268/A-APM (surface=ἁμαρτωλούς) [266/11409]
2026-08-06 02:16:33 [breakdown] FAIL G268/A-DSF: None timed out
2026-08-06 02:16:35 [breakdown] FAIL G268/A-GPM: 429 {"timestamp":"2026-08-06T07:16:35.537+00:00","status":429,"error":"Too Many Requests","path":"/ai/breakdown"}
2026-08-06 02:16:37 [breakdown] OK G268/A-NPM (surface=ἁμαρτωλοὶ) [267/11409]
2026-08-06 02:17:38 [breakdown] FAIL G268/A-VPM: None timed out
2026-08-06 02:17:40 [breakdown] FAIL G2680/V-API-3S: 429 {"timestamp":"2026-08-06T07:17:40.251+00:00","status":429,"error":"Too Many Requests","path":"/ai/breakdown"}
2026-08-06 02:17:42 [breakdown] OK G2680/V-PPP-GSF (surface=κατασκευαζομένης) [268/11409]
2026-08-06 02:18:43 [breakdown] FAIL G2681/V-AAI-3S: None timed out
2026-08-06 02:18:45 [breakdown] FAIL G2682/N-APF: 429 {"timestamp":"2026-08-06T07:18:45.276+00:00","status":429,"error":"Too Many Requests","path":"/ai/breakdown"}
2026-08-06 02:18:47 [breakdown] OK G2685/N-APM (surface=κατασκόπους) [269/11409]
2026-08-06 02:19:48 [breakdown] FAIL G2687/V-AAP-NSM: None timed out
2026-08-06 02:19:50 [breakdown] FAIL G2687/V-RPP-APM: 429 {"timestamp":"2026-08-06T07:19:50.096+00:00","status":429,"error":"Too Many Requests","path":"/ai/breakdown"}
2026-08-06 02:19:52 [breakdown] OK G269/A-APM (surface=ἀμάχους) [270/11409]
2026-08-06 02:20:53 [breakdown] FAIL G2691/V-AAS-3P: None timed out
2026-08-06 02:20:54 [breakdown] FAIL G2694/V-PAS-3S: 429 {"timestamp":"2026-08-06T07:20:54.815+00:00","status":429,"error":"Too Many Requests","path":"/ai/breakdown"}
2026-08-06 02:20:56 [breakdown] OK G2696/V-RPP-ASN (surface=κατεσφραγισμένον) [271/11409]
2026-08-06 02:21:58 [breakdown] FAIL G2697/N-ASF: None timed out
2026-08-06 02:21:59 [breakdown] FAIL G2699/N-ASF: 429 {"timestamp":"2026-08-06T07:21:59.512+00:00","status":429,"error":"Too Many Requests","path":"/ai/breakdown"}
2026-08-06 02:22:01 [breakdown] OK G27/A-ASM (surface=ἀγαπητόν) [272/11409]
2026-08-06 02:23:02 [breakdown] FAIL G27/A-DSN: None timed out
2026-08-06 02:23:04 [breakdown] FAIL G27/A-NPN: 429 {"timestamp":"2026-08-06T07:23:04.355+00:00","status":429,"error":"Too Many Requests","path":"/ai/breakdown"}
2026-08-06 02:23:06 [breakdown] OK G27/A-VPM (surface=ἀγαπητοί) [273/11409]
2026-08-06 02:24:07 [breakdown] FAIL G2701/V-2AAI-3S: None timed out
2026-08-06 02:24:09 [breakdown] FAIL G2702/V-PAP-NPM: 429 {"timestamp":"2026-08-06T07:24:09.130+00:00","status":429,"error":"Too Many Requests","path":"/ai/breakdown"}
2026-08-06 02:24:11 [breakdown] OK G2703/V-2AAP-NPM (surface=καταφυγόντες) [274/11409]
2026-08-06 02:25:13 [breakdown] FAIL G2705/V-AAI-3S: None timed out
2026-08-06 02:25:14 [breakdown] FAIL G2705/V-IAI-3P: 429 {"timestamp":"2026-08-06T07:25:14.610+00:00","status":429,"error":"Too Many Requests","path":"/ai/breakdown"}
2026-08-06 02:25:16 [breakdown] OK G2706/V-AAP-NSM (surface=καταφρονήσας) [275/11409]
2026-08-06 02:26:18 [breakdown] FAIL G2706/V-PAI-2P: None timed out
2026-08-06 02:26:19 [breakdown] FAIL G2706/V-PAM-3S: 429 {"timestamp":"2026-08-06T07:26:19.738+00:00","status":429,"error":"Too Many Requests","path":"/ai/breakdown"}
2026-08-06 02:26:21 [breakdown] OK G2707/N-VPM (surface=καταφρονηταί) [276/11409]
2026-08-06 02:27:23 [breakdown] FAIL G2708/V-AAI-3S: None timed out
2026-08-06 02:27:24 [breakdown] FAIL G2710/V-ADN: 429 {"timestamp":"2026-08-06T07:27:24.661+00:00","status":429,"error":"Too Many Requests","path":"/ai/breakdown"}
2026-08-06 02:27:27 [breakdown] OK G2712/A-ASF (surface=κατείδωλον) [277/11409]
2026-08-06 02:28:28 [breakdown] FAIL G2714/PREP: None timed out
2026-08-06 02:28:30 [breakdown] FAIL G2716/V-ADP-ASM: 429 {"timestamp":"2026-08-06T07:28:30.007+00:00","status":429,"error":"Too Many Requests","path":"/ai/breakdown"}
2026-08-06 02:28:32 [breakdown] OK G2716/V-API-3S (surface=κατειργάσθη) [278/11409]
2026-08-06 02:29:33 [breakdown] FAIL G2716/V-PNM-2P: None timed out
2026-08-06 02:29:35 [breakdown] FAIL G2716/V-PNP-NPM: 429 {"timestamp":"2026-08-06T07:29:35.122+00:00","status":429,"error":"Too Many Requests","path":"/ai/breakdown"}
2026-08-06 02:29:37 [breakdown] OK G2718/V-2AAI-1P (surface=κατήλθομεν) [279/11409]
2026-08-06 02:30:38 [breakdown] FAIL G2718/V-2AAN: None timed out
2026-08-06 02:30:40 [breakdown] FAIL G2718/V-2AAP-NPM: 429 {"timestamp":"2026-08-06T07:30:40.056+00:00","status":429,"error":"Too Many Requests","path":"/ai/breakdown"}
2026-08-06 02:30:42 [breakdown] OK G2718/V-2AAP-NSM (surface=κατελθὼν) [280/11409]
2026-08-06 02:31:43 [breakdown] FAIL G2719/V-2AAI-3S: None timed out
2026-08-06 02:31:45 [breakdown] FAIL G2719/V-2AAS-3S: 429 {"timestamp":"2026-08-06T07:31:45.070+00:00","status":429,"error":"Too Many Requests","path":"/ai/breakdown"}
2026-08-06 02:31:47 [breakdown] OK G2719/V-PAI-3P (surface=κατεσθίουσιν) [281/11409]
2026-08-06 02:32:48 [breakdown] FAIL G272/V-AAI-1S: None timed out
2026-08-06 02:32:50 [breakdown] FAIL G2720/V-AAN: 429 {"timestamp":"2026-08-06T07:32:50.096+00:00","status":429,"error":"Too Many Requests","path":"/ai/breakdown"}
2026-08-06 02:32:52 [breakdown] OK G2722/V-2AAS-1P (surface=κατάσχωμεν) [282/11409]
2026-08-06 02:33:53 [breakdown] FAIL G2722/V-PAI-2P: None timed out
2026-08-06 02:33:54 [breakdown] FAIL G2722/V-PAN: 429 {"timestamp":"2026-08-06T07:33:54.801+00:00","status":429,"error":"Too Many Requests","path":"/ai/breakdown"}
2026-08-06 02:33:57 [breakdown] OK G2722/V-PAP-NPM (surface=κατέχοντες) [283/11409]
2026-08-06 02:34:58 [breakdown] FAIL G2723/V-AAS-3P: None timed out
2026-08-06 02:35:00 [breakdown] FAIL G2723/V-PAI-1P: 429 {"timestamp":"2026-08-06T07:35:00.055+00:00","status":429,"error":"Too Many Requests","path":"/ai/breakdown"}
2026-08-06 02:35:02 [breakdown] OK G2723/V-PAM-3P (surface=κατηγορείτωσαν) [284/11409]
2026-08-06 02:36:03 [breakdown] FAIL G2723/V-PAP-NPM: None timed out
2026-08-06 02:36:05 [breakdown] FAIL G2723/V-PPN: 429 {"timestamp":"2026-08-06T07:36:05.174+00:00","status":429,"error":"Too Many Requests","path":"/ai/breakdown"}
2026-08-06 02:36:07 [breakdown] OK G2723/V-PPP-NSM (surface=κατηγορούμενος) [285/11409]
2026-08-06 02:37:08 [breakdown] FAIL G2724/N-ASF: None timed out
2026-08-06 02:37:10 [breakdown] FAIL G2724/N-DSF: 429 {"timestamp":"2026-08-06T07:37:10.194+00:00","status":429,"error":"Too Many Requests","path":"/ai/breakdown"}
2026-08-06 02:37:12 [breakdown] OK G2725/N-NPM (surface=κατήγοροί) [286/11409]
2026-08-06 02:38:13 [breakdown] FAIL G2727/V-API-2S: None timed out
2026-08-06 02:38:14 [breakdown] FAIL G2727/V-PPP-NSM: 429 {"timestamp":"2026-08-06T07:38:14.925+00:00","status":429,"error":"Too Many Requests","path":"/ai/breakdown"}
2026-08-06 02:38:17 [breakdown] OK G2727/V-RPI-3P (surface=κατήχηνται) [287/11409]
2026-08-06 02:39:18 [breakdown] FAIL G2728/V-RPI-3S: None timed out
2026-08-06 02:39:19 [breakdown] FAIL G2729/V-FAI-3P: 429 {"timestamp":"2026-08-06T07:39:19.952+00:00","status":429,"error":"Too Many Requests","path":"/ai/breakdown"}
2026-08-06 02:39:22 [breakdown] OK G2729/V-IAI-3P (surface=κατίσχυον) [288/11409]
2026-08-06 02:40:23 [breakdown] FAIL G273/A-NSF: None timed out
2026-08-06 02:40:24 [breakdown] FAIL G2730/V-AAN: 429 {"timestamp":"2026-08-06T07:40:24.901+00:00","status":429,"error":"Too Many Requests","path":"/ai/breakdown"}
2026-08-06 02:40:27 [breakdown] OK G2730/V-PAI-2S (surface=κατοικεῖς) [289/11409]
2026-08-06 02:40:57 [breakdown] OK G2730/V-PAP-APM (surface=κατοικοῦντας) [290/11409]
2026-08-06 02:40:59 [breakdown] FAIL G2730/V-PAP-GPM: 429 {"timestamp":"2026-08-06T07:40:59.171+00:00","status":429,"error":"Too Many Requests","path":"/ai/breakdown"}
2026-08-06 02:41:01 [breakdown] OK G2730/V-PAP-VPM (surface=κατοικοῦντες) [291/11409]
2026-08-06 02:41:17 [breakdown] OK G2732/N-NSN (surface=κατοικητήριον) [292/11409]
2026-08-06 02:41:19 [breakdown] FAIL G2734/V-PMP-NPM: 429 {"timestamp":"2026-08-06T07:41:19.344+00:00","status":429,"error":"Too Many Requests","path":"/ai/breakdown"}
2026-08-06 02:41:21 [breakdown] OK G2736/ADV (surface=κάτω) [293/11409]
2026-08-06 02:42:06 [breakdown] OK G2738/N-NSN (surface=καῦμα) [294/11409]
2026-08-06 02:42:07 [breakdown] FAIL G2739/V-API-3S: 429 {"timestamp":"2026-08-06T07:42:07.923+00:00","status":429,"error":"Too Many Requests","path":"/ai/breakdown"}
2026-08-06 02:42:10 [breakdown] OK G2740/N-ASF (surface=καῦσιν) [295/11409]
2026-08-06 02:43:11 [breakdown] FAIL G2741/V-PPP-NPN: None timed out
2026-08-06 02:43:12 [breakdown] FAIL G2742/N-ASM: 429 {"timestamp":"2026-08-06T07:43:12.747+00:00","status":429,"error":"Too Many Requests","path":"/ai/breakdown"}
2026-08-06 02:43:14 [breakdown] OK G2742/N-NSM (surface=Καύσων) [296/11409]
2026-08-06 02:43:31 [breakdown] OK G2744/V-ADN (surface=καυχήσασθαι) [297/11409]
2026-08-06 02:43:33 [breakdown] FAIL G2744/V-ADS-1S: 429 {"timestamp":"2026-08-06T07:43:33.336+00:00","status":429,"error":"Too Many Requests","path":"/ai/breakdown"}
2026-08-06 02:43:35 [breakdown] OK G2744/V-ADS-3P (surface=καυχήσωνται) [298/11409]
2026-08-06 02:44:14 [breakdown] OK G2744/V-ADS-3S (surface=καυχήσηται) [299/11409]
2026-08-06 02:44:15 [breakdown] FAIL G2744/V-FDI-1P: 429 {"timestamp":"2026-08-06T07:44:15.885+00:00","status":429,"error":"Too Many Requests","path":"/ai/breakdown"}
2026-08-06 02:44:17 [breakdown] OK G2744/V-FDI-1S (surface=καυχήσομαι) [300/11409]
2026-08-06 02:45:19 [breakdown] FAIL G2744/V-PNI-1S: None timed out
2026-08-06 02:45:20 [breakdown] FAIL G2744/V-PNI-2P: 429 {"timestamp":"2026-08-06T07:45:20.716+00:00","status":429,"error":"Too Many Requests","path":"/ai/breakdown"}
2026-08-06 02:45:22 [breakdown] OK G2744/V-PNI-3P (surface=καυχῶνται) [301/11409]
2026-08-06 02:46:23 [breakdown] FAIL G2744/V-PNM-3S: None timed out
2026-08-06 02:46:25 [breakdown] FAIL G2744/V-PNP-NPM: 429 {"timestamp":"2026-08-06T07:46:25.591+00:00","status":429,"error":"Too Many Requests","path":"/ai/breakdown"}
2026-08-06 02:46:27 [breakdown] OK G2745/N-ASN (surface=καύχημα) [302/11409]
2026-08-06 02:46:44 [breakdown] OK G2746/N-ASF (surface=καύχησιν) [303/11409]
2026-08-06 02:46:46 [breakdown] FAIL G2747/N-DPF-L: 429 {"timestamp":"2026-08-06T07:46:46.020+00:00","status":429,"error":"Too Many Requests","path":"/ai/breakdown"}
2026-08-06 02:46:48 [breakdown] OK G2749/V-PNI-1P (surface=κείμεθα) [304/11409]
2026-08-06 02:47:04 [breakdown] OK G2749/V-PNP-APN (surface=κείμενα) [305/11409]
2026-08-06 02:47:06 [breakdown] FAIL G2749/V-PNP-ASN: 429 {"timestamp":"2026-08-06T07:47:06.188+00:00","status":429,"error":"Too Many Requests","path":"/ai/breakdown"}
2026-08-06 02:47:08 [breakdown] OK G2749/V-PNP-NSM (surface=κείμενος) [306/11409]
2026-08-06 02:48:09 [breakdown] FAIL G2751/V-AAP-GSM: None timed out
2026-08-06 02:48:11 [breakdown] FAIL G2751/V-AMP-NSM: 429 {"timestamp":"2026-08-06T07:48:11.414+00:00","status":429,"error":"Too Many Requests","path":"/ai/breakdown"}
2026-08-06 02:48:13 [breakdown] OK G2753/V-AAI-3S (surface=ἐκέλευσέν) [307/11409]
2026-08-06 02:48:29 [breakdown] OK G2753/V-AAP-NPM (surface=κελεύσαντες) [308/11409]
2026-08-06 02:48:30 [breakdown] FAIL G2753/V-PAI-2S: 429 {"timestamp":"2026-08-06T07:48:30.874+00:00","status":429,"error":"Too Many Requests","path":"/ai/breakdown"}
2026-08-06 02:48:32 [breakdown] OK G2756/A-APM (surface=κενούς) [309/11409]
2026-08-06 02:48:48 [breakdown] OK G2756/A-ASN (surface=κενὸν) [310/11409]
2026-08-06 02:48:50 [breakdown] FAIL G2756/A-NSF: 429 {"timestamp":"2026-08-06T07:48:50.164+00:00","status":429,"error":"Too Many Requests","path":"/ai/breakdown"}
2026-08-06 02:48:52 [breakdown] OK G2756/A-VSM (surface=κενέ) [311/11409]
2026-08-06 02:49:53 [breakdown] FAIL G2757/N-APF: None timed out
2026-08-06 02:49:55 [breakdown] FAIL G2758/V-AAI-3S: 429 {"timestamp":"2026-08-06T07:49:55.118+00:00","status":429,"error":"Too Many Requests","path":"/ai/breakdown"}
2026-08-06 02:49:57 [breakdown] OK G2758/V-APS-3S (surface=κενωθῇ) [312/11409]
2026-08-06 02:50:47 [breakdown] OK G2758/V-RPI-3S (surface=κεκένωται) [313/11409]
2026-08-06 02:50:49 [breakdown] FAIL G2759/N-APN: 429 {"timestamp":"2026-08-06T07:50:49.221+00:00","status":429,"error":"Too Many Requests","path":"/ai/breakdown"}
2026-08-06 02:50:51 [breakdown] OK G276/A-GPN (surface=ἀμεταθέτων) [314/11409]
2026-08-06 02:51:52 [breakdown] FAIL G2760/N-NSM: None timed out
2026-08-06 02:51:54 [breakdown] FAIL G2762/N-NSF: 429 {"timestamp":"2026-08-06T07:51:54.165+00:00","status":429,"error":"Too Many Requests","path":"/ai/breakdown"}
2026-08-06 02:51:56 [breakdown] OK G2763/N-GSM (surface=κεραμέως) [315/11409]
2026-08-06 02:52:57 [breakdown] FAIL G2764/A-NPN: None timed out
2026-08-06 02:52:58 [breakdown] FAIL G2767/V-AAI-3S: 429 {"timestamp":"2026-08-06T07:52:58.948+00:00","status":429,"error":"Too Many Requests","path":"/ai/breakdown"}
2026-08-06 02:53:01 [breakdown] OK G2767/V-AAM-2P (surface=κεράσατε) [316/11409]
2026-08-06 02:53:48 [breakdown] OK G2768/N-APN (surface=κέρατα) [317/11409]
2026-08-06 02:53:49 [breakdown] FAIL G2768/N-NPN: 429 {"timestamp":"2026-08-06T07:53:49.960+00:00","status":429,"error":"Too Many Requests","path":"/ai/breakdown"}
2026-08-06 02:53:52 [breakdown] OK G2770/V-AAI-1S (surface=ἐκέρδησα) [318/11409]
2026-08-06 02:54:06 [breakdown] OK G2770/V-AAN (surface=κερδῆσαι) [319/11409]
2026-08-06 02:54:07 [breakdown] FAIL G2770/V-AAS-3S: 429 {"timestamp":"2026-08-06T07:54:07.978+00:00","status":429,"error":"Too Many Requests","path":"/ai/breakdown"}
2026-08-06 02:54:09 [breakdown] OK G2771/N-GSN (surface=κέρδους) [320/11409]
2026-08-06 02:55:11 [breakdown] FAIL G2772/N-APN: None timed out
2026-08-06 02:55:12 [breakdown] FAIL G2774/N-NSN: 429 {"timestamp":"2026-08-06T07:55:12.798+00:00","status":429,"error":"Too Many Requests","path":"/ai/breakdown"}
2026-08-06 02:55:15 [breakdown] OK G2776/N-ASF (surface=κεφαλὴν) [321/11409]
2026-08-06 02:55:51 [breakdown] OK G2776/N-GPF (surface=κεφαλῶν) [322/11409]
2026-08-06 02:55:53 [breakdown] FAIL G2776/N-GSF: 429 {"timestamp":"2026-08-06T07:55:53.006+00:00","status":429,"error":"Too Many Requests","path":"/ai/breakdown"}
2026-08-06 02:55:55 [breakdown] OK G2777/N-DSF (surface=κεφαλίδι) [323/11409]
2026-08-06 02:56:56 [breakdown] FAIL G2779/N-ASM: None timed out
2026-08-06 02:56:57 [breakdown] FAIL G278/A-ASF: 429 {"timestamp":"2026-08-06T07:56:57.877+00:00","status":429,"error":"Too Many Requests","path":"/ai/breakdown"}
2026-08-06 02:56:59 [breakdown] OK G2782/N-ASN (surface=κήρυγμα) [324/11409]
2026-08-06 02:58:01 [breakdown] FAIL G2782/N-NSN: None timed out
2026-08-06 02:58:02 [breakdown] FAIL G2784/V-AAI-1P: 429 {"timestamp":"2026-08-06T07:58:02.640+00:00","status":429,"error":"Too Many Requests","path":"/ai/breakdown"}
2026-08-06 02:58:04 [breakdown] OK G2784/V-AAM-2P (surface=κηρύξατε) [325/11409]
2026-08-06 02:58:19 [breakdown] OK G2784/V-AAP-NSM (surface=κηρύξας) [326/11409]
2026-08-06 02:58:21 [breakdown] FAIL G2784/V-AAS-3P: 429 {"timestamp":"2026-08-06T07:58:21.128+00:00","status":429,"error":"Too Many Requests","path":"/ai/breakdown"}
2026-08-06 02:58:23 [breakdown] OK G2784/V-API-3S (surface=ἐκηρύχθη) [327/11409]
2026-08-06 02:59:24 [breakdown] FAIL G2784/V-APP-NSM: None timed out
2026-08-06 02:59:26 [breakdown] FAIL G2784/V-IAI-3P: 429 {"timestamp":"2026-08-06T07:59:26.054+00:00","status":429,"error":"Too Many Requests","path":"/ai/breakdown"}
2026-08-06 02:59:28 [breakdown] OK G2784/V-PAI-1P (surface=κηρύσσομεν) [328/11409]
2026-08-06 03:00:29 [breakdown] FAIL G2784/V-PAI-1S: None timed out
2026-08-06 03:00:31 [breakdown] FAIL G2784/V-PAM-2P: 429 {"timestamp":"2026-08-06T08:00:31.168+00:00","status":429,"error":"Too Many Requests","path":"/ai/breakdown"}
2026-08-06 03:00:33 [breakdown] OK G2784/V-PAP-ASM (surface=κηρύσσοντα) [329/11409]
2026-08-06 03:01:30 [breakdown] OK G2784/V-PAP-GSM (surface=κηρύσσοντος) [330/11409]
2026-08-06 03:01:31 [breakdown] FAIL G2784/V-PAP-VSM: 429 {"timestamp":"2026-08-06T08:01:31.893+00:00","status":429,"error":"Too Many Requests","path":"/ai/breakdown"}
2026-08-06 03:01:34 [breakdown] OK G2784/V-PPI-3S (surface=κηρύσσεται) [331/11409]
2026-08-06 03:01:44 [breakdown] OK G2786/N-ASM-P (surface=Κηφᾶν) [332/11409]
2026-08-06 03:01:46 [breakdown] FAIL G2786/N-GSM-P: 429 {"timestamp":"2026-08-06T08:01:46.433+00:00","status":429,"error":"Too Many Requests","path":"/ai/breakdown"}
2026-08-06 03:01:48 [breakdown] OK G2786/N-NSM-P (surface=Κηφᾶς) [333/11409]
2026-08-06 03:02:15 [breakdown] OK G2787/N-NSF (surface=κιβωτὸς) [334/11409]
2026-08-06 03:02:17 [breakdown] FAIL G2788/N-APF: 429 {"timestamp":"2026-08-06T08:02:17.568+00:00","status":429,"error":"Too Many Requests","path":"/ai/breakdown"}
2026-08-06 03:02:19 [breakdown] OK G2788/N-DPF (surface=κιθάραις) [335/11409]
2026-08-06 03:02:43 [breakdown] OK G2788/N-NSF (surface=κιθάρα) [336/11409]
2026-08-06 03:02:52 [breakdown] FAIL G2789/V-PPP-NSN: 429 {"timestamp":"2026-08-06T08:02:52.287+00:00","status":429,"error":"Too Many Requests","path":"/ai/breakdown"}
2026-08-06 03:02:54 [breakdown] OK G2791/N-ASF-L (surface=Κιλικίαν) [337/11409]
2026-08-06 03:03:20 [breakdown] OK G2793/V-IAI-3P (surface=ἐκινδύνευον) [338/11409]
2026-08-06 03:03:22 [breakdown] FAIL G2793/V-PAI-3S: 429 {"timestamp":"2026-08-06T08:03:22.385+00:00","status":429,"error":"Too Many Requests","path":"/ai/breakdown"}
2026-08-06 03:03:24 [breakdown] OK G2794/N-DPM (surface=κινδύνοις) [339/11409]
2026-08-06 03:03:39 [breakdown] OK G2794/N-NSM (surface=κίνδυνος) [340/11409]
2026-08-06 03:03:41 [breakdown] FAIL G2795/V-API-3P: 429 {"timestamp":"2026-08-06T08:03:41.330+00:00","status":429,"error":"Too Many Requests","path":"/ai/breakdown"}
2026-08-06 03:03:43 [breakdown] OK G2795/V-PAP-ASM (surface=κινοῦντα) [341/11409]
2026-08-06 03:04:19 [breakdown] OK G2797/N-GSM-P (surface=Κίς) [342/11409]
2026-08-06 03:04:21 [breakdown] FAIL G2798/N-GPM: 429 {"timestamp":"2026-08-06T08:04:21.277+00:00","status":429,"error":"Too Many Requests","path":"/ai/breakdown"}
2026-08-06 03:04:23 [breakdown] OK G2799/V-AAI-2P (surface=ἐκλαύσατε) [343/11409]
2026-08-06 03:04:40 [breakdown] OK G2799/V-AAS-3S (surface=κλαύσῃ) [344/11409]
2026-08-06 03:04:41 [breakdown] FAIL G2799/V-FAI-3P: 429 {"timestamp":"2026-08-06T08:04:41.645+00:00","status":429,"error":"Too Many Requests","path":"/ai/breakdown"}
2026-08-06 03:04:43 [breakdown] OK G2799/V-IAI-1S (surface=ἔκλαιον) [345/11409]
2026-08-06 03:05:44 [breakdown] FAIL G2799/V-PAI-2P: None timed out
2026-08-06 03:05:46 [breakdown] FAIL G2799/V-PAM-2P: 429 {"timestamp":"2026-08-06T08:05:46.476+00:00","status":429,"error":"Too Many Requests","path":"/ai/breakdown"}
2026-08-06 03:05:48 [breakdown] OK G2799/V-PAP-APM (surface=κλαίοντας) [346/11409]
2026-08-06 03:06:04 [breakdown] OK G2799/V-PAP-GPM (surface=κλαιόντων) [347/11409]
2026-08-06 03:06:06 [breakdown] FAIL G2799/V-PAP-NPM: 429 {"timestamp":"2026-08-06T08:06:06.332+00:00","status":429,"error":"Too Many Requests","path":"/ai/breakdown"}
2026-08-06 03:06:08 [breakdown] OK G2799/V-PAP-NSF (surface=κλαίουσα) [348/11409]
2026-08-06 03:06:32 [breakdown] OK G280/A-APN (surface=ἄμετρα) [349/11409]
2026-08-06 03:06:34 [breakdown] FAIL G2801/N-GPN: 429 {"timestamp":"2026-08-06T08:06:34.121+00:00","status":429,"error":"Too Many Requests","path":"/ai/breakdown"}
2026-08-06 03:06:36 [breakdown] OK G2804/N-ASM-P (surface=Κλαύδιον) [350/11409]
2026-08-06 03:06:55 [breakdown] OK G2805/N-NSM (surface=κλαυθμὸς) [351/11409]
2026-08-06 03:06:56 [breakdown] FAIL G2806/V-AAI-1S: 429 {"timestamp":"2026-08-06T08:06:56.964+00:00","status":429,"error":"Too Many Requests","path":"/ai/breakdown"}
2026-08-06 03:06:58 [breakdown] OK G2806/V-AAN (surface=κλάσαι) [352/11409]
2026-08-06 03:07:20 [breakdown] OK G2806/V-PAP-NPM (surface=κλῶντές) [353/11409]
2026-08-06 03:07:21 [breakdown] FAIL G2807/N-NSF: 429 {"timestamp":"2026-08-06T08:07:21.905+00:00","status":429,"error":"Too Many Requests","path":"/ai/breakdown"}
2026-08-06 03:07:24 [breakdown] OK G2808/V-AAP-NSM (surface=κλείσας) [354/11409]
2026-08-06 03:08:25 [breakdown] FAIL G2808/V-AAS-3S: None timed out
2026-08-06 03:08:26 [breakdown] FAIL G2808/V-API-3S: 429 {"timestamp":"2026-08-06T08:08:26.723+00:00","status":429,"error":"Too Many Requests","path":"/ai/breakdown"}
2026-08-06 03:08:28 [breakdown] OK G2808/V-APS-3P (surface=κλεισθῶσιν) [355/11409]
2026-08-06 03:08:49 [breakdown] OK G2808/V-PAI-2P (surface=κλείετε) [356/11409]
2026-08-06 03:08:51 [breakdown] FAIL G2808/V-RPP-ASN: 429 {"timestamp":"2026-08-06T08:08:51.506+00:00","status":429,"error":"Too Many Requests","path":"/ai/breakdown"}
2026-08-06 03:08:53 [breakdown] OK G281/HEB (surface=ἀμὴν) [357/11409]
2026-08-06 03:09:54 [breakdown] FAIL G2812/N-NPM: None timed out
2026-08-06 03:09:56 [breakdown] FAIL G2813/V-AAI-3P: 429 {"timestamp":"2026-08-06T08:09:56.047+00:00","status":429,"error":"Too Many Requests","path":"/ai/breakdown"}
2026-08-06 03:09:57 [breakdown] OK G2813/V-AAS-2S (surface=κλέψῃς) [358/11409]
2026-08-06 03:10:27 [breakdown] OK G2813/V-FAI-2S (surface=κλέψεις) [359/11409]
2026-08-06 03:10:28 [breakdown] FAIL G2813/V-PAM-3S: 429 {"timestamp":"2026-08-06T08:10:28.994+00:00","status":429,"error":"Too Many Requests","path":"/ai/breakdown"}
2026-08-06 03:10:31 [breakdown] OK G2813/V-PAP-NSM (surface=κλέπτων) [360/11409]
2026-08-06 03:10:47 [breakdown] OK G2814/N-ASN (surface=κλῆμα) [361/11409]
2026-08-06 03:10:48 [breakdown] FAIL G2814/N-NPN: 429 {"timestamp":"2026-08-06T08:10:48.655+00:00","status":429,"error":"Too Many Requests","path":"/ai/breakdown"}
2026-08-06 03:10:50 [breakdown] OK G2814/N-NSN (surface=κλῆμα) [362/11409]
2026-08-06 03:11:51 [breakdown] FAIL G2815/N-GSM-P: None timed out
2026-08-06 03:11:53 [breakdown] FAIL G2816/V-AAM-2P: 429 {"timestamp":"2026-08-06T08:11:53.579+00:00","status":429,"error":"Too Many Requests","path":"/ai/breakdown"}
2026-08-06 03:11:55 [breakdown] OK G2816/V-AAS-1S (surface=κληρονομήσω) [363/11409]
2026-08-06 03:12:24 [breakdown] OK G2816/V-FAI-1S (surface=κληρονομήσω) [364/11409]
2026-08-06 03:12:26 [breakdown] FAIL G2816/V-FAI-3P: 429 {"timestamp":"2026-08-06T08:12:26.347+00:00","status":429,"error":"Too Many Requests","path":"/ai/breakdown"}
2026-08-06 03:12:28 [breakdown] OK G2816/V-PAN (surface=κληρονομεῖν) [365/11409]
2026-08-06 03:12:49 [breakdown] OK G2817/N-ASF (surface=κληρονομίαν) [366/11409]
2026-08-06 03:12:51 [breakdown] FAIL G2818/N-APM: 429 {"timestamp":"2026-08-06T08:12:51.538+00:00","status":429,"error":"Too Many Requests","path":"/ai/breakdown"}
2026-08-06 03:12:53 [breakdown] OK G2818/N-ASM (surface=κληρονόμον) [367/11409]
2026-08-06 03:13:13 [breakdown] OK G2818/N-DPM (surface=κληρονόμοις) [368/11409]
2026-08-06 03:13:15 [breakdown] FAIL G2818/N-NPM: 429 {"timestamp":"2026-08-06T08:13:15.500+00:00","status":429,"error":"Too Many Requests","path":"/ai/breakdown"}
2026-08-06 03:13:17 [breakdown] OK G2819/N-ASM (surface=κλῆρον) [369/11409]
2026-08-06 03:13:39 [breakdown] OK G2819/N-GPM (surface=κλήρων) [370/11409]
2026-08-06 03:13:41 [breakdown] FAIL G2819/N-NSM: 429 {"timestamp":"2026-08-06T08:13:41.409+00:00","status":429,"error":"Too Many Requests","path":"/ai/breakdown"}
2026-08-06 03:13:43 [breakdown] OK G2821/N-ASF (surface=κλῆσιν) [371/11409]
2026-08-06 03:14:44 [breakdown] FAIL G2821/N-GSF: None timed out
2026-08-06 03:14:46 [breakdown] FAIL G2821/N-NSF: 429 {"timestamp":"2026-08-06T08:14:46.536+00:00","status":429,"error":"Too Many Requests","path":"/ai/breakdown"}
2026-08-06 03:14:48 [breakdown] OK G2822/A-NSM (surface=κλητὸς) [372/11409]
2026-08-06 03:15:49 [breakdown] FAIL G2824/N-APN: None timed out
2026-08-06 03:15:51 [breakdown] FAIL G2824/N-DPN: 429 {"timestamp":"2026-08-06T08:15:51.413+00:00","status":429,"error":"Too Many Requests","path":"/ai/breakdown"}
2026-08-06 03:15:53 [breakdown] OK G2825/N-GSF (surface=κλίνης) [373/11409]
2026-08-06 03:16:03 [breakdown] OK G2826/N-ASN (surface=κλινίδιόν) [374/11409]
2026-08-06 03:16:04 [breakdown] FAIL G2827/V-AAI-3P: 429 {"timestamp":"2026-08-06T08:16:04.930+00:00","status":429,"error":"Too Many Requests","path":"/ai/breakdown"}
2026-08-06 03:16:07 [breakdown] OK G2827/V-PAP-GPF (surface=κλινουσῶν) [375/11409]
2026-08-06 03:16:19 [breakdown] OK G2828/N-APF (surface=κλισίας) [376/11409]
2026-08-06 03:16:20 [breakdown] FAIL G283/A-NSF: 429 {"timestamp":"2026-08-06T08:16:20.747+00:00","status":429,"error":"Too Many Requests","path":"/ai/breakdown"}
2026-08-06 03:16:23 [breakdown] OK G2831/V-PNP-NPM (surface=κλυδωνιζόμενοι) [377/11409]
2026-08-06 03:17:24 [breakdown] FAIL G2833/V-PPP-NPM: None timed out
2026-08-06 03:17:26 [breakdown] FAIL G2834/N-ASF-L: 429 {"timestamp":"2026-08-06T08:17:26.186+00:00","status":429,"error":"Too Many Requests","path":"/ai/breakdown"}
2026-08-06 03:17:28 [breakdown] OK G2836/N-ASF (surface=κοιλίαν) [378/11409]
2026-08-06 03:18:05 [breakdown] OK G2836/N-NPF (surface=κοιλίαι) [379/11409]
2026-08-06 03:18:07 [breakdown] FAIL G2837/V-API-3S: 429 {"timestamp":"2026-08-06T08:18:07.143+00:00","status":429,"error":"Too Many Requests","path":"/ai/breakdown"}
2026-08-06 03:18:09 [breakdown] OK G2837/V-APS-3S (surface=κοιμηθῇ) [380/11409]
2026-08-06 03:19:10 [breakdown] FAIL G2837/V-FPI-1P: None timed out
2026-08-06 03:19:11 [breakdown] FAIL G2837/V-PMP-APM: 429 {"timestamp":"2026-08-06T08:19:11.967+00:00","status":429,"error":"Too Many Requests","path":"/ai/breakdown"}
2026-08-06 03:19:14 [breakdown] OK G2837/V-PMP-GPM (surface=κοιμωμένων) [381/11409]
2026-08-06 03:19:38 [breakdown] OK G2837/V-PMP-NSM (surface=κοιμώμενος) [382/11409]
2026-08-06 03:19:39 [breakdown] FAIL G2837/V-RMI-3S: 429 {"timestamp":"2026-08-06T08:19:39.715+00:00","status":429,"error":"Too Many Requests","path":"/ai/breakdown"}
2026-08-06 03:19:41 [breakdown] OK G2839/A-APN (surface=κοινά) [383/11409]
2026-08-06 03:20:12 [breakdown] OK G2839/A-DPF (surface=κοιναῖς) [384/11409]
2026-08-06 03:20:14 [breakdown] FAIL G2839/A-GSF: 429 {"timestamp":"2026-08-06T08:20:14.429+00:00","status":429,"error":"Too Many Requests","path":"/ai/breakdown"}
2026-08-06 03:20:16 [breakdown] OK G2839/A-NPN (surface=κοινά) [385/11409]
2026-08-06 03:20:33 [breakdown] OK G2839/A-NSN (surface=κοινὸν) [386/11409]
2026-08-06 03:20:35 [breakdown] FAIL G284/N-GSM-P: 429 {"timestamp":"2026-08-06T08:20:35.217+00:00","status":429,"error":"Too Many Requests","path":"/ai/breakdown"}
2026-08-06 03:20:37 [breakdown] OK G2840/V-PAI-3S (surface=κοινοῖ) [387/11409]
2026-08-06 03:20:54 [breakdown] OK G2840/V-RAI-3S (surface=κεκοίνωκεν) [388/11409]
2026-08-06 03:20:55 [breakdown] FAIL G2841/V-AAI-3S: 429 {"timestamp":"2026-08-06T08:20:55.759+00:00","status":429,"error":"Too Many Requests","path":"/ai/breakdown"}
2026-08-06 03:20:57 [breakdown] OK G2841/V-PAI-3S (surface=κοινωνεῖ) [389/11409]
2026-08-06 03:21:59 [breakdown] FAIL G2841/V-PAM-2S: None timed out
2026-08-06 03:22:00 [breakdown] FAIL G2841/V-RAI-3S: 429 {"timestamp":"2026-08-06T08:22:00.522+00:00","status":429,"error":"Too Many Requests","path":"/ai/breakdown"}
2026-08-06 03:22:02 [breakdown] OK G2842/N-DSF (surface=κοινωνίᾳ) [390/11409]
2026-08-06 03:22:20 [breakdown] OK G2842/N-GSF (surface=κοινωνίας) [391/11409]
2026-08-06 03:22:21 [breakdown] FAIL G2844/N-APM: 429 {"timestamp":"2026-08-06T08:22:21.715+00:00","status":429,"error":"Too Many Requests","path":"/ai/breakdown"}
2026-08-06 03:22:23 [breakdown] OK G2844/N-NSM (surface=κοινωνός) [392/11409]
2026-08-06 03:23:24 [breakdown] FAIL G2845/N-NSF: None timed out
2026-08-06 03:23:26 [breakdown] FAIL G2847/A-ASN: 429 {"timestamp":"2026-08-06T08:23:26.433+00:00","status":429,"error":"Too Many Requests","path":"/ai/breakdown"}
2026-08-06 03:23:28 [breakdown] OK G2848/N-DSM (surface=κόκκῳ) [393/11409]
2026-08-06 03:23:46 [breakdown] OK G2848/N-NSM (surface=κόκκος) [394/11409]
2026-08-06 03:23:47 [breakdown] FAIL G2849/V-PPP-APM: 429 {"timestamp":"2026-08-06T08:23:47.836+00:00","status":429,"error":"Too Many Requests","path":"/ai/breakdown"}
2026-08-06 03:23:49 [breakdown] OK G2850/N-GSF (surface=κολακείας) [395/11409]
2026-08-06 03:24:29 [breakdown] OK G2852/V-AAI-3P (surface=ἐκολάφισαν) [396/11409]
2026-08-06 03:24:31 [breakdown] FAIL G2852/V-PAN: 429 {"timestamp":"2026-08-06T08:24:31.152+00:00","status":429,"error":"Too Many Requests","path":"/ai/breakdown"}
2026-08-06 03:24:33 [breakdown] OK G2852/V-PPP-NPM (surface=κολαφιζόμενοι) [397/11409]
2026-08-06 03:25:16 [breakdown] OK G2853/V-API-3P (surface=ἐκολλήθησαν) [398/11409]
2026-08-06 03:25:17 [breakdown] FAIL G2853/V-APM-2S: 429 {"timestamp":"2026-08-06T08:25:17.748+00:00","status":429,"error":"Too Many Requests","path":"/ai/breakdown"}
2026-08-06 03:25:20 [breakdown] OK G2853/V-APP-ASM (surface=κολληθέντα) [399/11409]
2026-08-06 03:26:21 [breakdown] FAIL G2853/V-FPI-3S: None timed out
2026-08-06 03:26:22 [breakdown] FAIL G2853/V-PPP-NSM: 429 {"timestamp":"2026-08-06T08:26:22.654+00:00","status":429,"error":"Too Many Requests","path":"/ai/breakdown"}
2026-08-06 03:26:24 [breakdown] OK G2854/N-ASN (surface=κολλούριον) [400/11409]
2026-08-06 03:27:25 [breakdown] FAIL G2856/V-AAI-3S: None timed out
2026-08-06 03:27:27 [breakdown] FAIL G2857/N-DPF-L: 429 {"timestamp":"2026-08-06T08:27:27.285+00:00","status":429,"error":"Too Many Requests","path":"/ai/breakdown"}
2026-08-06 03:27:29 [breakdown] OK G2859/N-DSM (surface=κόλπῳ) [401/11409]
2026-08-06 03:27:51 [breakdown] OK G286/N-GSM (surface=ἀμνοῦ) [402/11409]
2026-08-06 03:27:52 [breakdown] FAIL G2860/V-PAN: 429 {"timestamp":"2026-08-06T08:27:52.944+00:00","status":429,"error":"Too Many Requests","path":"/ai/breakdown"}
2026-08-06 03:27:55 [breakdown] OK G2861/N-ASF (surface=κολυμβήθραν) [403/11409]
2026-08-06 03:28:56 [breakdown] FAIL G2862/N-NSF: None timed out
2026-08-06 03:28:58 [breakdown] FAIL G2865/V-AAP-NSF: 429 {"timestamp":"2026-08-06T08:28:58.116+00:00","status":429,"error":"Too Many Requests","path":"/ai/breakdown"}
2026-08-06 03:29:00 [breakdown] OK G2865/V-AMI-3S (surface=ἐκομίσατο) [404/11409]
2026-08-06 03:29:21 [breakdown] OK G2865/V-FDI-2P (surface=κομιεῖσθε) [405/11409]
2026-08-06 03:29:23 [breakdown] FAIL G2866/A-ASN-C: 429 {"timestamp":"2026-08-06T08:29:23.218+00:00","status":429,"error":"Too Many Requests","path":"/ai/breakdown"}
2026-08-06 03:29:25 [breakdown] OK G2868/N-ASM (surface=κονιορτὸν) [406/11409]
2026-08-06 03:29:41 [breakdown] OK G2870/N-ASM (surface=κοπετὸν) [407/11409]
2026-08-06 03:29:42 [breakdown] FAIL G2872/V-AAI-3S: 429 {"timestamp":"2026-08-06T08:29:42.518+00:00","status":429,"error":"Too Many Requests","path":"/ai/breakdown"}
2026-08-06 03:29:44 [breakdown] OK G2872/V-PAI-1S (surface=κοπιῶ) [408/11409]
2026-08-06 03:30:45 [breakdown] FAIL G2872/V-PAM-3S: None timed out
2026-08-06 03:30:47 [breakdown] FAIL G2872/V-PAP-ASM: 429 {"timestamp":"2026-08-06T08:30:47.277+00:00","status":429,"error":"Too Many Requests","path":"/ai/breakdown"}
2026-08-06 03:30:49 [breakdown] OK G2872/V-PAP-DSM (surface=κοπιῶντι) [409/11409]
2026-08-06 03:31:32 [breakdown] OK G2872/V-PAP-VPM (surface=κοπιῶντες) [410/11409]
2026-08-06 03:31:33 [breakdown] FAIL G2872/V-RAI-2S: 429 {"timestamp":"2026-08-06T08:31:33.562+00:00","status":429,"error":"Too Many Requests","path":"/ai/breakdown"}
2026-08-06 03:31:35 [breakdown] OK G2873/N-APM (surface=κόπους) [411/11409]
2026-08-06 03:31:50 [breakdown] OK G2873/N-DSM (surface=κόπῳ) [412/11409]
2026-08-06 03:31:52 [breakdown] FAIL G2873/N-GPM: 429 {"timestamp":"2026-08-06T08:31:52.404+00:00","status":429,"error":"Too Many Requests","path":"/ai/breakdown"}
2026-08-06 03:31:54 [breakdown] OK G2873/N-NSM (surface=κόπος) [413/11409]
2026-08-06 03:32:43 [breakdown] OK G2875/V-AAP-NPM (surface=κόψαντες) [414/11409]
2026-08-06 03:32:45 [breakdown] FAIL G2875/V-IAI-3P: 429 {"timestamp":"2026-08-06T08:32:45.039+00:00","status":429,"error":"Too Many Requests","path":"/ai/breakdown"}
2026-08-06 03:32:48 [breakdown] OK G2877/N-DSN (surface=κορασίῳ) [415/11409]
2026-08-06 03:33:05 [breakdown] OK G2878/N-ASM (surface=κορβανᾶν) [416/11409]
2026-08-06 03:33:07 [breakdown] FAIL G288/N-ASF: 429 {"timestamp":"2026-08-06T08:33:07.876+00:00","status":429,"error":"Too Many Requests","path":"/ai/breakdown"}
2026-08-06 03:33:09 [breakdown] OK G288/N-DSF (surface=ἀμπέλῳ) [417/11409]
2026-08-06 03:33:27 [breakdown] OK G288/N-NSF (surface=ἄμπελος) [418/11409]
2026-08-06 03:33:28 [breakdown] FAIL G2880/V-RPP-NPM: 429 {"timestamp":"2026-08-06T08:33:28.877+00:00","status":429,"error":"Too Many Requests","path":"/ai/breakdown"}
2026-08-06 03:33:31 [breakdown] OK G2881/N-GPM-LG (surface=Κορινθίων) [419/11409]
2026-08-06 03:34:32 [breakdown] FAIL G2881/N-VPM-LG: None timed out
2026-08-06 03:34:33 [breakdown] FAIL G2882/N-DSF-L: 429 {"timestamp":"2026-08-06T08:34:33.894+00:00","status":429,"error":"Too Many Requests","path":"/ai/breakdown"}
2026-08-06 03:34:36 [breakdown] OK G2883/N-VSM-P (surface=Κορνήλιε) [420/11409]
2026-08-06 03:35:05 [breakdown] OK G2885/V-IAI-3P (surface=ἐκόσμουν) [421/11409]
2026-08-06 03:35:07 [breakdown] FAIL G2885/V-PAN: 429 {"timestamp":"2026-08-06T08:35:07.373+00:00","status":429,"error":"Too Many Requests","path":"/ai/breakdown"}
2026-08-06 03:35:09 [breakdown] OK G2885/V-PAS-3P (surface=κοσμῶσιν) [422/11409]
2026-08-06 03:36:10 [breakdown] FAIL G2885/V-RPP-ASM: None timed out
2026-08-06 03:36:12 [breakdown] FAIL G2886/A-ASN: 429 {"timestamp":"2026-08-06T08:36:12.202+00:00","status":429,"error":"Too Many Requests","path":"/ai/breakdown"}
2026-08-06 03:36:14 [breakdown] OK G2887/A-DSF (surface=κοσμίῳ) [423/11409]
2026-08-06 03:37:15 [breakdown] FAIL G2888/N-APM: None timed out
2026-08-06 03:37:16 [breakdown] FAIL G2889/N-GSM: 429 {"timestamp":"2026-08-06T08:37:16.816+00:00","status":429,"error":"Too Many Requests","path":"/ai/breakdown"}
2026-08-06 03:37:18 [breakdown] OK G289/N-ASM (surface=ἀμπελουργόν) [424/11409]
2026-08-06 03:37:32 [breakdown] OK G2890/N-NSM-P (surface=Κούαρτος) [425/11409]
2026-08-06 03:37:34 [breakdown] FAIL G2892/N-GSF: 429 {"timestamp":"2026-08-06T08:37:34.019+00:00","status":429,"error":"Too Many Requests","path":"/ai/breakdown"}
2026-08-06 03:37:36 [breakdown] OK G2894/N-GPM (surface=κοφίνων) [426/11409]
2026-08-06 03:38:16 [breakdown] OK G2895/N-DPM (surface=κραβάττοις) [427/11409]
2026-08-06 03:38:18 [breakdown] FAIL G2895/N-GPM: 429 {"timestamp":"2026-08-06T08:38:18.257+00:00","status":429,"error":"Too Many Requests","path":"/ai/breakdown"}
2026-08-06 03:38:20 [breakdown] OK G2895/N-GSM (surface=κραβάττου) [428/11409]
2026-08-06 03:38:47 [breakdown] OK G2896/V-2RAI-3S (surface=κέκραγεν) [429/11409]
2026-08-06 03:38:48 [breakdown] FAIL G2896/V-AAI-3S: 429 {"timestamp":"2026-08-06T08:38:48.787+00:00","status":429,"error":"Too Many Requests","path":"/ai/breakdown"}
2026-08-06 03:38:50 [breakdown] OK G2896/V-FAI-3P (surface=κράξουσιν) [430/11409]
2026-08-06 03:39:02 [breakdown] OK G2896/V-PAI-1P (surface=κράζομεν) [431/11409]
2026-08-06 03:39:03 [breakdown] FAIL G2896/V-PAN: 429 {"timestamp":"2026-08-06T08:39:03.929+00:00","status":429,"error":"Too Many Requests","path":"/ai/breakdown"}
2026-08-06 03:39:06 [breakdown] OK G2896/V-PAP-GPM (surface=κραζόντων) [432/11409]
2026-08-06 03:39:39 [breakdown] OK G2897/N-DSF (surface=κραιπάλῃ) [433/11409]
2026-08-06 03:39:41 [breakdown] FAIL G2899/N-APN: 429 {"timestamp":"2026-08-06T08:39:41.512+00:00","status":429,"error":"Too Many Requests","path":"/ai/breakdown"}
2026-08-06 03:39:43 [breakdown] OK G2899/N-GSN (surface=κρασπέδου) [434/11409]
2026-08-06 03:39:59 [breakdown] OK G29/V-FAI-3S (surface=ἀγγαρεύσει) [435/11409]
2026-08-06 03:40:00 [breakdown] FAIL G290/N-DSM: 429 {"timestamp":"2026-08-06T08:40:00.762+00:00","status":429,"error":"Too Many Requests","path":"/ai/breakdown"}
2026-08-06 03:40:02 [breakdown] OK G2900/A-ASF (surface=κραταιὰν) [436/11409]
2026-08-06 03:40:25 [breakdown] OK G2901/V-APN (surface=κραταιωθῆναι) [437/11409]
2026-08-06 03:40:27 [breakdown] FAIL G2901/V-IPI-3S: 429 {"timestamp":"2026-08-06T08:40:27.080+00:00","status":429,"error":"Too Many Requests","path":"/ai/breakdown"}
2026-08-06 03:40:29 [breakdown] OK G2901/V-PPM-2P (surface=κραταιοῦσθε) [438/11409]
2026-08-06 03:41:31 [breakdown] FAIL G2902/V-AAI-1P: None timed out
2026-08-06 03:41:32 [breakdown] FAIL G2902/V-AAI-3P: 429 {"timestamp":"2026-08-06T08:41:32.822+00:00","status":429,"error":"Too Many Requests","path":"/ai/breakdown"}
2026-08-06 03:41:34 [breakdown] OK G2902/V-AAI-3S (surface=ἐκράτησεν) [439/11409]
2026-08-06 03:41:47 [breakdown] OK G2902/V-AAM-2P (surface=κρατήσατε) [440/11409]
2026-08-06 03:41:48 [breakdown] FAIL G2902/V-AAP-NPM: 429 {"timestamp":"2026-08-06T08:41:48.915+00:00","status":429,"error":"Too Many Requests","path":"/ai/breakdown"}
2026-08-06 03:41:51 [breakdown] OK G2902/V-AAS-3P (surface=κρατήσωσιν) [441/11409]
2026-08-06 03:42:52 [breakdown] FAIL G2902/V-FAI-3S: None timed out
2026-08-06 03:42:54 [breakdown] FAIL G2902/V-PAI-2S: 429 {"timestamp":"2026-08-06T08:42:54.086+00:00","status":429,"error":"Too Many Requests","path":"/ai/breakdown"}
2026-08-06 03:42:56 [breakdown] OK G2902/V-PAM-2S (surface=κράτει) [442/11409]
2026-08-06 03:43:21 [breakdown] OK G2902/V-PAP-GSM (surface=Κρατοῦντος) [443/11409]
2026-08-06 03:43:23 [breakdown] FAIL G2902/V-PAS-1P: 429 {"timestamp":"2026-08-06T08:43:23.007+00:00","status":429,"error":"Too Many Requests","path":"/ai/breakdown"}
2026-08-06 03:43:25 [breakdown] OK G2902/V-RAN (surface=κεκρατηκέναι) [444/11409]
2026-08-06 03:43:51 [breakdown] OK G2902/V-RPI-3P (surface=κεκράτηνται) [445/11409]
2026-08-06 03:43:53 [breakdown] FAIL G2903/A-VSM: 429 {"timestamp":"2026-08-06T08:43:53.318+00:00","status":429,"error":"Too Many Requests","path":"/ai/breakdown"}
2026-08-06 03:43:55 [breakdown] OK G2904/N-DSN (surface=κράτει) [446/11409]
2026-08-06 03:44:23 [breakdown] OK G2904/N-GSN (surface=κράτους) [447/11409]
2026-08-06 03:44:24 [breakdown] FAIL G2905/V-AAI-3P: 429 {"timestamp":"2026-08-06T08:44:24.873+00:00","status":429,"error":"Too Many Requests","path":"/ai/breakdown"}
2026-08-06 03:44:27 [breakdown] OK G2905/V-AAI-3S (surface=ἐκραύγασεν) [448/11409]
2026-08-06 03:45:28 [breakdown] FAIL G2905/V-IAI-3P: None timed out
2026-08-06 03:45:30 [breakdown] FAIL G2905/V-PAP-GPM: 429 {"timestamp":"2026-08-06T08:45:30.000+00:00","status":429,"error":"Too Many Requests","path":"/ai/breakdown"}
2026-08-06 03:45:32 [breakdown] OK G2906/N-GSF (surface=κραυγῆς) [449/11409]
2026-08-06 03:46:33 [breakdown] FAIL G2908/A-APN-C: None timed out
2026-08-06 03:46:35 [breakdown] FAIL G2908/A-DPF-C: 429 {"timestamp":"2026-08-06T08:46:35.018+00:00","status":429,"error":"Too Many Requests","path":"/ai/breakdown"}
2026-08-06 03:46:37 [breakdown] OK G2908/A-GSM-C (surface=κρείττονος) [450/11409]
2026-08-06 03:47:38 [breakdown] FAIL G2908/A-NSM-C: None timed out
2026-08-06 03:47:40 [breakdown] FAIL G2908/A-NSN-C: 429 {"timestamp":"2026-08-06T08:47:40.206+00:00","status":429,"error":"Too Many Requests","path":"/ai/breakdown"}
2026-08-06 03:47:42 [breakdown] OK G2910/V-AAP-NPM (surface=κρεμάσαντες) [451/11409]
2026-08-06 03:48:43 [breakdown] FAIL G2910/V-APS-3S: None timed out
2026-08-06 03:48:45 [breakdown] FAIL G2910/V-PMP-ASN: 429 {"timestamp":"2026-08-06T08:48:45.385+00:00","status":429,"error":"Too Many Requests","path":"/ai/breakdown"}
2026-08-06 03:48:47 [breakdown] OK G2911/N-GSM (surface=κρημνοῦ) [452/11409]
2026-08-06 03:49:48 [breakdown] FAIL G2914/N-ASF-L: None timed out
2026-08-06 03:49:50 [breakdown] FAIL G2915/N-GPF: 429 {"timestamp":"2026-08-06T08:49:50.507+00:00","status":429,"error":"Too Many Requests","path":"/ai/breakdown"}
2026-08-06 03:49:52 [breakdown] OK G2917/N-APN (surface=κρίματα) [453/11409]
2026-08-06 03:50:53 [breakdown] FAIL G2917/N-GSN: None timed out
2026-08-06 03:50:55 [breakdown] FAIL G2917/N-NSN: 429 {"timestamp":"2026-08-06T08:50:55.371+00:00","status":429,"error":"Too Many Requests","path":"/ai/breakdown"}
2026-08-06 03:50:57 [breakdown] OK G2918/N-APN (surface=κρίνα) [454/11409]
2026-08-06 03:51:23 [breakdown] OK G2919/V-AAI-3S (surface=ἔκρινεν) [455/11409]
2026-08-06 03:51:24 [breakdown] FAIL G2919/V-AAM-2P: 429 {"timestamp":"2026-08-06T08:51:24.697+00:00","status":429,"error":"Too Many Requests","path":"/ai/breakdown"}
2026-08-06 03:51:26 [breakdown] OK G2919/V-AAP-APM (surface=κρίναντας) [456/11409]
2026-08-06 03:51:57 [breakdown] OK G2919/V-AAP-NSM (surface=κρίνας) [457/11409]
2026-08-06 03:51:58 [breakdown] FAIL G2919/V-API-3S: 429 {"timestamp":"2026-08-06T08:51:58.963+00:00","status":429,"error":"Too Many Requests","path":"/ai/breakdown"}
2026-08-06 03:52:01 [breakdown] OK G2919/V-FAI-1P (surface=κρινοῦμεν) [458/11409]
2026-08-06 03:52:15 [breakdown] OK G2919/V-FAI-3S (surface=κρινεῖ) [459/11409]
2026-08-06 03:52:17 [breakdown] FAIL G2919/V-FPI-2P: 429 {"timestamp":"2026-08-06T08:52:17.046+00:00","status":429,"error":"Too Many Requests","path":"/ai/breakdown"}
2026-08-06 03:52:19 [breakdown] OK G2919/V-LAI-3S (surface=Κεκρίκει) [460/11409]
2026-08-06 03:53:13 [breakdown] OK G2919/V-PAI-2P (surface=κρίνετε) [461/11409]
2026-08-06 03:53:15 [breakdown] FAIL G2919/V-PAI-2S: 429 {"timestamp":"2026-08-06T08:53:15.415+00:00","status":429,"error":"Too Many Requests","path":"/ai/breakdown"}
2026-08-06 03:53:17 [breakdown] OK G2919/V-PAM-3S (surface=κρινέτω) [462/11409]
2026-08-06 03:54:18 [breakdown] FAIL G2919/V-PAP-ASM: None timed out
2026-08-06 03:54:20 [breakdown] FAIL G2919/V-PAP-DSM: 429 {"timestamp":"2026-08-06T08:54:20.431+00:00","status":429,"error":"Too Many Requests","path":"/ai/breakdown"}
2026-08-06 03:54:22 [breakdown] OK G2919/V-PAP-VSM (surface=κρίνων) [463/11409]
2026-08-06 03:55:23 [breakdown] FAIL G2919/V-PAS-3S: None timed out
2026-08-06 03:55:25 [breakdown] FAIL G2919/V-PPP-NPM: 429 {"timestamp":"2026-08-06T08:55:25.267+00:00","status":429,"error":"Too Many Requests","path":"/ai/breakdown"}
2026-08-06 03:55:27 [breakdown] OK G2919/V-PPP-NSM (surface=κρινόμενος) [464/11409]
2026-08-06 03:56:02 [breakdown] OK G2919/V-RAI-3S (surface=κέκρικεν) [465/11409]
2026-08-06 03:56:03 [breakdown] FAIL G292/V-ADI-3S: 429 {"timestamp":"2026-08-06T08:56:03.764+00:00","status":429,"error":"Too Many Requests","path":"/ai/breakdown"}
2026-08-06 03:56:06 [breakdown] OK G2920/N-DSF (surface=κρίσει) [466/11409]
2026-08-06 03:56:27 [breakdown] OK G2920/N-GSF (surface=κρίσεως) [467/11409]
2026-08-06 03:56:29 [breakdown] FAIL G2920/N-NSF: 429 {"timestamp":"2026-08-06T08:56:29.255+00:00","status":429,"error":"Too Many Requests","path":"/ai/breakdown"}
2026-08-06 03:56:31 [breakdown] OK G2921/N-ASM-P (surface=Κρίσπον) [468/11409]
2026-08-06 03:57:32 [breakdown] FAIL G2923/N-APM: None timed out
2026-08-06 03:57:34 [breakdown] FAIL G2923/N-NPM: 429 {"timestamp":"2026-08-06T08:57:34.177+00:00","status":429,"error":"Too Many Requests","path":"/ai/breakdown"}
2026-08-06 03:57:36 [breakdown] OK G2925/V-AAP-GSM (surface=κρούσαντος) [469/11409]
2026-08-06 03:57:51 [breakdown] OK G2925/V-PAN (surface=κρούειν) [470/11409]
2026-08-06 03:57:53 [breakdown] FAIL G2926/N-ASF: 429 {"timestamp":"2026-08-06T08:57:53.634+00:00","status":429,"error":"Too Many Requests","path":"/ai/breakdown"}
2026-08-06 03:57:56 [breakdown] OK G2927/A-NPN (surface=κρυπτὰ) [471/11409]
2026-08-06 03:58:16 [breakdown] OK G2927/A-NSN (surface=κρυπτὸν) [472/11409]
2026-08-06 03:58:17 [breakdown] FAIL G2928/V-2AAI-1S: 429 {"timestamp":"2026-08-06T08:58:17.697+00:00","status":429,"error":"Too Many Requests","path":"/ai/breakdown"}
2026-08-06 03:58:19 [breakdown] OK G2928/V-2AAI-3S (surface=ἔκρυψεν) [473/11409]
2026-08-06 03:58:50 [breakdown] OK G2928/V-AAM-2P (surface=κρύψατε) [474/11409]
2026-08-06 03:58:52 [breakdown] FAIL G2928/V-RPP-DSM: 429 {"timestamp":"2026-08-06T08:58:52.519+00:00","status":429,"error":"Too Many Requests","path":"/ai/breakdown"}
2026-08-06 03:58:54 [breakdown] OK G2928/V-RPP-NSN (surface=κεκρυμμένον) [475/11409]
2026-08-06 03:59:55 [breakdown] FAIL G2929/V-PAP-DSM: None timed out
2026-08-06 03:59:57 [breakdown] FAIL G2930/N-ASM: 429 {"timestamp":"2026-08-06T08:59:57.450+00:00","status":429,"error":"Too Many Requests","path":"/ai/breakdown"}
2026-08-06 03:59:59 [breakdown] OK G2932/V-ADI-1S (surface=ἐκτησάμην) [476/11409]
2026-08-06 04:00:18 [breakdown] OK G2932/V-ADS-2P (surface=κτήσησθε) [477/11409]
2026-08-06 04:00:20 [breakdown] FAIL G2933/N-APN: 429 {"timestamp":"2026-08-06T09:00:20.068+00:00","status":429,"error":"Too Many Requests","path":"/ai/breakdown"}
2026-08-06 04:00:22 [breakdown] OK G2934/N-ASN (surface=κτῆνος) [478/11409]
2026-08-06 04:01:23 [breakdown] FAIL G2936/V-AAI-2S: None timed out
2026-08-06 04:01:24 [breakdown] FAIL G2936/V-AAP-DSM: 429 {"timestamp":"2026-08-06T09:01:24.949+00:00","status":429,"error":"Too Many Requests","path":"/ai/breakdown"}
2026-08-06 04:01:27 [breakdown] OK G2936/V-AAS-3S (surface=κτίσῃ) [479/11409]
2026-08-06 04:02:28 [breakdown] FAIL G2936/V-API-3P: None timed out
2026-08-06 04:02:30 [breakdown] FAIL G2936/V-APP-ASM: 429 {"timestamp":"2026-08-06T09:02:30.017+00:00","status":429,"error":"Too Many Requests","path":"/ai/breakdown"}
2026-08-06 04:02:32 [breakdown] OK G2937/N-DSF (surface=κτίσει) [480/11409]
2026-08-06 04:03:33 [breakdown] FAIL G2938/N-ASN: None timed out
2026-08-06 04:03:35 [breakdown] FAIL G2938/N-GPN: 429 {"timestamp":"2026-08-06T09:03:35.044+00:00","status":429,"error":"Too Many Requests","path":"/ai/breakdown"}
2026-08-06 04:03:37 [breakdown] OK G2939/N-DSM (surface=Κτίστῃ) [481/11409]
2026-08-06 04:04:30 [breakdown] OK G2940/N-DSF (surface=κυβείᾳ) [482/11409]
2026-08-06 04:04:32 [breakdown] FAIL G2942/N-NSM: 429 {"timestamp":"2026-08-06T09:04:32.287+00:00","status":429,"error":"Too Many Requests","path":"/ai/breakdown"}
2026-08-06 04:04:34 [breakdown] OK G2944/V-AAP-GPM (surface=κυκλωσάντων) [483/11409]
2026-08-06 04:05:34 [breakdown] OK G2945/ADV (surface=κύκλῳ) [484/11409]
2026-08-06 04:05:35 [breakdown] FAIL G2948/A-APM: 429 {"timestamp":"2026-08-06T09:05:35.776+00:00","status":429,"error":"Too Many Requests","path":"/ai/breakdown"}
2026-08-06 04:05:37 [breakdown] OK G2949/N-NPN (surface=κύματα) [485/11409]
2026-08-06 04:06:39 [breakdown] FAIL G2951/N-ASN: None timed out
2026-08-06 04:06:40 [breakdown] FAIL G2953/N-DSM-LG: 429 {"timestamp":"2026-08-06T09:06:40.700+00:00","status":429,"error":"Too Many Requests","path":"/ai/breakdown"}
2026-08-06 04:06:43 [breakdown] OK G2954/N-ASF-L (surface=Κύπρον) [486/11409]
2026-08-06 04:07:02 [breakdown] OK G2956/N-ASM-LG (surface=Κυρηναῖον) [487/11409]
2026-08-06 04:07:04 [breakdown] FAIL G2956/N-NSM-LG: 429 {"timestamp":"2026-08-06T09:07:04.267+00:00","status":429,"error":"Too Many Requests","path":"/ai/breakdown"}
2026-08-06 04:07:06 [breakdown] OK G2959/N-DSF (surface=κυρίᾳ) [488/11409]
2026-08-06 04:08:07 [breakdown] FAIL G2960/A-ASN: None timed out
2026-08-06 04:08:09 [breakdown] FAIL G2961/V-FAI-3S: 429 {"timestamp":"2026-08-06T09:08:09.027+00:00","status":429,"error":"Too Many Requests","path":"/ai/breakdown"}
2026-08-06 04:08:11 [breakdown] OK G2961/V-PAI-3P (surface=κυριεύουσιν) [489/11409]
2026-08-06 04:09:00 [breakdown] OK G2961/V-PAI-3S (surface=κυριεύει) [490/11409]
2026-08-06 04:09:02 [breakdown] FAIL G2962/N-DPM: 429 {"timestamp":"2026-08-06T09:09:02.015+00:00","status":429,"error":"Too Many Requests","path":"/ai/breakdown"}
2026-08-06 04:09:04 [breakdown] OK G2962/N-GSM (surface=Κυρίου) [491/11409]
2026-08-06 04:09:32 [breakdown] OK G2962/N-VPM (surface=κύριοι) [492/11409]
2026-08-06 04:09:34 [breakdown] FAIL G2963/N-ASF: 429 {"timestamp":"2026-08-06T09:09:34.073+00:00","status":429,"error":"Too Many Requests","path":"/ai/breakdown"}
2026-08-06 04:09:36 [breakdown] OK G2963/N-GSF (surface=κυριότητος) [493/11409]
2026-08-06 04:09:59 [breakdown] OK G2964/V-RPP-ASF (surface=κεκυρωμένην) [494/11409]
2026-08-06 04:10:01 [breakdown] FAIL G2965/N-NPM: 429 {"timestamp":"2026-08-06T09:10:01.101+00:00","status":429,"error":"Too Many Requests","path":"/ai/breakdown"}
2026-08-06 04:10:03 [breakdown] OK G2967/V-AAI-2P (surface=ἐκωλύσατε) [495/11409]
2026-08-06 04:11:04 [breakdown] FAIL G2967/V-AAS-2S: None timed out
2026-08-06 04:11:06 [breakdown] FAIL G2967/V-IAI-1P: 429 {"timestamp":"2026-08-06T09:11:06.024+00:00","status":429,"error":"Too Many Requests","path":"/ai/breakdown"}
2026-08-06 04:11:08 [breakdown] OK G2967/V-PAN (surface=κωλύειν) [496/11409]
2026-08-06 04:11:34 [breakdown] OK G2967/V-PPN (surface=κωλύεσθαι) [497/11409]
2026-08-06 04:11:35 [breakdown] FAIL G2968/N-GSF: 429 {"timestamp":"2026-08-06T09:11:35.834+00:00","status":429,"error":"Too Many Requests","path":"/ai/breakdown"}
2026-08-06 04:11:38 [breakdown] OK G297/A-APN (surface=ἀμφότερα) [498/11409]
2026-08-06 04:11:55 [breakdown] OK G297/A-NPM (surface=ἀμφότεροι) [499/11409]
2026-08-06 04:11:56 [breakdown] FAIL G2971/N-ASM: 429 {"timestamp":"2026-08-06T09:11:56.918+00:00","status":429,"error":"Too Many Requests","path":"/ai/breakdown"}
2026-08-06 04:11:58 [breakdown] OK G2974/A-APM (surface=κωφοὺς) [500/11409]
2026-08-06 04:13:00 [breakdown] FAIL G2974/A-NPM: None timed out
2026-08-06 04:13:01 [breakdown] FAIL G2975/V-2AAI-3S: 429 {"timestamp":"2026-08-06T09:13:01.591+00:00","status":429,"error":"Too Many Requests","path":"/ai/breakdown"}
2026-08-06 04:13:03 [breakdown] OK G2976/N-ASM-P (surface=Λάζαρον) [501/11409]
2026-08-06 04:13:52 [breakdown] OK G2977/ADV (surface=λάθρᾳ) [502/11409]
2026-08-06 04:13:54 [breakdown] FAIL G2979/V-PAN: 429 {"timestamp":"2026-08-06T09:13:54.737+00:00","status":429,"error":"Too Many Requests","path":"/ai/breakdown"}
2026-08-06 04:13:56 [breakdown] OK G2980/V-AAI-1S (surface=ἐλάλησα) [503/11409]
2026-08-06 04:14:57 [breakdown] FAIL G2980/V-AAI-3S: None timed out
2026-08-06 04:14:59 [breakdown] FAIL G2980/V-AAP-NSM: 429 {"timestamp":"2026-08-06T09:14:59.513+00:00","status":429,"error":"Too Many Requests","path":"/ai/breakdown"}
2026-08-06 04:15:01 [breakdown] OK G2980/V-AAS-3S (surface=λαλήσῃ) [504/11409]
2026-08-06 04:15:38 [breakdown] OK G2980/V-APN (surface=λαληθῆναι) [505/11409]
2026-08-06 04:15:40 [breakdown] FAIL G2980/V-APP-GPN: 429 {"timestamp":"2026-08-06T09:15:40.361+00:00","status":429,"error":"Too Many Requests","path":"/ai/breakdown"}
2026-08-06 04:15:42 [breakdown] OK G2980/V-APP-NSM (surface=λαληθεὶς) [506/11409]
2026-08-06 04:15:58 [breakdown] OK G2980/V-FAI-1S (surface=λαλήσω) [507/11409]
2026-08-06 04:16:00 [breakdown] FAIL G2980/V-FAI-3P: 429 {"timestamp":"2026-08-06T09:16:00.145+00:00","status":429,"error":"Too Many Requests","path":"/ai/breakdown"}
2026-08-06 04:16:02 [breakdown] OK G2980/V-FPI-3S (surface=λαληθήσεται) [508/11409]
2026-08-06 04:16:18 [breakdown] OK G2980/V-FPP-GPN (surface=λαληθησομένων) [509/11409]
2026-08-06 04:16:20 [breakdown] FAIL G2980/V-IAI-1P: 429 {"timestamp":"2026-08-06T09:16:20.093+00:00","status":429,"error":"Too Many Requests","path":"/ai/breakdown"}
2026-08-06 04:16:22 [breakdown] OK G2980/V-IAI-1S (surface=ἐλάλουν) [510/11409]
2026-08-06 04:16:38 [breakdown] OK G2980/V-IAI-3P (surface=ἐλάλουν) [511/11409]
2026-08-06 04:16:40 [breakdown] FAIL G2980/V-PAI-1P: 429 {"timestamp":"2026-08-06T09:16:40.078+00:00","status":429,"error":"Too Many Requests","path":"/ai/breakdown"}
2026-08-06 04:16:42 [breakdown] OK G2980/V-PAI-1S (surface=λαλῶ) [512/11409]
2026-08-06 04:17:11 [breakdown] OK G2980/V-PAI-3S (surface=λαλεῖ) [513/11409]
2026-08-06 04:17:13 [breakdown] FAIL G2980/V-PAM-3P: 429 {"timestamp":"2026-08-06T09:17:13.349+00:00","status":429,"error":"Too Many Requests","path":"/ai/breakdown"}
2026-08-06 04:17:15 [breakdown] OK G2980/V-PAP-APM (surface=λαλοῦντας) [514/11409]
2026-08-06 04:18:14 [breakdown] OK G2980/V-PAP-DSM (surface=λαλοῦντι) [515/11409]
2026-08-06 04:18:15 [breakdown] FAIL G2980/V-PAP-GSM: 429 {"timestamp":"2026-08-06T09:18:15.909+00:00","status":429,"error":"Too Many Requests","path":"/ai/breakdown"}
2026-08-06 04:18:18 [breakdown] OK G2980/V-PAP-NSM (surface=λαλῶν) [516/11409]
2026-08-06 04:18:36 [breakdown] OK G2980/V-PAS-3P (surface=λαλῶσιν) [517/11409]
2026-08-06 04:18:37 [breakdown] FAIL G2980/V-PPP-ASM: 429 {"timestamp":"2026-08-06T09:18:37.762+00:00","status":429,"error":"Too Many Requests","path":"/ai/breakdown"}
2026-08-06 04:18:39 [breakdown] OK G2980/V-PPP-NSN (surface=λαλούμενον) [518/11409]
2026-08-06 04:19:41 [breakdown] FAIL G2980/V-RPI-3S: None timed out
2026-08-06 04:19:42 [breakdown] FAIL G2981/N-NSF: 429 {"timestamp":"2026-08-06T09:19:42.748+00:00","status":429,"error":"Too Many Requests","path":"/ai/breakdown"}
2026-08-06 04:19:44 [breakdown] OK G2983/V-2AAI-1P (surface=ἐλάβομεν) [519/11409]
2026-08-06 04:20:46 [breakdown] FAIL G2983/V-2AAI-1S: None timed out
2026-08-06 04:20:47 [breakdown] FAIL G2983/V-2AAI-2S: 429 {"timestamp":"2026-08-06T09:20:47.773+00:00","status":429,"error":"Too Many Requests","path":"/ai/breakdown"}
2026-08-06 04:20:49 [breakdown] OK G2983/V-2AAI-3P (surface=ἔλαβον) [520/11409]
2026-08-06 04:21:19 [breakdown] OK G2983/V-2AAI-3S (surface=ἔλαβεν) [521/11409]
2026-08-06 04:21:21 [breakdown] FAIL G2983/V-2AAM-2S: 429 {"timestamp":"2026-08-06T09:21:21.004+00:00","status":429,"error":"Too Many Requests","path":"/ai/breakdown"}
2026-08-06 04:21:23 [breakdown] OK G2983/V-2AAN (surface=λαβεῖν) [522/11409]
2026-08-06 04:22:11 [breakdown] OK G2983/V-2AAO-3S (surface=λάβοι) [523/11409]
2026-08-06 04:22:13 [breakdown] FAIL G2983/V-2AAP-NPF: 429 {"timestamp":"2026-08-06T09:22:13.278+00:00","status":429,"error":"Too Many Requests","path":"/ai/breakdown"}
2026-08-06 04:22:15 [breakdown] OK G2983/V-2AAP-NSM (surface=λαβὼν) [524/11409]
2026-08-06 04:23:16 [breakdown] FAIL G2983/V-2AAS-2P: None timed out
2026-08-06 04:23:18 [breakdown] FAIL G2983/V-2RAI-1S: 429 {"timestamp":"2026-08-06T09:23:18.205+00:00","status":429,"error":"Too Many Requests","path":"/ai/breakdown"}
2026-08-06 04:23:20 [breakdown] OK G2983/V-2RAP-NSM (surface=εἰληφὼς) [525/11409]
2026-08-06 04:23:42 [breakdown] OK G2983/V-FDI-1P (surface=λημψόμεθα) [526/11409]
2026-08-06 04:23:44 [breakdown] FAIL G2983/V-FDI-3P: 429 {"timestamp":"2026-08-06T09:23:44.018+00:00","status":429,"error":"Too Many Requests","path":"/ai/breakdown"}
2026-08-06 04:23:46 [breakdown] OK G2983/V-PAI-1P (surface=λαμβάνομεν) [527/11409]
2026-08-06 04:23:58 [breakdown] OK G2983/V-PAI-2S (surface=λαμβάνεις) [528/11409]
2026-08-06 04:24:00 [breakdown] FAIL G2983/V-PAI-3P: 429 {"timestamp":"2026-08-06T09:24:00.084+00:00","status":429,"error":"Too Many Requests","path":"/ai/breakdown"}
2026-08-06 04:24:02 [breakdown] OK G2983/V-PAI-3S (surface=λαμβάνει) [529/11409]
2026-08-06 04:25:03 [breakdown] FAIL G2983/V-PAM-2P: None timed out
2026-08-06 04:25:05 [breakdown] FAIL G2983/V-PAN: 429 {"timestamp":"2026-08-06T09:25:05.017+00:00","status":429,"error":"Too Many Requests","path":"/ai/breakdown"}
2026-08-06 04:25:07 [breakdown] OK G2983/V-PAP-NPM (surface=λαμβάνοντες) [530/11409]
2026-08-06 04:25:29 [breakdown] OK G2983/V-PAP-NSM (surface=λαμβάνων) [531/11409]
2026-08-06 04:25:30 [breakdown] FAIL G2983/V-PAS-3S: 429 {"timestamp":"2026-08-06T09:25:30.827+00:00","status":429,"error":"Too Many Requests","path":"/ai/breakdown"}
2026-08-06 04:25:32 [breakdown] OK G2983/V-PPP-NSM (surface=λαμβανόμενος) [532/11409]
2026-08-06 04:26:13 [breakdown] OK G2983/V-PPP-NSN (surface=λαμβανόμενον) [533/11409]
2026-08-06 04:26:15 [breakdown] FAIL G2984/N-GSM-P: 429 {"timestamp":"2026-08-06T09:26:15.563+00:00","status":429,"error":"Too Many Requests","path":"/ai/breakdown"}
2026-08-06 04:26:17 [breakdown] OK G2985/N-APF (surface=λαμπάδας) [534/11409]
2026-08-06 04:27:19 [breakdown] FAIL G2985/N-GPF: None timed out
2026-08-06 04:27:20 [breakdown] FAIL G2986/A-ASF: 429 {"timestamp":"2026-08-06T09:27:20.658+00:00","status":429,"error":"Too Many Requests","path":"/ai/breakdown"}
2026-08-06 04:27:22 [breakdown] OK G2986/A-DSF (surface=λαμπρᾷ) [535/11409]
2026-08-06 04:27:53 [breakdown] OK G2987/N-ASF (surface=λαμπρότητα) [536/11409]
2026-08-06 04:27:55 [breakdown] FAIL G2989/V-AAM-3S: 429 {"timestamp":"2026-08-06T09:27:55.099+00:00","status":429,"error":"Too Many Requests","path":"/ai/breakdown"}
2026-08-06 04:27:57 [breakdown] OK G299/A-APM (surface=ἀμώμους) [537/11409]
2026-08-06 04:28:58 [breakdown] FAIL G299/A-ASN: None timed out
2026-08-06 04:29:00 [breakdown] FAIL G299/A-GSM: 429 {"timestamp":"2026-08-06T09:29:00.033+00:00","status":429,"error":"Too Many Requests","path":"/ai/breakdown"}
2026-08-06 04:29:02 [breakdown] OK G299/A-NSF (surface=ἄμωμος) [538/11409]
2026-08-06 04:29:33 [breakdown] OK G2990/V-2AAN (surface=λαθεῖν) [539/11409]
2026-08-06 04:29:35 [breakdown] FAIL G2990/V-PAI-3S: 429 {"timestamp":"2026-08-06T09:29:35.044+00:00","status":429,"error":"Too Many Requests","path":"/ai/breakdown"}
2026-08-06 04:29:37 [breakdown] OK G2990/V-PAN (surface=λανθάνειν) [540/11409]
2026-08-06 04:29:50 [breakdown] OK G2992/N-DPM (surface=λαοῖς) [541/11409]
2026-08-06 04:29:51 [breakdown] FAIL G2992/N-GSM: 429 {"timestamp":"2026-08-06T09:29:51.848+00:00","status":429,"error":"Too Many Requests","path":"/ai/breakdown"}
2026-08-06 04:29:53 [breakdown] OK G2992/N-VSM (surface=λαός) [542/11409]
2026-08-06 04:30:30 [breakdown] OK G2993/N-GSF-L (surface=Λαοδικείας) [543/11409]
2026-08-06 04:30:31 [breakdown] FAIL G2996/N-NSF-L: 429 {"timestamp":"2026-08-06T09:30:31.672+00:00","status":429,"error":"Too Many Requests","path":"/ai/breakdown"}
2026-08-06 04:30:33 [breakdown] OK G2998/V-RPP-NSN (surface=λελατομημένον) [544/11409]
2026-08-06 04:31:35 [breakdown] FAIL G2999/N-GSF: None timed out
2026-08-06 04:31:36 [breakdown] FAIL G30/N-DPN: 429 {"timestamp":"2026-08-06T09:31:36.497+00:00","status":429,"error":"Too Many Requests","path":"/ai/breakdown"}
2026-08-06 04:31:38 [breakdown] OK G3000/V-FAI-2S (surface=λατρεύσεις) [545/11409]
2026-08-06 04:31:52 [breakdown] OK G3000/V-FAI-3P (surface=λατρεύσουσιν) [546/11409]
2026-08-06 04:31:54 [breakdown] FAIL G3000/V-PAI-3P: 429 {"timestamp":"2026-08-06T09:31:54.157+00:00","status":429,"error":"Too Many Requests","path":"/ai/breakdown"}
2026-08-06 04:31:56 [breakdown] OK G3000/V-PAN (surface=λατρεύειν) [547/11409]
2026-08-06 04:32:57 [breakdown] FAIL G3000/V-PAP-NPM: None timed out
2026-08-06 04:32:59 [breakdown] FAIL G3000/V-PAS-1P: 429 {"timestamp":"2026-08-06T09:32:59.132+00:00","status":429,"error":"Too Many Requests","path":"/ai/breakdown"}
2026-08-06 04:33:01 [breakdown] OK G3001/N-GPN (surface=λαχάνων) [548/11409]
2026-08-06 04:33:55 [breakdown] OK G3003/N-NSF (surface=Λεγιών) [549/11409]
2026-08-06 04:33:56 [breakdown] FAIL G3004/V-IAI-3P: 429 {"timestamp":"2026-08-06T09:33:56.789+00:00","status":429,"error":"Too Many Requests","path":"/ai/breakdown"}
2026-08-06 04:33:59 [breakdown] OK G3004/V-PAI-2P (surface=λέγετε) [550/11409]
2026-08-06 04:35:00 [breakdown] FAIL G3004/V-PAI-3S: None timed out
2026-08-06 04:35:02 [breakdown] FAIL G3004/V-PAM-3S: 429 {"timestamp":"2026-08-06T09:35:02.015+00:00","status":429,"error":"Too Many Requests","path":"/ai/breakdown"}
2026-08-06 04:35:04 [breakdown] OK G3004/V-PAP-ASF (surface=λέγουσαν) [551/11409]
2026-08-06 04:36:05 [breakdown] FAIL G3004/V-PAP-GPM: None timed out
2026-08-06 04:36:07 [breakdown] FAIL G3004/V-PAP-GSN: 429 {"timestamp":"2026-08-06T09:36:07.156+00:00","status":429,"error":"Too Many Requests","path":"/ai/breakdown"}
2026-08-06 04:36:09 [breakdown] OK G3004/V-PAP-NPN (surface=λέγοντα) [552/11409]
2026-08-06 04:36:22 [breakdown] OK G3004/V-PAP-NSN (surface=λέγον) [553/11409]
2026-08-06 04:36:23 [breakdown] FAIL G3004/V-PAS-1P: 429 {"timestamp":"2026-08-06T09:36:23.810+00:00","status":429,"error":"Too Many Requests","path":"/ai/breakdown"}
2026-08-06 04:36:25 [breakdown] OK G3004/V-PAS-3P (surface=λέγωσιν) [554/11409]
2026-08-06 04:37:27 [breakdown] FAIL G3004/V-PPN: None timed out
2026-08-06 04:37:28 [breakdown] FAIL G3004/V-PPP-ASM: 429 {"timestamp":"2026-08-06T09:37:28.656+00:00","status":429,"error":"Too Many Requests","path":"/ai/breakdown"}
2026-08-06 04:37:31 [breakdown] OK G3004/V-PPP-GSF (surface=λεγομένης) [555/11409]
2026-08-06 04:38:32 [breakdown] FAIL G3004/V-PPP-NSF: None timed out
2026-08-06 04:38:33 [breakdown] FAIL G3006/A-APF: 429 {"timestamp":"2026-08-06T09:38:33.989+00:00","status":429,"error":"Too Many Requests","path":"/ai/breakdown"}
2026-08-06 04:38:36 [breakdown] OK G3007/V-PAS-3S (surface=λείπῃ) [556/11409]
2026-08-06 04:38:53 [breakdown] OK G3007/V-PMP-NPM (surface=λειπόμενοι) [557/11409]
2026-08-06 04:38:55 [breakdown] FAIL G3008/V-AAN: 429 {"timestamp":"2026-08-06T09:38:55.317+00:00","status":429,"error":"Too Many Requests","path":"/ai/breakdown"}
2026-08-06 04:38:57 [breakdown] OK G3009/N-DSF (surface=λειτουργίᾳ) [558/11409]
2026-08-06 04:39:21 [breakdown] OK G3009/N-GSF (surface=λειτουργίας) [559/11409]
2026-08-06 04:39:23 [breakdown] FAIL G301/N-GSM-P: 429 {"timestamp":"2026-08-06T09:39:23.564+00:00","status":429,"error":"Too Many Requests","path":"/ai/breakdown"}
2026-08-06 04:39:25 [breakdown] OK G3011/N-APM (surface=λειτουργοὺς) [560/11409]
2026-08-06 04:40:26 [breakdown] FAIL G3011/N-NSM: None timed out
2026-08-06 04:40:28 [breakdown] FAIL G3013/N-NPF: 429 {"timestamp":"2026-08-06T09:40:28.532+00:00","status":429,"error":"Too Many Requests","path":"/ai/breakdown"}
2026-08-06 04:40:30 [breakdown] FAIL G3015/A-APM: 500 {"timestamp":"2026-08-06T09:40:30.124+00:00","status":500,"error":"Internal Server Error","path":"/ai/breakdown"}
2026-08-06 04:41:31 [breakdown] FAIL G3015/A-NSM: None timed out
2026-08-06 04:41:32 [breakdown] FAIL G3017/N-ASM-P: 429 {"timestamp":"2026-08-06T09:41:32.989+00:00","status":429,"error":"Too Many Requests","path":"/ai/breakdown"}
2026-08-06 04:41:35 [breakdown] OK G3017/N-NSM-P (surface=Λευὶς) [561/11409]
2026-08-06 04:42:36 [breakdown] FAIL G3019/N-APM-PG: None timed out
2026-08-06 04:42:38 [breakdown] FAIL G302/PRT: 429 {"timestamp":"2026-08-06T09:42:38.014+00:00","status":429,"error":"Too Many Requests","path":"/ai/breakdown"}
2026-08-06 04:42:40 [breakdown] OK G3020/A-GSF-PG (surface=Λευιτικῆς) [562/11409]
2026-08-06 04:43:32 [breakdown] OK G3021/V-AAN (surface=λευκᾶναι) [563/11409]
2026-08-06 04:43:34 [breakdown] FAIL G3022/A-APF: 429 {"timestamp":"2026-08-06T09:43:34.643+00:00","status":429,"error":"Too Many Requests","path":"/ai/breakdown"}
2026-08-06 04:43:36 [breakdown] OK G3022/A-ASM (surface=λευκὸν) [564/11409]
2026-08-06 04:44:38 [breakdown] FAIL G3022/A-DPM: None timed out
2026-08-06 04:44:39 [breakdown] FAIL G3022/A-NPN: 429 {"timestamp":"2026-08-06T09:44:39.873+00:00","status":429,"error":"Too Many Requests","path":"/ai/breakdown"}
2026-08-06 04:44:42 [breakdown] OK G3022/A-NSM (surface=λευκὸς) [565/11409]
2026-08-06 04:45:41 [breakdown] OK G3022/A-NSN (surface=λευκόν) [566/11409]
2026-08-06 04:45:43 [breakdown] FAIL G3023/N-GSM: 429 {"timestamp":"2026-08-06T09:45:43.364+00:00","status":429,"error":"Too Many Requests","path":"/ai/breakdown"}
2026-08-06 04:45:45 [breakdown] OK G3025/N-ASF (surface=ληνὸν) [567/11409]
2026-08-06 04:45:59 [breakdown] OK G3025/N-GSF (surface=ληνοῦ) [568/11409]
2026-08-06 04:46:00 [breakdown] FAIL G3026/N-NSM: 429 {"timestamp":"2026-08-06T09:46:00.688+00:00","status":429,"error":"Too Many Requests","path":"/ai/breakdown"}
2026-08-06 04:46:03 [breakdown] OK G3027/N-DPM (surface=λῃσταῖς) [569/11409]
2026-08-06 04:46:19 [breakdown] OK G3027/N-NSM (surface=λῃστής) [570/11409]
2026-08-06 04:46:21 [breakdown] FAIL G3030/N-ASM: 429 {"timestamp":"2026-08-06T09:46:21.353+00:00","status":429,"error":"Too Many Requests","path":"/ai/breakdown"}
2026-08-06 04:46:23 [breakdown] OK G3033/N-GSF-L (surface=Λιβύης) [571/11409]
2026-08-06 04:46:40 [breakdown] OK G3034/V-AAS-3P (surface=λιθάσωσιν) [572/11409]
2026-08-06 04:46:42 [breakdown] FAIL G3034/V-APS-3P: 429 {"timestamp":"2026-08-06T09:46:42.551+00:00","status":429,"error":"Too Many Requests","path":"/ai/breakdown"}
2026-08-06 04:46:44 [breakdown] OK G3034/V-PAN (surface=λιθάζειν) [573/11409]
2026-08-06 04:46:59 [breakdown] OK G3035/A-NPF (surface=λίθιναι) [574/11409]
2026-08-06 04:47:00 [breakdown] FAIL G3036/V-FPI-3S: 429 {"timestamp":"2026-08-06T09:47:00.579+00:00","status":429,"error":"Too Many Requests","path":"/ai/breakdown"}
2026-08-06 04:47:02 [breakdown] OK G3036/V-PAP-VSF (surface=λιθοβολοῦσα) [575/11409]
2026-08-06 04:47:26 [breakdown] OK G3037/N-APM (surface=λίθους) [576/11409]
2026-08-06 04:47:27 [breakdown] FAIL G3037/N-DSM: 429 {"timestamp":"2026-08-06T09:47:27.711+00:00","status":429,"error":"Too Many Requests","path":"/ai/breakdown"}
2026-08-06 04:47:30 [breakdown] OK G3037/N-NPM (surface=λίθοι) [577/11409]
2026-08-06 04:48:31 [breakdown] FAIL G3039/V-FAI-3S: None timed out
2026-08-06 04:48:32 [breakdown] FAIL G3040/N-APM: 429 {"timestamp":"2026-08-06T09:48:32.746+00:00","status":429,"error":"Too Many Requests","path":"/ai/breakdown"}
2026-08-06 04:49:33 [breakdown] FAIL G3040/N-GSM: None timed out
2026-08-06 04:50:35 [breakdown] FAIL G3041/N-ASF: None timed out
2026-08-06 04:50:36 [breakdown] FAIL G3041/N-NSF: 429 {"timestamp":"2026-08-06T09:50:36.746+00:00","status":429,"error":"Too Many Requests","path":"/ai/breakdown"}
2026-08-06 04:50:39 [breakdown] OK G3042/N-DSM (surface=λιμῷ) [578/11409]
2026-08-06 04:50:54 [breakdown] OK G3042/N-NSF (surface=λιμὸς) [579/11409]
2026-08-06 04:50:56 [breakdown] FAIL G3042/N-NSM: 429 {"timestamp":"2026-08-06T09:50:56.035+00:00","status":429,"error":"Too Many Requests","path":"/ai/breakdown"}
2026-08-06 04:50:58 [breakdown] OK G3044/N-NSM-P (surface=Λίνος) [580/11409]
2026-08-06 04:51:11 [breakdown] OK G3045/A-NPN (surface=λιπαρὰ) [581/11409]
2026-08-06 04:51:13 [breakdown] FAIL G3047/N-ASM: 429 {"timestamp":"2026-08-06T09:51:13.332+00:00","status":429,"error":"Too Many Requests","path":"/ai/breakdown"}
2026-08-06 04:51:31 [breakdown] OK G3049/V-ADP-NSM (surface=λογισάμενος) [582/11409]
2026-08-06 04:52:33 [breakdown] FAIL G3049/V-AMN: None timed out
2026-08-06 04:52:34 [breakdown] FAIL G3049/V-AOO-3S: 429 {"timestamp":"2026-08-06T09:52:34.505+00:00","status":429,"error":"Too Many Requests","path":"/ai/breakdown"}
2026-08-06 04:52:36 [breakdown] OK G3049/V-APN (surface=λογισθῆναι) [583/11409]
2026-08-06 04:53:16 [breakdown] OK G3049/V-PNI-1P (surface=λογιζόμεθα) [584/11409]
2026-08-06 04:53:18 [breakdown] FAIL G3049/V-PNI-2S: 429 {"timestamp":"2026-08-06T09:53:18.131+00:00","status":429,"error":"Too Many Requests","path":"/ai/breakdown"}
2026-08-06 04:54:19 [breakdown] FAIL G3049/V-PNM-2P: None timed out
2026-08-06 04:55:16 [breakdown] OK G3049/V-PNM-3S (surface=λογιζέσθω) [585/11409]
2026-08-06 04:55:17 [breakdown] FAIL G3049/V-PNP-APM: 429 {"timestamp":"2026-08-06T09:55:17.942+00:00","status":429,"error":"Too Many Requests","path":"/ai/breakdown"}
2026-08-06 04:55:20 [breakdown] OK G3049/V-PNP-DSM (surface=λογιζομένῳ) [586/11409]
2026-08-06 04:56:21 [breakdown] FAIL G3049/V-PNP-NSM: None timed out
2026-08-06 04:56:23 [breakdown] FAIL G3049/V-PPN: 429 {"timestamp":"2026-08-06T09:56:23.277+00:00","status":429,"error":"Too Many Requests","path":"/ai/breakdown"}
2026-08-06 04:56:43 [breakdown] OK G305/V-2AAI-1P (surface=ἀνέβημεν) [587/11409]
2026-08-06 04:57:05 [breakdown] OK G305/V-2AAI-1S (surface=ἀνέβην) [588/11409]
2026-08-06 04:57:07 [breakdown] FAIL G305/V-2AAI-3P: 429 {"timestamp":"2026-08-06T09:57:07.309+00:00","status":429,"error":"Too Many Requests","path":"/ai/breakdown"}
2026-08-06 04:57:09 [breakdown] OK G305/V-2AAI-3S (surface=ἀνέβη) [589/11409]
2026-08-06 04:57:35 [breakdown] OK G305/V-2AAM-2P (surface=ἀνάβητε) [590/11409]
2026-08-06 04:57:37 [breakdown] FAIL G305/V-2AAM-2S: 429 {"timestamp":"2026-08-06T09:57:37.210+00:00","status":429,"error":"Too Many Requests","path":"/ai/breakdown"}
2026-08-06 04:58:38 [breakdown] FAIL G305/V-2AAP-ASM: None timed out
2026-08-06 04:59:24 [breakdown] OK G305/V-2AAP-GPM (surface=ἀναβάντων) [591/11409]
2026-08-06 04:59:26 [breakdown] FAIL G305/V-2AAP-NPM: 429 {"timestamp":"2026-08-06T09:59:26.269+00:00","status":429,"error":"Too Many Requests","path":"/ai/breakdown"}
2026-08-06 04:59:28 [breakdown] OK G305/V-2AAP-NSM (surface=Ἀναβὰς) [592/11409]
2026-08-06 04:59:45 [breakdown] OK G305/V-FDI-3S (surface=ἀναβήσεται) [593/11409]
2026-08-06 04:59:47 [breakdown] FAIL G305/V-IAI-3P: 429 {"timestamp":"2026-08-06T09:59:47.480+00:00","status":429,"error":"Too Many Requests","path":"/ai/breakdown"}
2026-08-06 05:00:08 [breakdown] OK G305/V-PAI-1P (surface=ἀναβαίνομεν) [594/11409]
2026-08-06 05:00:30 [breakdown] OK G305/V-PAI-3S (surface=ἀναβαίνει) [595/11409]
2026-08-06 05:00:31 [breakdown] FAIL G305/V-PAP-ASM: 429 {"timestamp":"2026-08-06T10:00:31.810+00:00","status":429,"error":"Too Many Requests","path":"/ai/breakdown"}
2026-08-06 05:01:33 [breakdown] FAIL G305/V-PAP-NPM: None timed out
2026-08-06 05:01:59 [breakdown] OK G305/V-PAP-NSN (surface=ἀναβαῖνον) [596/11409]
2026-08-06 05:02:00 [breakdown] FAIL G3050/A-ASF: 429 {"timestamp":"2026-08-06T10:02:00.915+00:00","status":429,"error":"Too Many Requests","path":"/ai/breakdown"}
2026-08-06 05:02:03 [breakdown] OK G3051/N-GPN (surface=λογίων) [597/11409]
2026-08-06 05:02:27 [breakdown] OK G3053/N-GPM (surface=λογισμῶν) [598/11409]
2026-08-06 05:02:29 [breakdown] FAIL G3056/N-APM: 429 {"timestamp":"2026-08-06T10:02:29.347+00:00","status":429,"error":"Too Many Requests","path":"/ai/breakdown"}
2026-08-06 05:03:30 [breakdown] FAIL G3056/N-DSM: None timed out
2026-08-06 05:03:42 [breakdown] OK G3056/N-NPM (surface=λόγοι) [599/11409]
2026-08-06 05:03:43 [breakdown] FAIL G3058/V-PAI-2S: 429 {"timestamp":"2026-08-06T10:03:43.932+00:00","status":429,"error":"Too Many Requests","path":"/ai/breakdown"}
2026-08-06 05:03:46 [breakdown] OK G3059/N-ASF (surface=λοιδορίαν) [600/11409]
2026-08-06 05:04:47 [breakdown] FAIL G3060/N-NPM: None timed out
2026-08-06 05:04:49 [breakdown] FAIL G3061/N-NPM: 429 {"timestamp":"2026-08-06T10:04:49.419+00:00","status":429,"error":"Too Many Requests","path":"/ai/breakdown"}
2026-08-06 05:05:50 [breakdown] FAIL G3062/A-APM: None timed out
2026-08-06 05:06:51 [breakdown] FAIL G3062/A-APN: None timed out
2026-08-06 05:06:53 [breakdown] FAIL G3062/A-GPF: 429 {"timestamp":"2026-08-06T10:06:53.461+00:00","status":429,"error":"Too Many Requests","path":"/ai/breakdown"}
2026-08-06 05:06:56 [breakdown] OK G3062/A-NPF (surface=λοιπαὶ) [601/11409]
2026-08-06 05:07:46 [breakdown] OK G3064/A-GSN (surface=λοιποῦ) [602/11409]
2026-08-06 05:07:48 [breakdown] FAIL G3067/N-DSN: 429 {"timestamp":"2026-08-06T10:07:48.040+00:00","status":429,"error":"Too Many Requests","path":"/ai/breakdown"}
2026-08-06 05:08:04 [breakdown] OK G3068/V-AAP-NPM (surface=λούσαντες) [603/11409]
2026-08-06 05:09:05 [breakdown] FAIL G3068/V-RMP-NSM: None timed out
2026-08-06 05:09:06 [breakdown] FAIL G307/V-AAP-NPM: 429 {"timestamp":"2026-08-06T10:09:06.906+00:00","status":429,"error":"Too Many Requests","path":"/ai/breakdown"}
2026-08-06 05:09:09 [breakdown] OK G3071/N-GSF-L (surface=Λυκαονίας) [604/11409]
2026-08-06 05:10:10 [breakdown] FAIL G3074/N-ASM: None timed out
2026-08-06 05:10:12 [breakdown] FAIL G3074/N-NSM: 429 {"timestamp":"2026-08-06T10:10:12.198+00:00","status":429,"error":"Too Many Requests","path":"/ai/breakdown"}
2026-08-06 05:10:41 [breakdown] OK G3076/V-AAI-3S (surface=ἐλύπησεν) [605/11409]
2026-08-06 05:11:24 [breakdown] OK G3076/V-API-3S (surface=Ἐλυπήθη) [606/11409]
2026-08-06 05:11:26 [breakdown] FAIL G3076/V-APP-NSM: 429 {"timestamp":"2026-08-06T10:11:26.465+00:00","status":429,"error":"Too Many Requests","path":"/ai/breakdown"}
2026-08-06 05:11:28 [breakdown] OK G3076/V-PAI-1S (surface=λυπῶ) [607/11409]
2026-08-06 05:12:29 [breakdown] FAIL G3076/V-PPN: None timed out
2026-08-06 05:12:31 [breakdown] FAIL G3076/V-PPS-2P: 429 {"timestamp":"2026-08-06T10:12:31.509+00:00","status":429,"error":"Too Many Requests","path":"/ai/breakdown"}
2026-08-06 05:12:51 [breakdown] OK G3077/N-APF (surface=λύπας) [608/11409]
2026-08-06 05:13:52 [breakdown] FAIL G3077/N-ASF: None timed out
2026-08-06 05:13:54 [breakdown] FAIL G3077/N-GSF: 429 {"timestamp":"2026-08-06T10:13:54.690+00:00","status":429,"error":"Too Many Requests","path":"/ai/breakdown"}
2026-08-06 05:13:56 [breakdown] OK G3077/N-NSF (surface=λύπη) [609/11409]
2026-08-06 05:14:57 [breakdown] FAIL G308/V-AAI-1S: None timed out
2026-08-06 05:14:59 [breakdown] FAIL G308/V-AAI-3S: 429 {"timestamp":"2026-08-06T10:14:59.939+00:00","status":429,"error":"Too Many Requests","path":"/ai/breakdown"}
2026-08-06 05:15:40 [breakdown] OK G308/V-AAM-2S (surface=ἀνάβλεψον) [610/11409]
2026-08-06 05:16:41 [breakdown] FAIL G308/V-AAP-NSM: None timed out
2026-08-06 05:16:43 [breakdown] FAIL G308/V-AAS-3S: 429 {"timestamp":"2026-08-06T10:16:43.409+00:00","status":429,"error":"Too Many Requests","path":"/ai/breakdown"}
2026-08-06 05:16:45 [breakdown] OK G3081/V-PAI-3S (surface=λυσιτελεῖ) [611/11409]
2026-08-06 05:17:47 [breakdown] FAIL G3083/N-ASN: None timed out
2026-08-06 05:17:48 [breakdown] FAIL G3084/V-PMN: 429 {"timestamp":"2026-08-06T10:17:48.836+00:00","status":429,"error":"Too Many Requests","path":"/ai/breakdown"}
2026-08-06 05:18:08 [breakdown] OK G3086/N-ASM (surface=λυτρωτὴν) [612/11409]
2026-08-06 05:19:09 [breakdown] FAIL G3087/N-APF: None timed out
2026-08-06 05:19:10 [breakdown] FAIL G3087/N-ASF: 429 {"timestamp":"2026-08-06T10:19:10.977+00:00","status":429,"error":"Too Many Requests","path":"/ai/breakdown"}
2026-08-06 05:19:13 [breakdown] OK G3087/N-GPF (surface=λυχνιῶν) [613/11409]
2026-08-06 05:20:14 [breakdown] FAIL G3087/N-GSF: None timed out
2026-08-06 05:20:15 [breakdown] FAIL G3087/N-NPF: 429 {"timestamp":"2026-08-06T10:20:15.911+00:00","status":429,"error":"Too Many Requests","path":"/ai/breakdown"}
2026-08-06 05:20:25 [breakdown] OK G3087/N-NSF (surface=λυχνία) [614/11409]
2026-08-06 05:21:26 [breakdown] FAIL G3088/N-ASM: None timed out
2026-08-06 05:21:28 [breakdown] FAIL G3088/N-DSM: 429 {"timestamp":"2026-08-06T10:21:28.184+00:00","status":429,"error":"Too Many Requests","path":"/ai/breakdown"}
2026-08-06 05:21:30 [breakdown] OK G3088/N-GSM (surface=λύχνου) [615/11409]
2026-08-06 05:22:31 [breakdown] FAIL G3088/N-NPM: None timed out
2026-08-06 05:22:33 [breakdown] FAIL G3088/N-NSM: 429 {"timestamp":"2026-08-06T10:22:33.319+00:00","status":429,"error":"Too Many Requests","path":"/ai/breakdown"}
2026-08-06 05:22:35 [breakdown] OK G3089/V-AAI-3S (surface=ἔλυσεν) [616/11409]
2026-08-06 05:23:36 [breakdown] FAIL G3089/V-AAM-2P: None timed out
2026-08-06 05:23:38 [breakdown] FAIL G3089/V-AAM-2S: 429 {"timestamp":"2026-08-06T10:23:38.339+00:00","status":429,"error":"Too Many Requests","path":"/ai/breakdown"}
2026-08-06 05:23:40 [breakdown] OK G3089/V-AAN (surface=λῦσαι) [617/11409]
2026-08-06 05:24:08 [breakdown] OK G3089/V-AAP-DSM (surface=λύσαντι) [618/11409]
2026-08-06 05:24:09 [breakdown] FAIL G3089/V-AAP-NPM: 429 {"timestamp":"2026-08-06T10:24:09.774+00:00","status":429,"error":"Too Many Requests","path":"/ai/breakdown"}
2026-08-06 05:24:57 [breakdown] OK G3089/V-AAP-NSM (surface=λύσας) [619/11409]
2026-08-06 05:25:31 [breakdown] OK G3089/V-AAS-1S (surface=λύσω) [620/11409]
2026-08-06 05:25:33 [breakdown] FAIL G3089/V-AAS-2P: 429 {"timestamp":"2026-08-06T10:25:33.651+00:00","status":429,"error":"Too Many Requests","path":"/ai/breakdown"}
2026-08-06 05:26:34 [breakdown] FAIL G3089/V-AAS-2S: None timed out
2026-08-06 05:26:59 [breakdown] OK G3089/V-AAS-3S (surface=λύσῃ) [621/11409]
2026-08-06 05:27:01 [breakdown] FAIL G3089/V-API-3P: 429 {"timestamp":"2026-08-06T10:27:01.298+00:00","status":429,"error":"Too Many Requests","path":"/ai/breakdown"}
2026-08-06 05:27:03 [breakdown] OK G3089/V-API-3S (surface=ἐλύθη) [622/11409]
2026-08-06 05:27:37 [breakdown] OK G3089/V-APN (surface=λυθῆναι) [623/11409]
2026-08-06 05:27:39 [breakdown] FAIL G3089/V-APP-GSF: 429 {"timestamp":"2026-08-06T10:27:39.495+00:00","status":429,"error":"Too Many Requests","path":"/ai/breakdown"}
2026-08-06 05:28:06 [breakdown] OK G3089/V-APS-3S (surface=λυθῇ) [624/11409]
2026-08-06 05:28:42 [breakdown] OK G3089/V-FPI-3P (surface=λυθήσονται) [625/11409]
2026-08-06 05:28:44 [breakdown] FAIL G3089/V-FPI-3S: 429 {"timestamp":"2026-08-06T10:28:44.622+00:00","status":429,"error":"Too Many Requests","path":"/ai/breakdown"}
2026-08-06 05:28:46 [breakdown] OK G3089/V-IAI-3S (surface=ἔλυεν) [626/11409]
2026-08-06 05:29:06 [breakdown] OK G3089/V-IPI-3S (surface=ἐλύετο) [627/11409]
2026-08-06 05:29:08 [breakdown] FAIL G3089/V-PAI-2P: 429 {"timestamp":"2026-08-06T10:29:08.073+00:00","status":429,"error":"Too Many Requests","path":"/ai/breakdown"}
2026-08-06 05:29:53 [breakdown] OK G3089/V-PAI-3P (surface=λύουσιν) [628/11409]
2026-08-06 05:30:54 [breakdown] FAIL G3089/V-PAI-3S: None timed out
2026-08-06 05:30:55 [breakdown] FAIL G3089/V-PAP-GPM: 429 {"timestamp":"2026-08-06T10:30:55.903+00:00","status":429,"error":"Too Many Requests","path":"/ai/breakdown"}
2026-08-06 05:30:58 [breakdown] OK G3089/V-PAP-NPM (surface=λύοντες) [629/11409]
2026-08-06 05:31:20 [breakdown] OK G3089/V-PPP-GPN (surface=λυομένων) [630/11409]
2026-08-06 05:31:22 [breakdown] FAIL G3089/V-RPI-2S: 429 {"timestamp":"2026-08-06T10:31:22.040+00:00","status":429,"error":"Too Many Requests","path":"/ai/breakdown"}
2026-08-06 05:32:23 [breakdown] FAIL G3089/V-RPP-NPN: None timed out
2026-08-06 05:33:24 [breakdown] FAIL G3089/V-RPP-NSN: None timed out
2026-08-06 05:33:25 [breakdown] FAIL G309/N-ASF: 429 {"timestamp":"2026-08-06T10:33:25.881+00:00","status":429,"error":"Too Many Requests","path":"/ai/breakdown"}
2026-08-06 05:33:27 [breakdown] OK G3090/N-DSF-P (surface=Λωΐδι) [631/11409]
2026-08-06 05:34:06 [breakdown] OK G3091/N-ASM-P (surface=Λὼτ) [632/11409]
2026-08-06 05:34:08 [breakdown] FAIL G3091/N-GSM-P: 429 {"timestamp":"2026-08-06T10:34:08.215+00:00","status":429,"error":"Too Many Requests","path":"/ai/breakdown"}
2026-08-06 05:35:00 [breakdown] OK G3091/N-NSM-P (surface=Λὼτ) [633/11409]
2026-08-06 05:35:30 [breakdown] OK G3092/N-GSM-P (surface=Μαὰθ) [634/11409]
2026-08-06 05:35:31 [breakdown] FAIL G3093/N-GSF-L: 429 {"timestamp":"2026-08-06T10:35:31.784+00:00","status":429,"error":"Too Many Requests","path":"/ai/breakdown"}
2026-08-06 05:35:49 [breakdown] OK G3094/N-DSF-LG (surface=Μαγδαληνῇ) [635/11409]
2026-08-06 05:36:20 [breakdown] OK G3094/N-NSF-LG (surface=Μαγδαληνὴ) [636/11409]
2026-08-06 05:36:21 [breakdown] FAIL G3095/N-DPF: 429 {"timestamp":"2026-08-06T10:36:21.644+00:00","status":429,"error":"Too Many Requests","path":"/ai/breakdown"}
2026-08-06 05:36:23 [breakdown] OK G3096/V-PAP-NSM (surface=μαγεύων) [637/11409]
2026-08-06 05:36:48 [breakdown] OK G3097/N-APM (surface=μάγους) [638/11409]
2026-08-06 05:36:50 [breakdown] FAIL G3097/N-ASM: 429 {"timestamp":"2026-08-06T10:36:50.044+00:00","status":429,"error":"Too Many Requests","path":"/ai/breakdown"}
2026-08-06 05:37:44 [breakdown] OK G3097/N-GPM (surface=μάγων) [639/11409]
2026-08-06 05:38:45 [breakdown] FAIL G3097/N-NPM: None timed out
2026-08-06 05:38:47 [breakdown] FAIL G3097/N-NSM: 429 {"timestamp":"2026-08-06T10:38:47.322+00:00","status":429,"error":"Too Many Requests","path":"/ai/breakdown"}
2026-08-06 05:38:49 [breakdown] OK G3098/N-ASM-L (surface=Μαγώγ) [640/11409]
2026-08-06 05:39:50 [breakdown] FAIL G3099/N-GSM-L: None timed out
2026-08-06 05:39:52 [breakdown] FAIL G31/N-NSF: 429 {"timestamp":"2026-08-06T10:39:52.712+00:00","status":429,"error":"Too Many Requests","path":"/ai/breakdown"}
2026-08-06 05:39:55 [breakdown] OK G310/V-AAI-3S (surface=ἀνεβόησεν) [641/11409]
2026-08-06 05:40:57 [breakdown] FAIL G3100/V-AAM-2P: None timed out
2026-08-06 05:40:58 [breakdown] FAIL G3100/V-AAP-NPM: 429 {"timestamp":"2026-08-06T10:40:58.611+00:00","status":429,"error":"Too Many Requests","path":"/ai/breakdown"}
2026-08-06 05:41:59 [breakdown] FAIL G3100/V-API-3S: None timed out
2026-08-06 05:43:01 [breakdown] FAIL G3100/V-APP-NSM: None timed out
2026-08-06 05:43:02 [breakdown] FAIL G3101/N-APM: 429 {"timestamp":"2026-08-06T10:43:02.448+00:00","status":429,"error":"Too Many Requests","path":"/ai/breakdown"}
2026-08-06 05:43:04 [breakdown] OK G3101/N-ASM (surface=μαθητὴν) [642/11409]
2026-08-06 05:43:19 [breakdown] OK G3101/N-DPM (surface=μαθηταῖς) [643/11409]
2026-08-06 05:43:20 [breakdown] FAIL G3101/N-DSM: 429 {"timestamp":"2026-08-06T10:43:20.991+00:00","status":429,"error":"Too Many Requests","path":"/ai/breakdown"}
2026-08-06 05:44:22 [breakdown] FAIL G3101/N-GPM: None timed out
2026-08-06 05:44:47 [breakdown] OK G3101/N-GSM (surface=μαθητοῦ) [644/11409]
2026-08-06 05:44:48 [breakdown] FAIL G3101/N-NPM: 429 {"timestamp":"2026-08-06T10:44:48.706+00:00","status":429,"error":"Too Many Requests","path":"/ai/breakdown"}
2026-08-06 05:44:51 [breakdown] OK G3101/N-NSM (surface=μαθητής) [645/11409]
2026-08-06 05:45:50 [breakdown] OK G3102/N-NSF (surface=μαθήτρια) [646/11409]
2026-08-06 05:45:52 [breakdown] FAIL G3103/N-GSM-P: 429 {"timestamp":"2026-08-06T10:45:52.351+00:00","status":429,"error":"Too Many Requests","path":"/ai/breakdown"}
2026-08-06 05:46:53 [breakdown] FAIL G3104/N-GSM-P: None timed out
2026-08-06 05:47:54 [breakdown] FAIL G3105/V-PNI-1S: None timed out
2026-08-06 05:47:56 [breakdown] FAIL G3105/V-PNI-2P: 429 {"timestamp":"2026-08-06T10:47:56.255+00:00","status":429,"error":"Too Many Requests","path":"/ai/breakdown"}
2026-08-06 05:47:58 [breakdown] OK G3105/V-PNI-2S (surface=Μαίνῃ) [647/11409]
2026-08-06 05:48:59 [breakdown] FAIL G3105/V-PNI-3S: None timed out
2026-08-06 05:49:01 [breakdown] FAIL G3106/V-FAI-3P: 429 {"timestamp":"2026-08-06T10:49:01.267+00:00","status":429,"error":"Too Many Requests","path":"/ai/breakdown"}
2026-08-06 05:49:03 [breakdown] OK G3106/V-PAI-1P (surface=μακαρίζομεν) [648/11409]
2026-08-06 05:49:59 [breakdown] OK G3107/A-ASF (surface=μακαρίαν) [649/11409]
2026-08-06 05:50:01 [breakdown] FAIL G3107/A-ASM: 429 {"timestamp":"2026-08-06T10:50:01.582+00:00","status":429,"error":"Too Many Requests","path":"/ai/breakdown"}
2026-08-06 05:50:03 [breakdown] OK G3107/A-GSM (surface=μακαρίου) [650/11409]
2026-08-06 05:50:15 [breakdown] OK G3107/A-NPF (surface=Μακάριαι) [651/11409]
2026-08-06 05:50:17 [breakdown] FAIL G3107/A-NPM: 429 {"timestamp":"2026-08-06T10:50:17.454+00:00","status":429,"error":"Too Many Requests","path":"/ai/breakdown"}
2026-08-06 05:50:39 [breakdown] OK G3107/A-NSF (surface=Μακαρία) [652/11409]
2026-08-06 05:51:19 [breakdown] OK G3107/A-NSF-C (surface=μακαριωτέρα) [653/11409]
2026-08-06 05:51:21 [breakdown] FAIL G3107/A-NSM: 429 {"timestamp":"2026-08-06T10:51:21.558+00:00","status":429,"error":"Too Many Requests","path":"/ai/breakdown"}
2026-08-06 05:51:23 [breakdown] OK G3107/A-NSN (surface=Μακάριόν) [654/11409]
2026-08-06 05:52:24 [breakdown] FAIL G3108/N-ASM: None timed out
2026-08-06 05:52:26 [breakdown] FAIL G3108/N-NSM: 429 {"timestamp":"2026-08-06T10:52:26.482+00:00","status":429,"error":"Too Many Requests","path":"/ai/breakdown"}
2026-08-06 05:53:27 [breakdown] FAIL G3109/N-ASF-L: None timed out
2026-08-06 05:54:28 [breakdown] FAIL G3109/N-DSF-L: None timed out
2026-08-06 05:54:30 [breakdown] FAIL G3109/N-GSF-L: 429 {"timestamp":"2026-08-06T10:54:30.491+00:00","status":429,"error":"Too Many Requests","path":"/ai/breakdown"}
2026-08-06 05:54:32 [breakdown] OK G3109/N-NSF-L (surface=Μακεδονία) [655/11409]
2026-08-06 05:55:33 [breakdown] FAIL G311/N-ASF: None timed out
2026-08-06 05:55:35 [breakdown] FAIL G3110/N-APM-LG: 429 {"timestamp":"2026-08-06T10:55:35.619+00:00","status":429,"error":"Too Many Requests","path":"/ai/breakdown"}
2026-08-06 05:55:55 [breakdown] OK G3110/N-DPM-LG (surface=Μακεδόσιν) [656/11409]
2026-08-06 05:56:56 [breakdown] FAIL G3110/N-GSM-LG: None timed out
2026-08-06 05:56:58 [breakdown] FAIL G3110/N-NPM-LG: 429 {"timestamp":"2026-08-06T10:56:58.323+00:00","status":429,"error":"Too Many Requests","path":"/ai/breakdown"}
2026-08-06 05:57:00 [breakdown] OK G3110/N-NSM-LG (surface=Μακεδών) [657/11409]
2026-08-06 05:58:01 [breakdown] FAIL G3111/N-DSN: None timed out
2026-08-06 05:58:03 [breakdown] FAIL G3113/ADV: 429 {"timestamp":"2026-08-06T10:58:03.288+00:00","status":429,"error":"Too Many Requests","path":"/ai/breakdown"}
2026-08-06 05:59:04 [breakdown] FAIL G3114/V-AAM-2P: None timed out
2026-08-06 06:00:05 [breakdown] FAIL G3114/V-AAM-2S: None timed out
2026-08-06 06:00:07 [breakdown] FAIL G3114/V-AAP-NSM: 429 {"timestamp":"2026-08-06T11:00:07.088+00:00","status":429,"error":"Too Many Requests","path":"/ai/breakdown"}
2026-08-06 06:00:09 [breakdown] OK G3114/V-PAI-3S (surface=μακροθυμεῖ) [658/11409]
2026-08-06 06:01:10 [breakdown] FAIL G3114/V-PAM-2P: None timed out
2026-08-06 06:01:12 [breakdown] FAIL G3114/V-PAP-NSM: 429 {"timestamp":"2026-08-06T11:01:12.321+00:00","status":429,"error":"Too Many Requests","path":"/ai/breakdown"}
2026-08-06 06:01:14 [breakdown] OK G3115/N-ASF (surface=μακροθυμίαν) [659/11409]
2026-08-06 06:01:38 [breakdown] OK G3115/N-DSF (surface=μακροθυμίᾳ) [660/11409]
2026-08-06 06:01:40 [breakdown] FAIL G3115/N-GSF: 429 {"timestamp":"2026-08-06T11:01:40.085+00:00","status":429,"error":"Too Many Requests","path":"/ai/breakdown"}
2026-08-06 06:01:57 [breakdown] OK G3115/N-NSF (surface=μακροθυμία) [661/11409]
2026-08-06 06:02:14 [breakdown] OK G3116/ADV (surface=μακροθύμως) [662/11409]
2026-08-06 06:02:16 [breakdown] FAIL G3117/A-APN: 429 {"timestamp":"2026-08-06T11:02:16.524+00:00","status":429,"error":"Too Many Requests","path":"/ai/breakdown"}
2026-08-06 06:02:18 [breakdown] OK G3117/A-ASF (surface=μακρὰν) [663/11409]
2026-08-06 06:03:19 [breakdown] FAIL G3118/A-NSM: None timed out
2026-08-06 06:03:21 [breakdown] FAIL G3119/N-ASF: 429 {"timestamp":"2026-08-06T11:03:21.653+00:00","status":429,"error":"Too Many Requests","path":"/ai/breakdown"}
2026-08-06 06:03:23 [breakdown] OK G312/V-2API-3S (surface=ἀνηγγέλη) [664/11409]
2026-08-06 06:03:43 [breakdown] OK G312/V-AAI-3P (surface=ἀνήγγειλάν) [665/11409]
2026-08-06 06:03:45 [breakdown] FAIL G312/V-AAI-3S: 429 {"timestamp":"2026-08-06T11:03:45.409+00:00","status":429,"error":"Too Many Requests","path":"/ai/breakdown"}
2026-08-06 06:04:12 [breakdown] OK G312/V-AAN (surface=ἀναγγεῖλαι) [666/11409]
2026-08-06 06:04:51 [breakdown] OK G312/V-FAI-3S (surface=ἀναγγελεῖ) [667/11409]
2026-08-06 06:04:52 [breakdown] FAIL G312/V-IAI-3P: 429 {"timestamp":"2026-08-06T11:04:52.823+00:00","status":429,"error":"Too Many Requests","path":"/ai/breakdown"}
2026-08-06 06:05:11 [breakdown] OK G312/V-PAI-1P (surface=ἀναγγέλλομεν) [668/11409]
2026-08-06 06:06:13 [breakdown] FAIL G312/V-PAP-NPM: None timed out
2026-08-06 06:06:14 [breakdown] FAIL G312/V-PAP-NSM: 429 {"timestamp":"2026-08-06T11:06:14.734+00:00","status":429,"error":"Too Many Requests","path":"/ai/breakdown"}
2026-08-06 06:06:16 [breakdown] OK G3120/A-APN (surface=μαλακὰ) [669/11409]
2026-08-06 06:07:18 [breakdown] FAIL G3120/A-DPN: None timed out
2026-08-06 06:07:19 [breakdown] FAIL G3120/A-NPM: 429 {"timestamp":"2026-08-06T11:07:19.852+00:00","status":429,"error":"Too Many Requests","path":"/ai/breakdown"}
2026-08-06 06:08:07 [breakdown] OK G3121/N-GSM-P (surface=Μαλελεὴλ) [670/11409]
2026-08-06 06:09:08 [breakdown] FAIL G3122/ADV: None timed out
2026-08-06 06:09:10 [breakdown] FAIL G3123/ADV: 429 {"timestamp":"2026-08-06T11:09:10.231+00:00","status":429,"error":"Too Many Requests","path":"/ai/breakdown"}
2026-08-06 06:09:12 [breakdown] OK G3124/N-NSM-P (surface=Μάλχος) [671/11409]
2026-08-06 06:10:13 [breakdown] FAIL G3125/N-DSF: None timed out
2026-08-06 06:10:15 [breakdown] FAIL G3126/N-DSM: 429 {"timestamp":"2026-08-06T11:10:15.358+00:00","status":429,"error":"Too Many Requests","path":"/ai/breakdown"}
2026-08-06 06:10:17 [breakdown] OK G3126/N-GSM (surface=μαμωνᾶ) [672/11409]
2026-08-06 06:10:49 [breakdown] OK G3127/N-NSM-P (surface=Μαναήν) [673/11409]
2026-08-06 06:10:51 [breakdown] FAIL G3128/N-ASM-P: 429 {"timestamp":"2026-08-06T11:10:51.306+00:00","status":429,"error":"Too Many Requests","path":"/ai/breakdown"}
2026-08-06 06:11:52 [breakdown] FAIL G3128/N-GSM-P: None timed out
2026-08-06 06:12:53 [breakdown] FAIL G3128/N-NSM-P: None timed out
2026-08-06 06:12:55 [breakdown] FAIL G3129/V-2AAI-1S: 429 {"timestamp":"2026-08-06T11:12:55.229+00:00","status":429,"error":"Too Many Requests","path":"/ai/breakdown"}
2026-08-06 06:12:57 [breakdown] OK G3129/V-2AAI-2P (surface=ἐμάθετε) [674/11409]
2026-08-06 06:13:34 [breakdown] OK G3129/V-2AAI-2S (surface=ἔμαθες) [675/11409]
2026-08-06 06:13:35 [breakdown] FAIL G3129/V-2AAI-3S: 429 {"timestamp":"2026-08-06T11:13:35.966+00:00","status":429,"error":"Too Many Requests","path":"/ai/breakdown"}
2026-08-06 06:13:38 [breakdown] OK G3129/V-2AAM-2P (surface=μάθετε) [676/11409]
2026-08-06 06:14:39 [breakdown] FAIL G3129/V-2AAN: None timed out
2026-08-06 06:14:40 [breakdown] FAIL G3129/V-2AAP-NSM: 429 {"timestamp":"2026-08-06T11:14:40.948+00:00","status":429,"error":"Too Many Requests","path":"/ai/breakdown"}
2026-08-06 06:15:42 [breakdown] FAIL G3129/V-2AAS-2P: None timed out
2026-08-06 06:16:15 [breakdown] OK G3129/V-PAI-3P (surface=μανθάνουσιν) [677/11409]
2026-08-06 06:16:16 [breakdown] FAIL G3129/V-PAM-3P: 429 {"timestamp":"2026-08-06T11:16:16.944+00:00","status":429,"error":"Too Many Requests","path":"/ai/breakdown"}
2026-08-06 06:16:19 [breakdown] OK G3129/V-PAM-3S (surface=μανθανέτω) [678/11409]
2026-08-06 06:16:59 [breakdown] OK G3129/V-PAP-APN (surface=μανθάνοντα) [679/11409]
2026-08-06 06:17:01 [breakdown] FAIL G3129/V-PAS-3P: 429 {"timestamp":"2026-08-06T11:17:01.487+00:00","status":429,"error":"Too Many Requests","path":"/ai/breakdown"}
2026-08-06 06:17:24 [breakdown] OK G3129/V-RAP-NSM (surface=μεμαθηκώς) [680/11409]
2026-08-06 06:18:10 [breakdown] OK G313/V-AAP-NSM (surface=ἀναγεννήσας) [681/11409]
2026-08-06 06:18:11 [breakdown] FAIL G313/V-RPP-NPM: 429 {"timestamp":"2026-08-06T11:18:11.858+00:00","status":429,"error":"Too Many Requests","path":"/ai/breakdown"}
2026-08-06 06:18:13 [breakdown] OK G3130/N-ASF (surface=μανίαν) [682/11409]
2026-08-06 06:18:25 [breakdown] OK G3131/HEB (surface=μάννα) [683/11409]
2026-08-06 06:18:26 [breakdown] FAIL G3132/V-PNP-NSF: 429 {"timestamp":"2026-08-06T11:18:26.891+00:00","status":429,"error":"Too Many Requests","path":"/ai/breakdown"}
2026-08-06 06:19:28 [breakdown] FAIL G3133/V-FPI-3S: None timed out
2026-08-06 06:20:29 [breakdown] FAIL G3134/ARAM: None timed out
2026-08-06 06:20:30 [breakdown] FAIL G3135/N-APM: 429 {"timestamp":"2026-08-06T11:20:30.939+00:00","status":429,"error":"Too Many Requests","path":"/ai/breakdown"}
2026-08-06 06:20:32 [breakdown] OK G3135/N-ASM (surface=μαργαρίτην) [684/11409]
2026-08-06 06:21:34 [breakdown] FAIL G3135/N-DPM: None timed out
2026-08-06 06:21:35 [breakdown] FAIL G3135/N-DSM: 429 {"timestamp":"2026-08-06T11:21:35.654+00:00","status":429,"error":"Too Many Requests","path":"/ai/breakdown"}
2026-08-06 06:21:37 [breakdown] OK G3135/N-GPM (surface=μαργαριτῶν) [685/11409]
2026-08-06 06:22:38 [breakdown] FAIL G3135/N-GSM: None timed out
2026-08-06 06:22:40 [breakdown] FAIL G3135/N-NPM: 429 {"timestamp":"2026-08-06T11:22:40.542+00:00","status":429,"error":"Too Many Requests","path":"/ai/breakdown"}
2026-08-06 06:22:42 [breakdown] OK G3136/N-ASF-P (surface=Μάρθαν) [686/11409]
2026-08-06 06:23:02 [breakdown] OK G3136/N-GSF-P (surface=Μάρθας) [687/11409]
2026-08-06 06:23:03 [breakdown] FAIL G3136/N-NSF-P: 429 {"timestamp":"2026-08-06T11:23:03.698+00:00","status":429,"error":"Too Many Requests","path":"/ai/breakdown"}
2026-08-06 06:23:22 [breakdown] OK G3136/N-VSF-P (surface=Μάρθα) [688/11409]
2026-08-06 06:24:23 [breakdown] FAIL G3137/N-ASF-P: None timed out
2026-08-06 06:24:25 [breakdown] FAIL G3137/N-DSF-P: 429 {"timestamp":"2026-08-06T11:24:25.218+00:00","status":429,"error":"Too Many Requests","path":"/ai/breakdown"}
2026-08-06 06:24:27 [breakdown] OK G3137/N-GSF-P (surface=Μαρίας) [689/11409]
2026-08-06 06:25:28 [breakdown] FAIL G3137/N-NSF-P: None timed out
2026-08-06 06:25:30 [breakdown] FAIL G3137/N-VSF-P: 429 {"timestamp":"2026-08-06T11:25:30.444+00:00","status":429,"error":"Too Many Requests","path":"/ai/breakdown"}
2026-08-06 06:26:31 [breakdown] FAIL G3138/N-ASM-P: None timed out
2026-08-06 06:26:48 [breakdown] OK G3138/N-GSM-P (surface=Μάρκου) [690/11409]
2026-08-06 06:26:50 [breakdown] FAIL G3138/N-NSM-P: 429 {"timestamp":"2026-08-06T11:26:50.507+00:00","status":429,"error":"Too Many Requests","path":"/ai/breakdown"}
2026-08-06 06:26:52 [breakdown] OK G3139/N-GSM (surface=μαρμάρου) [691/11409]
2026-08-06 06:27:54 [breakdown] FAIL G314/V-2AAI-2P: None timed out
2026-08-06 06:27:55 [breakdown] FAIL G314/V-2AAI-3P: 429 {"timestamp":"2026-08-06T11:27:55.734+00:00","status":429,"error":"Too Many Requests","path":"/ai/breakdown"}
2026-08-06 06:27:57 [breakdown] OK G314/V-2AAN (surface=ἀναγνῶναι) [692/11409]
2026-08-06 06:28:58 [breakdown] FAIL G314/V-2AAP-NPM: None timed out
2026-08-06 06:29:00 [breakdown] FAIL G314/V-2AAP-NSM: 429 {"timestamp":"2026-08-06T11:29:00.558+00:00","status":429,"error":"Too Many Requests","path":"/ai/breakdown"}
2026-08-06 06:29:02 [breakdown] OK G314/V-2AAS-2P (surface=ἀναγνῶτε) [693/11409]
2026-08-06 06:30:04 [breakdown] FAIL G314/V-APN: None timed out
2026-08-06 06:30:05 [breakdown] FAIL G314/V-APS-3S: 429 {"timestamp":"2026-08-06T11:30:05.686+00:00","status":429,"error":"Too Many Requests","path":"/ai/breakdown"}
2026-08-06 06:30:24 [breakdown] OK G314/V-IAI-3S (surface=ἀνεγίνωσκεν) [694/11409]
2026-08-06 06:31:25 [breakdown] FAIL G314/V-PAI-2P: None timed out
2026-08-06 06:31:27 [breakdown] FAIL G314/V-PAI-2S: 429 {"timestamp":"2026-08-06T11:31:27.515+00:00","status":429,"error":"Too Many Requests","path":"/ai/breakdown"}
2026-08-06 06:31:29 [breakdown] OK G314/V-PAP-GSM (surface=ἀναγινώσκοντος) [695/11409]
2026-08-06 06:31:53 [breakdown] OK G314/V-PAP-NPM (surface=ἀναγινώσκοντες) [696/11409]
2026-08-06 06:31:54 [breakdown] FAIL G314/V-PAP-NSM: 429 {"timestamp":"2026-08-06T11:31:54.560+00:00","status":429,"error":"Too Many Requests","path":"/ai/breakdown"}
2026-08-06 06:32:55 [breakdown] FAIL G314/V-PPP-APF: None timed out
2026-08-06 06:33:57 [breakdown] FAIL G314/V-PPP-NSF: None timed out
2026-08-06 06:33:58 [breakdown] FAIL G314/V-PPP-NSM: 429 {"timestamp":"2026-08-06T11:33:58.321+00:00","status":429,"error":"Too Many Requests","path":"/ai/breakdown"}
2026-08-06 06:34:00 [breakdown] OK G314/V-PPS-3S (surface=ἀναγινώσκηται) [697/11409]
2026-08-06 06:35:01 [breakdown] FAIL G3140/V-AAI-1P: None timed out
2026-08-06 06:35:03 [breakdown] FAIL G3140/V-AAI-3P: 429 {"timestamp":"2026-08-06T11:35:03.678+00:00","status":429,"error":"Too Many Requests","path":"/ai/breakdown"}
2026-08-06 06:35:06 [breakdown] OK G3140/V-AAI-3S (surface=ἐμαρτύρησεν) [698/11409]
2026-08-06 06:36:07 [breakdown] FAIL G3140/V-AAM-2S: None timed out
2026-08-06 06:36:09 [breakdown] FAIL G3140/V-AAN: 429 {"timestamp":"2026-08-06T11:36:09.216+00:00","status":429,"error":"Too Many Requests","path":"/ai/breakdown"}
2026-08-06 06:37:10 [breakdown] FAIL G3140/V-AAP-GSM: None timed out
2026-08-06 06:37:34 [breakdown] OK G3140/V-AAP-NSM (surface=μαρτυρήσας) [699/11409]
2026-08-06 06:37:35 [breakdown] FAIL G3140/V-AAS-1S: 429 {"timestamp":"2026-08-06T11:37:35.848+00:00","status":429,"error":"Too Many Requests","path":"/ai/breakdown"}
2026-08-06 06:37:38 [breakdown] OK G3140/V-AAS-3S (surface=μαρτυρήσῃ) [700/11409]
2026-08-06 06:38:27 [breakdown] OK G3140/V-API-3P (surface=ἐμαρτυρήθησαν) [701/11409]
2026-08-06 06:38:29 [breakdown] FAIL G3140/V-API-3S: 429 {"timestamp":"2026-08-06T11:38:29.506+00:00","status":429,"error":"Too Many Requests","path":"/ai/breakdown"}
2026-08-06 06:39:30 [breakdown] FAIL G3140/V-FAI-3S: None timed out
2026-08-06 06:39:44 [breakdown] OK G3140/V-IAI-3P (surface=ἐμαρτύρουν) [702/11409]
2026-08-06 06:39:45 [breakdown] FAIL G3140/V-IAI-3S: 429 {"timestamp":"2026-08-06T11:39:45.773+00:00","status":429,"error":"Too Many Requests","path":"/ai/breakdown"}
2026-08-06 06:39:48 [breakdown] OK G3140/V-IPI-3S (surface=ἐμαρτυρεῖτο) [703/11409]
2026-08-06 06:40:49 [breakdown] FAIL G3140/V-PAI-1P: None timed out
2026-08-06 06:40:51 [breakdown] FAIL G3140/V-PAI-1S: 429 {"timestamp":"2026-08-06T11:40:51.231+00:00","status":429,"error":"Too Many Requests","path":"/ai/breakdown"}
2026-08-06 06:40:53 [breakdown] OK G3140/V-PAI-2P (surface=μαρτυρεῖτε) [704/11409]
2026-08-06 06:41:29 [breakdown] OK G3140/V-PAI-2S (surface=μαρτυρεῖς) [705/11409]
2026-08-06 06:41:30 [breakdown] FAIL G3140/V-PAI-3P: 429 {"timestamp":"2026-08-06T11:41:30.871+00:00","status":429,"error":"Too Many Requests","path":"/ai/breakdown"}
2026-08-06 06:42:32 [breakdown] FAIL G3140/V-PAI-3S: None timed out
2026-08-06 06:43:08 [breakdown] OK G3140/V-PAN (surface=μαρτυρεῖν) [706/11409]
2026-08-06 06:43:10 [breakdown] FAIL G3140/V-PAP-DSM: 429 {"timestamp":"2026-08-06T11:43:10.499+00:00","status":429,"error":"Too Many Requests","path":"/ai/breakdown"}
2026-08-06 06:43:12 [breakdown] OK G3140/V-PAP-GPM (surface=μαρτυρούντων) [707/11409]
2026-08-06 06:44:13 [breakdown] FAIL G3140/V-PAP-GSF: None timed out
2026-08-06 06:44:15 [breakdown] FAIL G3140/V-PAP-GSM: 429 {"timestamp":"2026-08-06T11:44:15.626+00:00","status":429,"error":"Too Many Requests","path":"/ai/breakdown"}
2026-08-06 06:45:16 [breakdown] FAIL G3140/V-PAP-NPF: None timed out
2026-08-06 06:46:18 [breakdown] FAIL G3140/V-PAP-NPM: None timed out
2026-08-06 06:46:19 [breakdown] FAIL G3140/V-PAP-NSM: 429 {"timestamp":"2026-08-06T11:46:19.431+00:00","status":429,"error":"Too Many Requests","path":"/ai/breakdown"}
2026-08-06 06:46:21 [breakdown] OK G3140/V-PAP-NSN (surface=μαρτυροῦν) [708/11409]
2026-08-06 06:47:22 [breakdown] FAIL G3140/V-PAS-1S: None timed out
2026-08-06 06:47:24 [breakdown] FAIL G3140/V-PPI-3S: 429 {"timestamp":"2026-08-06T11:47:24.472+00:00","status":429,"error":"Too Many Requests","path":"/ai/breakdown"}
2026-08-06 06:47:44 [breakdown] OK G3140/V-PPP-APM (surface=μαρτυρουμένους) [709/11409]
2026-08-06 06:48:46 [breakdown] FAIL G3140/V-PPP-NSF: None timed out
2026-08-06 06:48:47 [breakdown] FAIL G3140/V-PPP-NSM: 429 {"timestamp":"2026-08-06T11:48:47.518+00:00","status":429,"error":"Too Many Requests","path":"/ai/breakdown"}
2026-08-06 06:48:49 [breakdown] OK G3140/V-RAI-1S (surface=μεμαρτύρηκα) [710/11409]
2026-08-06 06:49:51 [breakdown] FAIL G3140/V-RAI-2S: None timed out
2026-08-06 06:49:52 [breakdown] FAIL G3140/V-RAI-3S: 429 {"timestamp":"2026-08-06T11:49:52.633+00:00","status":429,"error":"Too Many Requests","path":"/ai/breakdown"}
2026-08-06 06:50:53 [breakdown] FAIL G3140/V-RPI-3S: None timed out
2026-08-06 06:51:55 [breakdown] FAIL G3141/N-ASF: None timed out
2026-08-06 06:51:56 [breakdown] FAIL G3141/N-GSF: 429 {"timestamp":"2026-08-06T11:51:56.666+00:00","status":429,"error":"Too Many Requests","path":"/ai/breakdown"}
2026-08-06 06:51:58 [breakdown] OK G3141/N-NPF (surface=μαρτυρίαι) [711/11409]
2026-08-06 06:53:00 [breakdown] FAIL G3141/N-NSF: None timed out
2026-08-06 06:53:01 [breakdown] FAIL G3142/N-ASN: 429 {"timestamp":"2026-08-06T11:53:01.771+00:00","status":429,"error":"Too Many Requests","path":"/ai/breakdown"}
2026-08-06 06:53:03 [breakdown] OK G3142/N-GSN (surface=μαρτυρίου) [712/11409]
2026-08-06 06:54:05 [breakdown] FAIL G3142/N-NSN: None timed out
2026-08-06 06:54:06 [breakdown] FAIL G3143/V-PNI-1S: 429 {"timestamp":"2026-08-06T11:54:06.797+00:00","status":429,"error":"Too Many Requests","path":"/ai/breakdown"}
2026-08-06 06:55:08 [breakdown] FAIL G3143/V-PNP-NPM: None timed out
2026-08-06 06:56:09 [breakdown] FAIL G3143/V-PNP-NSM: None timed out
2026-08-06 06:56:10 [breakdown] FAIL G3144/N-APM: 429 {"timestamp":"2026-08-06T11:56:10.604+00:00","status":429,"error":"Too Many Requests","path":"/ai/breakdown"}
2026-08-06 06:56:12 [breakdown] OK G3144/N-ASM (surface=μάρτυρα) [713/11409]
2026-08-06 06:57:13 [breakdown] FAIL G3144/N-DPM: None timed out
2026-08-06 06:57:15 [breakdown] FAIL G3144/N-GPM: 429 {"timestamp":"2026-08-06T11:57:15.539+00:00","status":429,"error":"Too Many Requests","path":"/ai/breakdown"}
2026-08-06 06:57:17 [breakdown] OK G3144/N-GSM (surface=μάρτυρός) [714/11409]
2026-08-06 06:58:19 [breakdown] FAIL G3144/N-NPM: None timed out
2026-08-06 06:58:20 [breakdown] FAIL G3144/N-NSM: 429 {"timestamp":"2026-08-06T11:58:20.765+00:00","status":429,"error":"Too Many Requests","path":"/ai/breakdown"}
2026-08-06 06:58:23 [breakdown] OK G3145/V-INI-3P (surface=ἐμασῶντο) [715/11409]
2026-08-06 06:58:50 [breakdown] OK G3146/V-AAI-3S (surface=ἐμαστίγωσεν) [716/11409]
2026-08-06 06:58:51 [breakdown] FAIL G3146/V-AAN: 429 {"timestamp":"2026-08-06T11:58:51.988+00:00","status":429,"error":"Too Many Requests","path":"/ai/breakdown"}
2026-08-06 06:59:05 [breakdown] OK G3146/V-AAP-NPM (surface=μαστιγώσαντες) [717/11409]
2026-08-06 07:00:07 [breakdown] FAIL G3146/V-FAI-2P: None timed out
2026-08-06 07:00:08 [breakdown] FAIL G3146/V-FAI-3P: 429 {"timestamp":"2026-08-06T12:00:08.592+00:00","status":429,"error":"Too Many Requests","path":"/ai/breakdown"}
2026-08-06 07:00:10 [breakdown] OK G3146/V-PAI-3S (surface=μαστιγοῖ) [718/11409]
2026-08-06 07:01:12 [breakdown] FAIL G3147/V-PAN: None timed out
2026-08-06 07:01:13 [breakdown] FAIL G3148/N-APF: 429 {"timestamp":"2026-08-06T12:01:13.717+00:00","status":429,"error":"Too Many Requests","path":"/ai/breakdown"}
2026-08-06 07:01:16 [breakdown] OK G3148/N-DPF (surface=μάστιξιν) [719/11409]
2026-08-06 07:02:17 [breakdown] FAIL G3148/N-GPF: None timed out
2026-08-06 07:02:18 [breakdown] FAIL G3148/N-GSF: 429 {"timestamp":"2026-08-06T12:02:18.997+00:00","status":429,"error":"Too Many Requests","path":"/ai/breakdown"}
2026-08-06 07:03:20 [breakdown] FAIL G3149/N-DPM: None timed out
2026-08-06 07:03:45 [breakdown] OK G3149/N-NPM (surface=μαστοὶ) [720/11409]
2026-08-06 07:03:47 [breakdown] FAIL G315/V-AAI-2P: 429 {"timestamp":"2026-08-06T12:03:47.140+00:00","status":429,"error":"Too Many Requests","path":"/ai/breakdown"}
2026-08-06 07:03:49 [breakdown] OK G315/V-AAI-3S (surface=ἠνάγκασεν) [721/11409]
2026-08-06 07:04:12 [breakdown] OK G315/V-AAM-2S (surface=ἀνάγκασον) [722/11409]
2026-08-06 07:04:13 [breakdown] FAIL G315/V-API-1S: 429 {"timestamp":"2026-08-06T12:04:13.854+00:00","status":429,"error":"Too Many Requests","path":"/ai/breakdown"}
2026-08-06 07:05:15 [breakdown] FAIL G315/V-API-3S: None timed out
2026-08-06 07:06:16 [breakdown] FAIL G315/V-IAI-1S: None timed out
2026-08-06 07:06:17 [breakdown] FAIL G315/V-PAI-2S: 429 {"timestamp":"2026-08-06T12:06:17.643+00:00","status":429,"error":"Too Many Requests","path":"/ai/breakdown"}
2026-08-06 07:06:19 [breakdown] OK G315/V-PAI-3P (surface=ἀναγκάζουσιν) [723/11409]
2026-08-06 07:06:35 [breakdown] OK G3150/N-ASF (surface=ματαιολογίαν) [724/11409]
2026-08-06 07:06:36 [breakdown] FAIL G3151/A-NPM: 429 {"timestamp":"2026-08-06T12:06:36.806+00:00","status":429,"error":"Too Many Requests","path":"/ai/breakdown"}
2026-08-06 07:07:38 [breakdown] FAIL G3152/A-GPN: None timed out
2026-08-06 07:07:57 [breakdown] OK G3152/A-GSF (surface=ματαίας) [725/11409]
2026-08-06 07:08:00 [breakdown] FAIL G3152/A-NPF: 429 {"timestamp":"2026-08-06T12:08:00.303+00:00","status":429,"error":"Too Many Requests","path":"/ai/breakdown"}
2026-08-06 07:08:02 [breakdown] OK G3152/A-NPM (surface=μάταιοι) [726/11409]
2026-08-06 07:08:22 [breakdown] OK G3152/A-NSF (surface=ματαία) [727/11409]
2026-08-06 07:08:24 [breakdown] FAIL G3153/N-DSF: 429 {"timestamp":"2026-08-06T12:08:24.418+00:00","status":429,"error":"Too Many Requests","path":"/ai/breakdown"}
2026-08-06 07:09:25 [breakdown] FAIL G3153/N-GSF: None timed out
2026-08-06 07:10:26 [breakdown] FAIL G3154/V-API-3P: None timed out
2026-08-06 07:10:28 [breakdown] FAIL G3155/ADV: 429 {"timestamp":"2026-08-06T12:10:28.222+00:00","status":429,"error":"Too Many Requests","path":"/ai/breakdown"}
2026-08-06 07:10:30 [breakdown] OK G3156/N-ASM-P (surface=Μαθθαῖον) [728/11409]
2026-08-06 07:11:31 [breakdown] FAIL G3156/N-NSM-P: None timed out
2026-08-06 07:11:33 [breakdown] FAIL G3157/N-ASM-P: 429 {"timestamp":"2026-08-06T12:11:33.146+00:00","status":429,"error":"Too Many Requests","path":"/ai/breakdown"}
2026-08-06 07:11:35 [breakdown] OK G3157/N-NSM-P (surface=Ματθὰν) [729/11409]
2026-08-06 07:12:37 [breakdown] FAIL G3158/N-GSM-P: None timed out
2026-08-06 07:12:38 [breakdown] FAIL G3159/N-ASM-P: 429 {"timestamp":"2026-08-06T12:12:38.581+00:00","status":429,"error":"Too Many Requests","path":"/ai/breakdown"}
2026-08-06 07:13:39 [breakdown] FAIL G316/A-APF: None timed out
2026-08-06 07:14:41 [breakdown] FAIL G316/A-APM: None timed out
2026-08-06 07:14:42 [breakdown] FAIL G316/A-NPN: 429 {"timestamp":"2026-08-06T12:14:42.364+00:00","status":429,"error":"Too Many Requests","path":"/ai/breakdown"}
2026-08-06 07:14:44 [breakdown] OK G316/A-NSN (surface=ἀναγκαῖον) [730/11409]
2026-08-06 07:15:15 [breakdown] OK G316/A-NSN-C (surface=ἀναγκαιότερον) [731/11409]
2026-08-06 07:15:17 [breakdown] FAIL G3160/N-GSM-P: 429 {"timestamp":"2026-08-06T12:15:17.612+00:00","status":429,"error":"Too Many Requests","path":"/ai/breakdown"}
2026-08-06 07:15:20 [breakdown] OK G3161/N-GSM-P (surface=Ματταθίου) [732/11409]
2026-08-06 07:15:57 [breakdown] OK G3162/N-ASF (surface=μάχαιραν) [733/11409]
2026-08-06 07:15:59 [breakdown] FAIL G3162/N-DSF: 429 {"timestamp":"2026-08-06T12:15:59.597+00:00","status":429,"error":"Too Many Requests","path":"/ai/breakdown"}
2026-08-06 07:16:22 [breakdown] OK G3162/N-GPF (surface=μαχαιρῶν) [734/11409]
2026-08-06 07:16:49 [breakdown] OK G3162/N-GSF (surface=μαχαίρης) [735/11409]
2026-08-06 07:16:51 [breakdown] FAIL G3162/N-NPF: 429 {"timestamp":"2026-08-06T12:16:51.720+00:00","status":429,"error":"Too Many Requests","path":"/ai/breakdown"}
2026-08-06 07:16:53 [breakdown] OK G3162/N-NSF (surface=μάχαιρα) [736/11409]
2026-08-06 07:17:55 [breakdown] FAIL G3163/N-APF: None timed out
2026-08-06 07:17:56 [breakdown] FAIL G3163/N-NPF: 429 {"timestamp":"2026-08-06T12:17:56.922+00:00","status":429,"error":"Too Many Requests","path":"/ai/breakdown"}
2026-08-06 07:18:58 [breakdown] FAIL G3164/V-INI-3P: None timed out
2026-08-06 07:19:59 [breakdown] FAIL G3164/V-PNI-2P: None timed out
2026-08-06 07:20:00 [breakdown] FAIL G3164/V-PNN: 429 {"timestamp":"2026-08-06T12:20:00.688+00:00","status":429,"error":"Too Many Requests","path":"/ai/breakdown"}
2026-08-06 07:20:03 [breakdown] OK G3164/V-PNP-DPM (surface=μαχομένοις) [737/11409]
2026-08-06 07:21:04 [breakdown] FAIL G3167/A-APN: None timed out
2026-08-06 07:21:06 [breakdown] FAIL G3168/N-DSF: 429 {"timestamp":"2026-08-06T12:21:06.005+00:00","status":429,"error":"Too Many Requests","path":"/ai/breakdown"}
2026-08-06 07:21:08 [breakdown] OK G3168/N-GSF (surface=μεγαλειότητος) [738/11409]
2026-08-06 07:22:09 [breakdown] FAIL G3169/A-GSF: None timed out
2026-08-06 07:22:11 [breakdown] FAIL G317/ADV: 429 {"timestamp":"2026-08-06T12:22:11.113+00:00","status":429,"error":"Too Many Requests","path":"/ai/breakdown"}
2026-08-06 07:22:13 [breakdown] OK G3170/V-AAI-3S (surface=ἐμεγάλυνεν) [739/11409]
2026-08-06 07:22:40 [breakdown] OK G3170/V-APN (surface=μεγαλυνθῆναι) [740/11409]
2026-08-06 07:22:42 [breakdown] FAIL G3170/V-FPI-3S: 429 {"timestamp":"2026-08-06T12:22:42.257+00:00","status":429,"error":"Too Many Requests","path":"/ai/breakdown"}
2026-08-06 07:22:56 [breakdown] OK G3170/V-IAI-3S (surface=ἐμεγάλυνεν) [741/11409]
2026-08-06 07:23:52 [breakdown] OK G3170/V-IPI-3S (surface=ἐμεγαλύνετο) [742/11409]
2026-08-06 07:23:54 [breakdown] FAIL G3170/V-PAI-3P: 429 {"timestamp":"2026-08-06T12:23:54.377+00:00","status":429,"error":"Too Many Requests","path":"/ai/breakdown"}
2026-08-06 07:23:56 [breakdown] OK G3170/V-PAI-3S (surface=Μεγαλύνει) [743/11409]
2026-08-06 07:24:16 [breakdown] OK G3170/V-PAP-GPM (surface=μεγαλυνόντων) [744/11409]
2026-08-06 07:24:17 [breakdown] FAIL G3171/ADV: 429 {"timestamp":"2026-08-06T12:24:17.989+00:00","status":429,"error":"Too Many Requests","path":"/ai/breakdown"}
2026-08-06 07:25:19 [breakdown] FAIL G3172/N-GSF: None timed out
2026-08-06 07:25:38 [breakdown] OK G3172/N-NSF (surface=μεγαλωσύνη) [745/11409]
2026-08-06 07:25:39 [breakdown] FAIL G3173/A-APF: 429 {"timestamp":"2026-08-06T12:25:39.605+00:00","status":429,"error":"Too Many Requests","path":"/ai/breakdown"}
2026-08-06 07:25:41 [breakdown] OK G3173/A-APF-C (surface=μείζονας) [746/11409]
2026-08-06 07:26:43 [breakdown] FAIL G3173/A-APM: None timed out
2026-08-06 07:26:45 [breakdown] FAIL G3173/A-APN: 429 {"timestamp":"2026-08-06T12:26:45.552+00:00","status":429,"error":"Too Many Requests","path":"/ai/breakdown"}
2026-08-06 07:27:14 [breakdown] OK G3173/A-APN-C (surface=μείζονα) [747/11409]
2026-08-06 07:27:48 [breakdown] OK G3173/A-ASF (surface=μεγάλην) [748/11409]
2026-08-06 07:27:50 [breakdown] FAIL G3173/A-ASF-C: 429 {"timestamp":"2026-08-06T12:27:50.274+00:00","status":429,"error":"Too Many Requests","path":"/ai/breakdown"}
2026-08-06 07:27:52 [breakdown] OK G3173/A-ASM (surface=μέγαν) [749/11409]
2026-08-06 07:28:12 [breakdown] OK G3173/A-ASM-C (surface=μείζονα) [750/11409]
2026-08-06 07:28:13 [breakdown] FAIL G3173/A-ASN: 429 {"timestamp":"2026-08-06T12:28:13.720+00:00","status":429,"error":"Too Many Requests","path":"/ai/breakdown"}
2026-08-06 07:28:27 [breakdown] OK G3173/A-ASN-C (surface=μεῖζον) [751/11409]
2026-08-06 07:29:20 [breakdown] OK G3173/A-DPF (surface=μεγάλαις) [752/11409]
2026-08-06 07:29:22 [breakdown] FAIL G3173/A-DSF: 429 {"timestamp":"2026-08-06T12:29:22.549+00:00","status":429,"error":"Too Many Requests","path":"/ai/breakdown"}
2026-08-06 07:29:24 [breakdown] OK G3173/A-DSM (surface=μεγάλῳ) [753/11409]
2026-08-06 07:29:49 [breakdown] OK G3173/A-DSN (surface=μεγάλῳ) [754/11409]
2026-08-06 07:29:50 [breakdown] FAIL G3173/A-GPM: 429 {"timestamp":"2026-08-06T12:29:50.600+00:00","status":429,"error":"Too Many Requests","path":"/ai/breakdown"}
2026-08-06 07:30:51 [breakdown] FAIL G3173/A-GSF: None timed out
2026-08-06 07:31:06 [breakdown] OK G3173/A-GSF-C (surface=μείζονος) [755/11409]
2026-08-06 07:31:08 [breakdown] FAIL G3173/A-GSM: 429 {"timestamp":"2026-08-06T12:31:08.420+00:00","status":429,"error":"Too Many Requests","path":"/ai/breakdown"}
2026-08-06 07:31:10 [breakdown] OK G3173/A-GSM-C (surface=μείζονος) [756/11409]
2026-08-06 07:31:56 [breakdown] OK G3173/A-NPF (surface=μεγάλαι) [757/11409]
2026-08-06 07:31:58 [breakdown] FAIL G3173/A-NPM: 429 {"timestamp":"2026-08-06T12:31:58.511+00:00","status":429,"error":"Too Many Requests","path":"/ai/breakdown"}
2026-08-06 07:32:59 [breakdown] FAIL G3173/A-NPM-C: None timed out
2026-08-06 07:33:17 [breakdown] OK G3173/A-NPN (surface=μεγάλα) [758/11409]
2026-08-06 07:33:19 [breakdown] FAIL G3173/A-NPN-S: 429 {"timestamp":"2026-08-06T12:33:19.290+00:00","status":429,"error":"Too Many Requests","path":"/ai/breakdown"}
2026-08-06 07:33:21 [breakdown] OK G3173/A-NSF (surface=μεγάλη) [759/11409]
2026-08-06 07:34:23 [breakdown] FAIL G3173/A-NSF-C: None timed out
2026-08-06 07:34:24 [breakdown] FAIL G3173/A-NSM: 429 {"timestamp":"2026-08-06T12:34:24.718+00:00","status":429,"error":"Too Many Requests","path":"/ai/breakdown"}
2026-08-06 07:34:57 [breakdown] OK G3173/A-NSM-C (surface=μείζων) [760/11409]
2026-08-06 07:35:58 [breakdown] FAIL G3173/A-NSN: None timed out
2026-08-06 07:36:00 [breakdown] FAIL G3173/A-NSN-C: 429 {"timestamp":"2026-08-06T12:36:00.370+00:00","status":429,"error":"Too Many Requests","path":"/ai/breakdown"}
2026-08-06 07:36:02 [breakdown] OK G3173/A-VPM (surface=μεγάλοι) [761/11409]
2026-08-06 07:37:04 [breakdown] FAIL G3173/A-VSF: None timed out
2026-08-06 07:37:07 [breakdown] FAIL G3174/N-NSN: 429 {"timestamp":"2026-08-06T12:37:07.136+00:00","status":429,"error":"Too Many Requests","path":"/ai/breakdown"}
2026-08-06 07:37:09 [breakdown] OK G3175/N-DPM (surface=μεγιστᾶσιν) [762/11409]
2026-08-06 07:38:10 [breakdown] FAIL G3175/N-NPM: None timed out
2026-08-06 07:38:12 [breakdown] FAIL G3177/V-PPI-3S: 429 {"timestamp":"2026-08-06T12:38:12.366+00:00","status":429,"error":"Too Many Requests","path":"/ai/breakdown"}
2026-08-06 07:38:35 [breakdown] OK G3177/V-PPP-NSN (surface=μεθερμηνευόμενον) [763/11409]
2026-08-06 07:39:36 [breakdown] FAIL G3178/N-DPF: None timed out
2026-08-06 07:39:38 [breakdown] FAIL G3178/N-DSF: 429 {"timestamp":"2026-08-06T12:39:38.385+00:00","status":429,"error":"Too Many Requests","path":"/ai/breakdown"}
2026-08-06 07:39:40 [breakdown] OK G3178/N-NPF (surface=μέθαι) [764/11409]
2026-08-06 07:40:01 [breakdown] OK G3179/V-AAI-3S (surface=μετέστησεν) [765/11409]
2026-08-06 07:40:02 [breakdown] FAIL G3179/V-AAP-NSM: 429 {"timestamp":"2026-08-06T12:40:02.664+00:00","status":429,"error":"Too Many Requests","path":"/ai/breakdown"}
2026-08-06 07:40:49 [breakdown] OK G3179/V-APS-1S (surface=μετασταθῶ) [766/11409]
2026-08-06 07:41:22 [breakdown] OK G3179/V-PAN (surface=μεθιστάναι) [767/11409]
2026-08-06 07:41:23 [breakdown] FAIL G318/N-ASF: 429 {"timestamp":"2026-08-06T12:41:23.764+00:00","status":429,"error":"Too Many Requests","path":"/ai/breakdown"}
2026-08-06 07:41:25 [breakdown] OK G318/N-DPF (surface=ἀνάγκαις) [768/11409]
2026-08-06 07:42:10 [breakdown] OK G318/N-DSF (surface=ἀνάγκῃ) [769/11409]
2026-08-06 07:42:12 [breakdown] FAIL G318/N-GSF: 429 {"timestamp":"2026-08-06T12:42:12.090+00:00","status":429,"error":"Too Many Requests","path":"/ai/breakdown"}
2026-08-06 07:43:13 [breakdown] FAIL G318/N-NSF: None timed out
2026-08-06 07:44:09 [breakdown] OK G3180/N-APF (surface=μεθοδείας) [770/11409]
2026-08-06 07:44:12 [breakdown] FAIL G3180/N-ASF: 429 {"timestamp":"2026-08-06T12:44:12.943+00:00","status":429,"error":"Too Many Requests","path":"/ai/breakdown"}
2026-08-06 07:44:15 [breakdown] OK G3182/V-API-3P (surface=ἐμεθύσθησαν) [771/11409]
2026-08-06 07:45:16 [breakdown] FAIL G3182/V-PPM-2P: None timed out
2026-08-06 07:45:18 [breakdown] FAIL G3182/V-PPN: 429 {"timestamp":"2026-08-06T12:45:18.258+00:00","status":429,"error":"Too Many Requests","path":"/ai/breakdown"}
2026-08-06 07:45:22 [breakdown] OK G3182/V-PPP-NPM (surface=μεθυσκόμενοι) [772/11409]
2026-08-06 07:46:23 [breakdown] FAIL G3183/N-NPM: None timed out
2026-08-06 07:46:24 [breakdown] FAIL G3183/N-NSM: 429 {"timestamp":"2026-08-06T12:46:24.914+00:00","status":429,"error":"Too Many Requests","path":"/ai/breakdown"}
2026-08-06 07:47:06 [breakdown] OK G3184/V-APS-3P (surface=μεθυσθῶσιν) [773/11409]
2026-08-06 07:48:07 [breakdown] FAIL G3184/V-PAI-3P: None timed out
2026-08-06 07:48:09 [breakdown] FAIL G3184/V-PAI-3S: 429 {"timestamp":"2026-08-06T12:48:09.066+00:00","status":429,"error":"Too Many Requests","path":"/ai/breakdown"}
2026-08-06 07:48:11 [breakdown] OK G3184/V-PAP-ASF (surface=μεθύουσαν) [774/11409]
2026-08-06 07:49:12 [breakdown] FAIL G3184/V-PAP-GPM: None timed out
2026-08-06 07:49:14 [breakdown] FAIL G3188/N-DSN: 429 {"timestamp":"2026-08-06T12:49:14.193+00:00","status":429,"error":"Too Many Requests","path":"/ai/breakdown"}
2026-08-06 07:49:16 [breakdown] OK G3188/N-GSN (surface=μέλανος) [775/11409]
2026-08-06 07:50:17 [breakdown] FAIL G3189/A-ASF: None timed out
2026-08-06 07:50:19 [breakdown] FAIL G3189/A-NSM: 429 {"timestamp":"2026-08-06T12:50:19.438+00:00","status":429,"error":"Too Many Requests","path":"/ai/breakdown"}
2026-08-06 07:50:22 [breakdown] OK G319/V-API-3S (surface=ἀνεγνωρίσθη) [776/11409]
2026-08-06 07:51:16 [breakdown] OK G3190/N-GSM-P (surface=Μελεὰ) [777/11409]
2026-08-06 07:51:17 [breakdown] FAIL G3191/V-AAI-3P: 429 {"timestamp":"2026-08-06T12:51:17.933+00:00","status":429,"error":"Too Many Requests","path":"/ai/breakdown"}
2026-08-06 07:51:35 [breakdown] OK G3191/V-PAM-2S (surface=μελέτα) [778/11409]
2026-08-06 07:52:37 [breakdown] FAIL G3192/N-ASN: None timed out
2026-08-06 07:52:38 [breakdown] FAIL G3192/N-NSN: 429 {"timestamp":"2026-08-06T12:52:38.692+00:00","status":429,"error":"Too Many Requests","path":"/ai/breakdown"}
2026-08-06 07:52:40 [breakdown] OK G3194/N-NSF-L (surface=Μελίτη) [779/11409]
2026-08-06 07:53:33 [breakdown] OK G3195/V-FAI-1S (surface=μελλήσω) [780/11409]
2026-08-06 07:53:35 [breakdown] FAIL G3195/V-FAI-2P: 429 {"timestamp":"2026-08-06T12:53:35.218+00:00","status":429,"error":"Too Many Requests","path":"/ai/breakdown"}
2026-08-06 07:54:05 [breakdown] OK G3195/V-IAI-1S (surface=ἤμελλον) [781/11409]
2026-08-06 07:54:51 [breakdown] OK G3195/V-IAI-3P (surface=ἔμελλον) [782/11409]
2026-08-06 07:54:52 [breakdown] FAIL G3195/V-IAI-3S: 429 {"timestamp":"2026-08-06T12:54:52.751+00:00","status":429,"error":"Too Many Requests","path":"/ai/breakdown"}
2026-08-06 07:54:54 [breakdown] OK G3195/V-PAI-1P (surface=μέλλομεν) [783/11409]
2026-08-06 07:55:15 [breakdown] OK G3195/V-PAI-1S (surface=μέλλω) [784/11409]
2026-08-06 07:55:17 [breakdown] FAIL G3195/V-PAI-2P: 429 {"timestamp":"2026-08-06T12:55:17.474+00:00","status":429,"error":"Too Many Requests","path":"/ai/breakdown"}
2026-08-06 07:55:43 [breakdown] OK G3195/V-PAI-2S (surface=μέλλεις) [785/11409]
2026-08-06 07:55:53 [breakdown] OK G3195/V-PAI-3P (surface=μέλλουσιν) [786/11409]
2026-08-06 07:55:55 [breakdown] FAIL G3195/V-PAI-3S: 429 {"timestamp":"2026-08-06T12:55:55.407+00:00","status":429,"error":"Too Many Requests","path":"/ai/breakdown"}
2026-08-06 07:56:07 [breakdown] OK G3195/V-PAN (surface=μέλλειν) [787/11409]
2026-08-06 07:57:08 [breakdown] FAIL G3195/V-PAP-APM: None timed out
2026-08-06 07:57:09 [breakdown] FAIL G3195/V-PAP-APN: 429 {"timestamp":"2026-08-06T12:57:09.965+00:00","status":429,"error":"Too Many Requests","path":"/ai/breakdown"}
2026-08-06 07:57:12 [breakdown] OK G3195/V-PAP-ASF (surface=μέλλουσαν) [788/11409]
2026-08-06 07:57:37 [breakdown] OK G3195/V-PAP-ASM (surface=μέλλοντα) [789/11409]
2026-08-06 07:57:38 [breakdown] FAIL G3195/V-PAP-ASN: 429 {"timestamp":"2026-08-06T12:57:38.639+00:00","status":429,"error":"Too Many Requests","path":"/ai/breakdown"}
2026-08-06 07:58:05 [breakdown] OK G3195/V-PAP-DSM (surface=μέλλοντι) [790/11409]
2026-08-06 07:58:25 [breakdown] OK G3195/V-PAP-DSN (surface=μέλλοντι) [791/11409]
2026-08-06 07:58:27 [breakdown] FAIL G3195/V-PAP-GPM: 429 {"timestamp":"2026-08-06T12:58:27.330+00:00","status":429,"error":"Too Many Requests","path":"/ai/breakdown"}
2026-08-06 07:58:40 [breakdown] OK G3195/V-PAP-GPN (surface=μελλόντων) [792/11409]
2026-08-06 07:58:58 [breakdown] OK G3195/V-PAP-GSF (surface=μελλούσης) [793/11409]
2026-08-06 07:59:00 [breakdown] FAIL G3195/V-PAP-GSM: 429 {"timestamp":"2026-08-06T12:59:00.195+00:00","status":429,"error":"Too Many Requests","path":"/ai/breakdown"}
2026-08-06 07:59:03 [breakdown] OK G3195/V-PAP-GSN (surface=μέλλοντος) [794/11409]
2026-08-06 07:59:51 [breakdown] OK G3195/V-PAP-NPM (surface=μέλλοντες) [795/11409]
2026-08-06 07:59:52 [breakdown] FAIL G3195/V-PAP-NPN: 429 {"timestamp":"2026-08-06T12:59:52.587+00:00","status":429,"error":"Too Many Requests","path":"/ai/breakdown"}
2026-08-06 08:00:30 [breakdown] OK G3195/V-PAP-NSM (surface=μέλλων) [796/11409]
2026-08-06 08:01:07 [breakdown] OK G3195/V-PAS-3S (surface=μέλλῃ) [797/11409]
2026-08-06 08:01:09 [breakdown] FAIL G3196/N-APN: 429 {"timestamp":"2026-08-06T13:01:09.091+00:00","status":429,"error":"Too Many Requests","path":"/ai/breakdown"}
2026-08-06 08:01:11 [breakdown] OK G3196/N-DPN (surface=μέλεσιν) [798/11409]
2026-08-06 08:01:41 [breakdown] OK G3196/N-GPN (surface=μελῶν) [799/11409]
2026-08-06 08:01:43 [breakdown] FAIL G3196/N-NPN: 429 {"timestamp":"2026-08-06T13:01:43.267+00:00","status":429,"error":"Too Many Requests","path":"/ai/breakdown"}
2026-08-06 08:01:58 [breakdown] OK G3196/N-NSN (surface=μέλος) [800/11409]
2026-08-06 08:02:12 [breakdown] OK G3197/N-GSM-P (surface=Μελχὶ) [801/11409]
2026-08-06 08:02:14 [breakdown] FAIL G3198/N-GSM-P: 429 {"timestamp":"2026-08-06T13:02:14.411+00:00","status":429,"error":"Too Many Requests","path":"/ai/breakdown"}
2026-08-06 08:02:16 [breakdown] OK G3198/N-NSM-P (surface=Μελχισέδεκ) [802/11409]
2026-08-06 08:03:17 [breakdown] FAIL G3199/V-IAI-3S: None timed out
2026-08-06 08:03:19 [breakdown] FAIL G3199/V-PAI-3S: 429 {"timestamp":"2026-08-06T13:03:19.525+00:00","status":429,"error":"Too Many Requests","path":"/ai/breakdown"}
2026-08-06 08:04:20 [breakdown] FAIL G3199/V-PAM-3S: None timed out
2026-08-06 08:04:33 [breakdown] OK G32/N-APM (surface=ἀγγέλους) [803/11409]
2026-08-06 08:04:35 [breakdown] FAIL G32/N-ASM: 429 {"timestamp":"2026-08-06T13:04:35.306+00:00","status":429,"error":"Too Many Requests","path":"/ai/breakdown"}
2026-08-06 08:04:37 [breakdown] OK G32/N-DPM (surface=ἀγγέλοις) [804/11409]
2026-08-06 08:05:38 [breakdown] FAIL G32/N-DSM: None timed out
2026-08-06 08:05:40 [breakdown] FAIL G32/N-GPM: 429 {"timestamp":"2026-08-06T13:05:40.447+00:00","status":429,"error":"Too Many Requests","path":"/ai/breakdown"}
2026-08-06 08:06:15 [breakdown] OK G32/N-GSM (surface=ἀγγέλου) [805/11409]
2026-08-06 08:07:16 [breakdown] FAIL G32/N-NPM: None timed out
2026-08-06 08:07:18 [breakdown] FAIL G32/N-NSM: 429 {"timestamp":"2026-08-06T13:07:18.441+00:00","status":429,"error":"Too Many Requests","path":"/ai/breakdown"}
2026-08-06 08:07:20 [breakdown] OK G320/N-ASF (surface=ἀνάγνωσιν) [806/11409]
2026-08-06 08:07:38 [breakdown] OK G320/N-DSF (surface=ἀναγνώσει) [807/11409]
2026-08-06 08:07:40 [breakdown] FAIL G3200/N-APF: 429 {"timestamp":"2026-08-06T13:07:40.361+00:00","status":429,"error":"Too Many Requests","path":"/ai/breakdown"}
2026-08-06 08:07:57 [breakdown] OK G3201/V-PNI-3S (surface=μέμφεται) [808/11409]
2026-08-06 08:08:27 [breakdown] OK G3201/V-PNP-NSM (surface=μεμφόμενος) [809/11409]
2026-08-06 08:08:29 [breakdown] FAIL G3202/A-NPM: 429 {"timestamp":"2026-08-06T13:08:29.001+00:00","status":429,"error":"Too Many Requests","path":"/ai/breakdown"}
2026-08-06 08:08:53 [breakdown] OK G321/V-2AAI-3P (surface=ἀνήγαγον) [810/11409]
2026-08-06 08:09:36 [breakdown] OK G321/V-2AAN (surface=ἀναγαγεῖν) [811/11409]
2026-08-06 08:09:37 [breakdown] FAIL G321/V-2AAP-NSM: 429 {"timestamp":"2026-08-06T13:09:37.729+00:00","status":429,"error":"Too Many Requests","path":"/ai/breakdown"}
2026-08-06 08:09:39 [breakdown] OK G321/V-API-1P (surface=ἀνήχθημεν) [812/11409]
2026-08-06 08:10:41 [breakdown] FAIL G321/V-API-3P: None timed out
2026-08-06 08:10:42 [breakdown] FAIL G321/V-API-3S: 429 {"timestamp":"2026-08-06T13:10:42.528+00:00","status":429,"error":"Too Many Requests","path":"/ai/breakdown"}
2026-08-06 08:11:43 [breakdown] FAIL G321/V-APN: None timed out
2026-08-06 08:12:04 [breakdown] OK G321/V-APP-NPM (surface=Ἀναχθέντες) [813/11409]
2026-08-06 08:12:05 [breakdown] FAIL G321/V-PPN: 429 {"timestamp":"2026-08-06T13:12:05.979+00:00","status":429,"error":"Too Many Requests","path":"/ai/breakdown"}
2026-08-06 08:12:08 [breakdown] OK G321/V-PPP-DPM (surface=ἀναγομένοις) [814/11409]
2026-08-06 08:12:46 [breakdown] OK G322/V-AAI-3S (surface=ἀνέδειξεν) [815/11409]
2026-08-06 08:12:47 [breakdown] FAIL G322/V-AAM-2S: 429 {"timestamp":"2026-08-06T13:12:47.860+00:00","status":429,"error":"Too Many Requests","path":"/ai/breakdown"}
2026-08-06 08:13:03 [breakdown] OK G323/N-GSF (surface=ἀναδείξεως) [816/11409]
2026-08-06 08:13:47 [breakdown] OK G324/V-ADP-NSM (surface=ἀναδεξάμενος) [817/11409]
2026-08-06 08:13:49 [breakdown] FAIL G325/V-2AAP-NPM: 429 {"timestamp":"2026-08-06T13:13:49.521+00:00","status":429,"error":"Too Many Requests","path":"/ai/breakdown"}
2026-08-06 08:13:52 [breakdown] OK G326/V-AAI-3S (surface=ἀνέζησεν) [818/11409]
2026-08-06 08:14:53 [breakdown] FAIL G327/V-AAN: None timed out
2026-08-06 08:14:55 [breakdown] FAIL G327/V-IAI-3P: 429 {"timestamp":"2026-08-06T13:14:55.206+00:00","status":429,"error":"Too Many Requests","path":"/ai/breakdown"}
2026-08-06 08:15:20 [breakdown] OK G327/V-PAP-NPM (surface=ἀναζητοῦντες) [819/11409]
2026-08-06 08:16:22 [breakdown] FAIL G328/V-AMP-NPM: None timed out
2026-08-06 08:16:23 [breakdown] FAIL G329/V-PAN: 429 {"timestamp":"2026-08-06T13:16:23.698+00:00","status":429,"error":"Too Many Requests","path":"/ai/breakdown"}
2026-08-06 08:16:25 [breakdown] OK G330/V-2AAI-2P (surface=ἀνεθάλετε) [820/11409]
2026-08-06 08:17:12 [breakdown] OK G3303/PRT (surface=μὲν) [821/11409]
2026-08-06 08:17:14 [breakdown] FAIL G3304/PRT: 429 {"timestamp":"2026-08-06T13:17:14.005+00:00","status":429,"error":"Too Many Requests","path":"/ai/breakdown"}
2026-08-06 08:18:15 [breakdown] FAIL G3305/CONJ: None timed out
2026-08-06 08:18:32 [breakdown] OK G3306/V-AAI-1P (surface=ἐμείναμεν) [822/11409]
2026-08-06 08:18:34 [breakdown] FAIL G3306/V-AAI-3P: 429 {"timestamp":"2026-08-06T13:18:34.596+00:00","status":429,"error":"Too Many Requests","path":"/ai/breakdown"}
2026-08-06 08:18:37 [breakdown] OK G3306/V-AAI-3S (surface=ἔμεινεν) [823/11409]
2026-08-06 08:18:50 [breakdown] OK G3306/V-AAM-2P (surface=μείνατε) [824/11409]
2026-08-06 08:18:52 [breakdown] FAIL G3306/V-AAM-2S: 429 {"timestamp":"2026-08-06T13:18:52.392+00:00","status":429,"error":"Too Many Requests","path":"/ai/breakdown"}
2026-08-06 08:19:06 [breakdown] OK G3306/V-AAN (surface=μεῖναι) [825/11409]
2026-08-06 08:19:24 [breakdown] OK G3306/V-AAS-2P (surface=μείνητε) [826/11409]
2026-08-06 08:19:26 [breakdown] FAIL G3306/V-AAS-3P: 429 {"timestamp":"2026-08-06T13:19:26.104+00:00","status":429,"error":"Too Many Requests","path":"/ai/breakdown"}
2026-08-06 08:20:27 [breakdown] FAIL G3306/V-AAS-3S: None timed out
2026-08-06 08:20:45 [breakdown] OK G3306/V-FAI-1S (surface=μενῶ) [827/11409]
2026-08-06 08:20:47 [breakdown] FAIL G3306/V-FAI-2P: 429 {"timestamp":"2026-08-06T13:20:47.615+00:00","status":429,"error":"Too Many Requests","path":"/ai/breakdown"}
2026-08-06 08:20:49 [breakdown] OK G3306/V-FAI-3S (surface=μενεῖ) [828/11409]
2026-08-06 08:21:44 [breakdown] OK G3306/V-IAI-3P (surface=ἔμενον) [829/11409]
2026-08-06 08:21:46 [breakdown] FAIL G3306/V-IAI-3S: 429 {"timestamp":"2026-08-06T13:21:46.424+00:00","status":429,"error":"Too Many Requests","path":"/ai/breakdown"}
2026-08-06 08:22:47 [breakdown] FAIL G3306/V-LAI-3P: None timed out
2026-08-06 08:23:48 [breakdown] FAIL G3306/V-PAI-1P: None timed out
2026-08-06 08:23:50 [breakdown] FAIL G3306/V-PAI-1S: 429 {"timestamp":"2026-08-06T13:23:50.194+00:00","status":429,"error":"Too Many Requests","path":"/ai/breakdown"}
2026-08-06 08:23:52 [breakdown] OK G3306/V-PAI-2P (surface=μένετε) [830/11409]
2026-08-06 08:24:54 [breakdown] FAIL G3306/V-PAI-2S: None timed out
2026-08-06 08:24:55 [breakdown] FAIL G3306/V-PAI-3P: 429 {"timestamp":"2026-08-06T13:24:55.680+00:00","status":429,"error":"Too Many Requests","path":"/ai/breakdown"}
2026-08-06 08:25:34 [breakdown] OK G3306/V-PAI-3S (surface=μένει) [831/11409]
2026-08-06 08:26:35 [breakdown] FAIL G3306/V-PAM-2P: None timed out
2026-08-06 08:26:37 [breakdown] FAIL G3306/V-PAM-2S: 429 {"timestamp":"2026-08-06T13:26:37.015+00:00","status":429,"error":"Too Many Requests","path":"/ai/breakdown"}
2026-08-06 08:26:39 [breakdown] OK G3306/V-PAM-3S (surface=μενέτω) [832/11409]
2026-08-06 08:27:11 [breakdown] OK G3306/V-PAN (surface=μένειν) [833/11409]
2026-08-06 08:27:13 [breakdown] FAIL G3306/V-PAP-ASF: 429 {"timestamp":"2026-08-06T13:27:13.641+00:00","status":429,"error":"Too Many Requests","path":"/ai/breakdown"}
2026-08-06 08:27:35 [breakdown] OK G3306/V-PAP-ASM (surface=μένοντα) [834/11409]
2026-08-06 08:28:14 [breakdown] OK G3306/V-PAP-ASN (surface=μένον) [835/11409]
2026-08-06 08:28:15 [breakdown] FAIL G3306/V-PAP-GSM: 429 {"timestamp":"2026-08-06T13:28:15.729+00:00","status":429,"error":"Too Many Requests","path":"/ai/breakdown"}
2026-08-06 08:28:18 [breakdown] OK G3306/V-PAP-NSM (surface=μένων) [836/11409]
2026-08-06 08:29:19 [breakdown] FAIL G3306/V-PAP-NSN: None timed out
2026-08-06 08:29:21 [breakdown] FAIL G3306/V-PAS-2P: 429 {"timestamp":"2026-08-06T13:29:21.165+00:00","status":429,"error":"Too Many Requests","path":"/ai/breakdown"}
2026-08-06 08:29:51 [breakdown] OK G3306/V-PAS-3S (surface=μένῃ) [837/11409]
2026-08-06 08:30:36 [breakdown] OK G3307/V-AAI-3S (surface=ἐμέρισεν) [838/11409]
2026-08-06 08:30:37 [breakdown] FAIL G3307/V-AMN: 429 {"timestamp":"2026-08-06T13:30:37.545+00:00","status":429,"error":"Too Many Requests","path":"/ai/breakdown"}
2026-08-06 08:30:39 [breakdown] OK G3307/V-API-3S (surface=ἐμερίσθη) [839/11409]
2026-08-06 08:31:05 [breakdown] OK G3307/V-APP-NSF (surface=μερισθεῖσα) [840/11409]
2026-08-06 08:31:07 [breakdown] FAIL G3307/V-APS-3S: 429 {"timestamp":"2026-08-06T13:31:07.355+00:00","status":429,"error":"Too Many Requests","path":"/ai/breakdown"}
2026-08-06 08:32:08 [breakdown] FAIL G3307/V-RPI-3S: None timed out
2026-08-06 08:32:36 [breakdown] OK G3308/N-ASF (surface=μέριμναν) [841/11409]
2026-08-06 08:32:38 [breakdown] FAIL G3308/N-DPF: 429 {"timestamp":"2026-08-06T13:32:38.598+00:00","status":429,"error":"Too Many Requests","path":"/ai/breakdown"}
2026-08-06 08:33:39 [breakdown] FAIL G3308/N-GPF: None timed out
2026-08-06 08:34:07 [breakdown] OK G3308/N-NPF (surface=μέριμναι) [842/11409]
2026-08-06 08:34:08 [breakdown] FAIL G3308/N-NSF: 429 {"timestamp":"2026-08-06T13:34:08.753+00:00","status":429,"error":"Too Many Requests","path":"/ai/breakdown"}
2026-08-06 08:34:10 [breakdown] OK G3309/V-AAS-2P (surface=μεριμνήσητε) [843/11409]
2026-08-06 08:35:12 [breakdown] FAIL G3309/V-FAI-3S: None timed out
2026-08-06 08:35:13 [breakdown] FAIL G3309/V-PAI-2P: 429 {"timestamp":"2026-08-06T13:35:13.840+00:00","status":429,"error":"Too Many Requests","path":"/ai/breakdown"}
2026-08-06 08:36:15 [breakdown] FAIL G3309/V-PAI-2S: None timed out
2026-08-06 08:37:16 [breakdown] FAIL G3309/V-PAI-3S: None timed out
2026-08-06 08:37:17 [breakdown] FAIL G3309/V-PAM-2P: 429 {"timestamp":"2026-08-06T13:37:17.887+00:00","status":429,"error":"Too Many Requests","path":"/ai/breakdown"}
2026-08-06 08:37:20 [breakdown] OK G3309/V-PAP-NSM (surface=μεριμνῶν) [844/11409]
2026-08-06 08:38:21 [breakdown] FAIL G3309/V-PAS-3P: None timed out
2026-08-06 08:38:22 [breakdown] FAIL G331/N-DPN: 429 {"timestamp":"2026-08-06T13:38:22.821+00:00","status":429,"error":"Too Many Requests","path":"/ai/breakdown"}
2026-08-06 08:38:26 [breakdown] OK G331/N-DSN (surface=Ἀναθέματι) [845/11409]
2026-08-06 08:39:27 [breakdown] FAIL G331/N-NSN: None timed out
2026-08-06 08:39:29 [breakdown] FAIL G3310/N-ASF: 429 {"timestamp":"2026-08-06T13:39:29.335+00:00","status":429,"error":"Too Many Requests","path":"/ai/breakdown"}
2026-08-06 08:40:30 [breakdown] FAIL G3310/N-GSF: None timed out
2026-08-06 08:41:31 [breakdown] FAIL G3310/N-NSF: None timed out
2026-08-06 08:41:33 [breakdown] FAIL G3311/N-DPM: 429 {"timestamp":"2026-08-06T13:41:33.355+00:00","status":429,"error":"Too Many Requests","path":"/ai/breakdown"}
2026-08-06 08:41:35 [breakdown] OK G3311/N-GSM (surface=μερισμοῦ) [846/11409]
2026-08-06 08:41:53 [breakdown] OK G3312/N-ASM (surface=μεριστὴν) [847/11409]
2026-08-06 08:41:55 [breakdown] FAIL G3313/N-APN: 429 {"timestamp":"2026-08-06T13:41:55.057+00:00","status":429,"error":"Too Many Requests","path":"/ai/breakdown"}
2026-08-06 08:41:57 [breakdown] OK G3313/N-ASN (surface=μέρος) [848/11409]
2026-08-06 08:42:23 [breakdown] OK G3313/N-DSN (surface=μέρει) [849/11409]
2026-08-06 08:42:25 [breakdown] FAIL G3313/N-GSN: 429 {"timestamp":"2026-08-06T13:42:25.263+00:00","status":429,"error":"Too Many Requests","path":"/ai/breakdown"}
2026-08-06 08:42:38 [breakdown] OK G3313/N-NSN (surface=μέρος) [850/11409]
2026-08-06 08:43:39 [breakdown] FAIL G3314/N-ASF: None timed out
2026-08-06 08:43:41 [breakdown] FAIL G3315/V-AAI-3S: 429 {"timestamp":"2026-08-06T13:43:41.598+00:00","status":429,"error":"Too Many Requests","path":"/ai/breakdown"}
2026-08-06 08:43:43 [breakdown] OK G3316/N-DSM (surface=μεσίτῃ) [851/11409]
2026-08-06 08:44:44 [breakdown] FAIL G3316/N-GSM: None timed out
2026-08-06 08:44:46 [breakdown] FAIL G3316/N-NSM: 429 {"timestamp":"2026-08-06T13:44:46.485+00:00","status":429,"error":"Too Many Requests","path":"/ai/breakdown"}
2026-08-06 08:45:23 [breakdown] OK G3317/N-ASN (surface=μεσονύκτιον) [852/11409]
2026-08-06 08:46:24 [breakdown] FAIL G3317/N-GSN: None timed out
2026-08-06 08:46:26 [breakdown] FAIL G3318/N-ASF-L: 429 {"timestamp":"2026-08-06T13:46:26.063+00:00","status":429,"error":"Too Many Requests","path":"/ai/breakdown"}
2026-08-06 08:46:28 [breakdown] OK G3318/N-DSF-L (surface=Μεσοποταμίᾳ) [853/11409]
2026-08-06 08:47:29 [breakdown] FAIL G3319/A-DSN: None timed out
2026-08-06 08:47:31 [breakdown] FAIL G3319/A-GSF: 429 {"timestamp":"2026-08-06T13:47:31.549+00:00","status":429,"error":"Too Many Requests","path":"/ai/breakdown"}
2026-08-06 08:47:49 [breakdown] OK G3319/A-GSN (surface=μέσου) [854/11409]
2026-08-06 08:48:50 [breakdown] FAIL G3319/A-NSM: None timed out
2026-08-06 08:48:52 [breakdown] FAIL G332/V-AAI-1P: 429 {"timestamp":"2026-08-06T13:48:52.549+00:00","status":429,"error":"Too Many Requests","path":"/ai/breakdown"}
2026-08-06 08:48:56 [breakdown] OK G332/V-AAI-3P (surface=ἀνεθεμάτισαν) [855/11409]
2026-08-06 08:49:39 [breakdown] OK G332/V-PAN (surface=ἀναθεματίζειν) [856/11409]
2026-08-06 08:49:41 [breakdown] FAIL G3320/N-ASN: 429 {"timestamp":"2026-08-06T13:49:41.088+00:00","status":429,"error":"Too Many Requests","path":"/ai/breakdown"}
2026-08-06 08:50:24 [breakdown] OK G3321/N-DSN (surface=μεσουρανήματι) [857/11409]
2026-08-06 08:50:43 [breakdown] OK G3322/V-PAP-GSF (surface=μεσούσης) [858/11409]
2026-08-06 08:50:45 [breakdown] FAIL G3323/N-ASM-T: 429 {"timestamp":"2026-08-06T13:50:45.201+00:00","status":429,"error":"Too Many Requests","path":"/ai/breakdown"}
2026-08-06 08:51:10 [breakdown] OK G3323/N-NSM-T (surface=Μεσσίας) [859/11409]
2026-08-06 08:52:11 [breakdown] FAIL G3324/A-APM: None timed out
2026-08-06 08:52:13 [breakdown] FAIL G3324/A-ASM: 429 {"timestamp":"2026-08-06T13:52:13.666+00:00","status":429,"error":"Too Many Requests","path":"/ai/breakdown"}
2026-08-06 08:52:15 [breakdown] OK G3324/A-ASN (surface=μεστὸν) [860/11409]
2026-08-06 08:53:01 [breakdown] OK G3324/A-NPM (surface=μεστοί) [861/11409]
2026-08-06 08:53:02 [breakdown] FAIL G3324/A-NSF: 429 {"timestamp":"2026-08-06T13:53:02.738+00:00","status":429,"error":"Too Many Requests","path":"/ai/breakdown"}
2026-08-06 08:53:17 [breakdown] OK G3324/A-NSN (surface=μεστόν) [862/11409]
2026-08-06 08:53:52 [breakdown] OK G3325/V-RPP-NPM (surface=μεμεστωμένοι) [863/11409]
2026-08-06 08:53:53 [breakdown] FAIL G3326/PREP: 429 {"timestamp":"2026-08-06T13:53:53.816+00:00","status":429,"error":"Too Many Requests","path":"/ai/breakdown"}
2026-08-06 08:53:56 [breakdown] OK G3327/V-2AAI-3S (surface=μετέβη) [864/11409]
2026-08-06 08:54:57 [breakdown] FAIL G3327/V-2AAM-2S: None timed out
2026-08-06 08:54:58 [breakdown] FAIL G3327/V-2AAP-NSM: 429 {"timestamp":"2026-08-06T13:54:58.945+00:00","status":429,"error":"Too Many Requests","path":"/ai/breakdown"}
2026-08-06 08:55:16 [breakdown] OK G3327/V-2AAS-3S (surface=μεταβῇ) [865/11409]
2026-08-06 08:56:18 [breakdown] FAIL G3327/V-FDI-3S: None timed out
2026-08-06 08:56:19 [breakdown] FAIL G3327/V-PAM-2P: 429 {"timestamp":"2026-08-06T13:56:19.843+00:00","status":429,"error":"Too Many Requests","path":"/ai/breakdown"}
2026-08-06 08:56:22 [breakdown] OK G3327/V-RAI-1P (surface=μεταβεβήκαμεν) [866/11409]
2026-08-06 08:56:43 [breakdown] OK G3327/V-RAI-3S (surface=μεταβέβηκεν) [867/11409]
2026-08-06 08:56:45 [breakdown] FAIL G3328/V-2AMP-NPM: 429 {"timestamp":"2026-08-06T13:56:45.033+00:00","status":429,"error":"Too Many Requests","path":"/ai/breakdown"}
2026-08-06 08:57:04 [breakdown] OK G3329/V-PAI-1P (surface=μετάγομεν) [868/11409]
2026-08-06 08:57:22 [breakdown] OK G3329/V-PPI-3S (surface=μετάγεται) [869/11409]
2026-08-06 08:57:24 [breakdown] FAIL G333/V-PAP-NPM: 429 {"timestamp":"2026-08-06T13:57:24.563+00:00","status":429,"error":"Too Many Requests","path":"/ai/breakdown"}
2026-08-06 08:58:25 [breakdown] FAIL G333/V-PAP-NSM: None timed out
2026-08-06 08:59:02 [breakdown] OK G3330/V-2AAM-3S (surface=μεταδότω) [870/11409]
2026-08-06 08:59:03 [breakdown] FAIL G3330/V-2AAN: 429 {"timestamp":"2026-08-06T13:59:03.892+00:00","status":429,"error":"Too Many Requests","path":"/ai/breakdown"}
2026-08-06 08:59:06 [breakdown] OK G3330/V-2AAS-1S (surface=μεταδῶ) [871/11409]
2026-08-06 08:59:23 [breakdown] OK G3330/V-PAN (surface=μεταδιδόναι) [872/11409]
2026-08-06 08:59:25 [breakdown] FAIL G3330/V-PAP-NSM: 429 {"timestamp":"2026-08-06T13:59:25.191+00:00","status":429,"error":"Too Many Requests","path":"/ai/breakdown"}
2026-08-06 09:00:26 [breakdown] FAIL G3331/N-ASF: None timed out
2026-08-06 09:00:48 [breakdown] OK G3331/N-GSF (surface=μεταθέσεως) [873/11409]
2026-08-06 09:00:50 [breakdown] FAIL G3331/N-NSF: 429 {"timestamp":"2026-08-06T14:00:50.040+00:00","status":429,"error":"Too Many Requests","path":"/ai/breakdown"}
2026-08-06 09:00:52 [breakdown] OK G3332/V-AAI-3S (surface=μετῆρεν) [874/11409]
2026-08-06 09:01:50 [breakdown] OK G3333/V-AMI-3S (surface=μετεκαλέσατο) [875/11409]
2026-08-06 09:01:52 [breakdown] FAIL G3333/V-AMM-2S: 429 {"timestamp":"2026-08-06T14:01:52.516+00:00","status":429,"error":"Too Many Requests","path":"/ai/breakdown"}
2026-08-06 09:02:12 [breakdown] OK G3333/V-FMI-1S (surface=μετακαλέσομαί) [876/11409]
2026-08-06 09:02:44 [breakdown] OK G3334/V-PPP-NPM (surface=μετακινούμενοι) [877/11409]
2026-08-06 09:02:46 [breakdown] FAIL G3335/V-2AAN: 429 {"timestamp":"2026-08-06T14:02:46.526+00:00","status":429,"error":"Too Many Requests","path":"/ai/breakdown"}
2026-08-06 09:02:49 [breakdown] OK G3335/V-2AAP-NSM (surface=μεταλαβὼν) [878/11409]
2026-08-06 09:03:02 [breakdown] OK G3335/V-IAI-3P (surface=μετελάμβανον) [879/11409]
2026-08-06 09:03:04 [breakdown] FAIL G3335/V-PAI-3S: 429 {"timestamp":"2026-08-06T14:03:04.942+00:00","status":429,"error":"Too Many Requests","path":"/ai/breakdown"}
2026-08-06 09:03:39 [breakdown] OK G3335/V-PAN (surface=μεταλαμβάνειν) [880/11409]
2026-08-06 09:04:09 [breakdown] OK G3336/N-ASF (surface=μετάλημψιν) [881/11409]
2026-08-06 09:04:10 [breakdown] FAIL G3337/V-AAI-3P: 429 {"timestamp":"2026-08-06T14:04:10.865+00:00","status":429,"error":"Too Many Requests","path":"/ai/breakdown"}
2026-08-06 09:04:53 [breakdown] OK G3338/V-AOI-2P (surface=μετεμελήθητε) [882/11409]
2026-08-06 09:05:26 [breakdown] OK G3338/V-AOP-NSM (surface=μεταμεληθεὶς) [883/11409]
2026-08-06 09:05:28 [breakdown] FAIL G3338/V-FOI-3S: 429 {"timestamp":"2026-08-06T14:05:28.413+00:00","status":429,"error":"Too Many Requests","path":"/ai/breakdown"}
2026-08-06 09:05:31 [breakdown] OK G3338/V-INI-1S (surface=μετεμελόμην) [884/11409]
2026-08-06 09:05:58 [breakdown] OK G3338/V-PNI-1S (surface=μεταμέλομαι) [885/11409]
2026-08-06 09:05:59 [breakdown] FAIL G3339/V-API-3S: 429 {"timestamp":"2026-08-06T14:05:59.733+00:00","status":429,"error":"Too Many Requests","path":"/ai/breakdown"}
2026-08-06 09:06:43 [breakdown] OK G3339/V-PPI-1P (surface=μεταμορφούμεθα) [886/11409]
2026-08-06 09:07:07 [breakdown] OK G3339/V-PPM-2P (surface=μεταμορφοῦσθε) [887/11409]
2026-08-06 09:07:09 [breakdown] FAIL G3340/V-AAI-3P: 429 {"timestamp":"2026-08-06T14:07:09.135+00:00","status":429,"error":"Too Many Requests","path":"/ai/breakdown"}
2026-08-06 09:07:24 [breakdown] OK G3340/V-AAM-2P (surface=Μετανοήσατε) [888/11409]
2026-08-06 09:08:25 [breakdown] FAIL G3340/V-AAM-2S: None timed out
2026-08-06 09:08:27 [breakdown] FAIL G3340/V-AAN: 429 {"timestamp":"2026-08-06T14:08:27.165+00:00","status":429,"error":"Too Many Requests","path":"/ai/breakdown"}
2026-08-06 09:08:29 [breakdown] OK G3340/V-AAP-GPM (surface=μετανοησάντων) [889/11409]
2026-08-06 09:09:30 [breakdown] FAIL G3340/V-AAS-2S: None timed out
2026-08-06 09:09:32 [breakdown] FAIL G3340/V-AAS-3P: 429 {"timestamp":"2026-08-06T14:09:32.337+00:00","status":429,"error":"Too Many Requests","path":"/ai/breakdown"}
2026-08-06 09:10:33 [breakdown] FAIL G3340/V-AAS-3S: None timed out
2026-08-06 09:11:34 [breakdown] FAIL G3340/V-FAI-3P: None timed out
2026-08-06 09:11:36 [breakdown] FAIL G3340/V-PAI-1S: 429 {"timestamp":"2026-08-06T14:11:36.244+00:00","status":429,"error":"Too Many Requests","path":"/ai/breakdown"}
2026-08-06 09:11:38 [breakdown] OK G3340/V-PAM-2P (surface=Μετανοεῖτε) [890/11409]
2026-08-06 09:12:39 [breakdown] FAIL G3340/V-PAN: None timed out
2026-08-06 09:12:41 [breakdown] FAIL G3340/V-PAP-DSM: 429 {"timestamp":"2026-08-06T14:12:41.484+00:00","status":429,"error":"Too Many Requests","path":"/ai/breakdown"}
2026-08-06 09:12:58 [breakdown] OK G3340/V-PAS-2P (surface=μετανοῆτε) [891/11409]
2026-08-06 09:13:18 [breakdown] OK G3340/V-PAS-3P (surface=μετανοῶσιν) [892/11409]
2026-08-06 09:13:20 [breakdown] FAIL G3341/N-ASF: 429 {"timestamp":"2026-08-06T14:13:20.181+00:00","status":429,"error":"Too Many Requests","path":"/ai/breakdown"}
2026-08-06 09:13:38 [breakdown] OK G3341/N-GSF (surface=μετανοίας) [893/11409]
2026-08-06 09:14:02 [breakdown] OK G3342/ADV (surface=μεταξὺ) [894/11409]
2026-08-06 09:14:04 [breakdown] FAIL G3342/PREP: 429 {"timestamp":"2026-08-06T14:14:04.523+00:00","status":429,"error":"Too Many Requests","path":"/ai/breakdown"}
2026-08-06 09:14:06 [breakdown] OK G3343/V-AMI-2P (surface=μετεπέμψασθέ) [895/11409]
2026-08-06 09:15:08 [breakdown] FAIL G3343/V-AMI-3S: None timed out
2026-08-06 09:15:09 [breakdown] FAIL G3343/V-AMM-2S: 429 {"timestamp":"2026-08-06T14:15:09.761+00:00","status":429,"error":"Too Many Requests","path":"/ai/breakdown"}
2026-08-06 09:16:10 [breakdown] FAIL G3343/V-AMN: None timed out
2026-08-06 09:16:52 [breakdown] OK G3343/V-AMP-NSM (surface=μεταπεμψάμενος) [896/11409]
2026-08-06 09:16:54 [breakdown] FAIL G3343/V-AMS-3S: 429 {"timestamp":"2026-08-06T14:16:54.537+00:00","status":429,"error":"Too Many Requests","path":"/ai/breakdown"}
2026-08-06 09:16:57 [breakdown] OK G3343/V-APP-NSM (surface=μεταπεμφθείς) [897/11409]
2026-08-06 09:17:58 [breakdown] FAIL G3343/V-PMP-NSM: None timed out
2026-08-06 09:17:59 [breakdown] FAIL G3344/V-2FPI-3S: 429 {"timestamp":"2026-08-06T14:17:59.947+00:00","status":429,"error":"Too Many Requests","path":"/ai/breakdown"}
2026-08-06 09:19:01 [breakdown] FAIL G3344/V-AAN: None timed out
2026-08-06 09:19:18 [breakdown] OK G3345/V-AAI-1S (surface=μετεσχημάτισα) [898/11409]
2026-08-06 09:19:20 [breakdown] FAIL G3345/V-FAI-3S: 429 {"timestamp":"2026-08-06T14:19:20.332+00:00","status":429,"error":"Too Many Requests","path":"/ai/breakdown"}
2026-08-06 09:19:22 [breakdown] OK G3345/V-PMI-3P (surface=μετασχηματίζονται) [899/11409]
2026-08-06 09:19:38 [breakdown] OK G3345/V-PMI-3S (surface=μετασχηματίζεται) [900/11409]
2026-08-06 09:19:40 [breakdown] FAIL G3345/V-PMP-NPM: 429 {"timestamp":"2026-08-06T14:19:40.516+00:00","status":429,"error":"Too Many Requests","path":"/ai/breakdown"}
2026-08-06 09:20:25 [breakdown] OK G3346/V-AAI-3S (surface=μετέθηκεν) [901/11409]
2026-08-06 09:20:54 [breakdown] OK G3346/V-API-3P (surface=μετετέθησαν) [902/11409]
2026-08-06 09:20:56 [breakdown] FAIL G3346/V-API-3S: 429 {"timestamp":"2026-08-06T14:20:56.145+00:00","status":429,"error":"Too Many Requests","path":"/ai/breakdown"}
2026-08-06 09:21:48 [breakdown] OK G3346/V-PAP-NPM (surface=μετατιθέντες) [903/11409]
2026-08-06 09:22:12 [breakdown] OK G3346/V-PEI-2P (surface=μετατίθεσθε) [904/11409]
2026-08-06 09:22:14 [breakdown] FAIL G3346/V-PPP-GSF: 429 {"timestamp":"2026-08-06T14:22:14.723+00:00","status":429,"error":"Too Many Requests","path":"/ai/breakdown"}
2026-08-06 09:22:17 [breakdown] OK G3347/ADV (surface=μετέπειτα) [905/11409]
2026-08-06 09:22:28 [breakdown] OK G3348/V-2AAI-3S (surface=μετέσχεν) [906/11409]
2026-08-06 09:22:30 [breakdown] FAIL G3348/V-PAI-1P: 429 {"timestamp":"2026-08-06T14:22:30.597+00:00","status":429,"error":"Too Many Requests","path":"/ai/breakdown"}
2026-08-06 09:22:51 [breakdown] OK G3348/V-PAI-1S (surface=μετέχω) [907/11409]
2026-08-06 09:23:52 [breakdown] FAIL G3348/V-PAI-3P: None timed out
2026-08-06 09:23:54 [breakdown] FAIL G3348/V-PAN: 429 {"timestamp":"2026-08-06T14:23:54.567+00:00","status":429,"error":"Too Many Requests","path":"/ai/breakdown"}
2026-08-06 09:24:30 [breakdown] OK G3348/V-PAP-NSM (surface=μετέχων) [908/11409]
2026-08-06 09:25:16 [breakdown] OK G3348/V-RAI-3S (surface=μετέσχηκεν) [909/11409]
2026-08-06 09:25:18 [breakdown] FAIL G3349/V-PMM-2P: 429 {"timestamp":"2026-08-06T14:25:18.130+00:00","status":429,"error":"Too Many Requests","path":"/ai/breakdown"}
2026-08-06 09:25:20 [breakdown] OK G335/N-ASF (surface=ἀναίδειαν) [910/11409]
2026-08-06 09:26:21 [breakdown] FAIL G3350/N-ASF: None timed out
2026-08-06 09:26:23 [breakdown] FAIL G3350/N-GSF: 429 {"timestamp":"2026-08-06T14:26:23.255+00:00","status":429,"error":"Too Many Requests","path":"/ai/breakdown"}
2026-08-06 09:26:56 [breakdown] OK G3351/V-AAI-3S (surface=μετῴκισεν) [911/11409]
2026-08-06 09:27:25 [breakdown] OK G3351/V-FAI-1S (surface=μετοικιῶ) [912/11409]
2026-08-06 09:27:27 [breakdown] FAIL G3352/N-NSF: 429 {"timestamp":"2026-08-06T14:27:27.052+00:00","status":429,"error":"Too Many Requests","path":"/ai/breakdown"}
2026-08-06 09:27:29 [breakdown] OK G3353/A-APM (surface=μετόχους) [913/11409]
2026-08-06 09:27:49 [breakdown] OK G3353/A-DPM (surface=μετόχοις) [914/11409]
2026-08-06 09:27:50 [breakdown] FAIL G3353/A-NPM: 429 {"timestamp":"2026-08-06T14:27:50.706+00:00","status":429,"error":"Too Many Requests","path":"/ai/breakdown"}
2026-08-06 09:28:42 [breakdown] OK G3353/A-VPM (surface=μέτοχοι) [915/11409]
2026-08-06 09:29:37 [breakdown] OK G3354/V-AAI-3S (surface=ἐμέτρησεν) [916/11409]
2026-08-06 09:29:39 [breakdown] FAIL G3354/V-AAM-2S: 429 {"timestamp":"2026-08-06T14:29:39.151+00:00","status":429,"error":"Too Many Requests","path":"/ai/breakdown"}
2026-08-06 09:29:41 [breakdown] OK G3354/V-AAS-2S (surface=μετρήσῃς) [917/11409]
2026-08-06 09:29:54 [breakdown] OK G3354/V-AAS-3S (surface=μετρήσῃ) [918/11409]
2026-08-06 09:29:56 [breakdown] FAIL G3354/V-FPI-3S: 429 {"timestamp":"2026-08-06T14:29:56.220+00:00","status":429,"error":"Too Many Requests","path":"/ai/breakdown"}
2026-08-06 09:30:12 [breakdown] OK G3354/V-PAI-2P (surface=μετρεῖτε) [919/11409]
2026-08-06 09:30:36 [breakdown] OK G3354/V-PAP-NPM (surface=μετροῦντες) [920/11409]
2026-08-06 09:30:37 [breakdown] FAIL G3355/N-APM: 429 {"timestamp":"2026-08-06T14:30:37.729+00:00","status":429,"error":"Too Many Requests","path":"/ai/breakdown"}
2026-08-06 09:31:15 [breakdown] OK G3356/V-PAN (surface=μετριοπαθεῖν) [921/11409]
2026-08-06 09:31:43 [breakdown] OK G3357/ADV (surface=μετρίως) [922/11409]
2026-08-06 09:31:44 [breakdown] FAIL G3358/N-ASN: 429 {"timestamp":"2026-08-06T14:31:44.609+00:00","status":429,"error":"Too Many Requests","path":"/ai/breakdown"}
2026-08-06 09:31:46 [breakdown] OK G3358/N-DSN (surface=μέτρῳ) [923/11409]
2026-08-06 09:32:48 [breakdown] FAIL G3358/N-GSN: None timed out
2026-08-06 09:32:49 [breakdown] FAIL G3359/N-ASN: 429 {"timestamp":"2026-08-06T14:32:49.926+00:00","status":429,"error":"Too Many Requests","path":"/ai/breakdown"}
2026-08-06 09:33:51 [breakdown] FAIL G3359/N-GPN: None timed out
2026-08-06 09:34:04 [breakdown] OK G3359/N-GSN (surface=μετώπου) [924/11409]
2026-08-06 09:34:06 [breakdown] FAIL G336/N-DSF: 429 {"timestamp":"2026-08-06T14:34:06.222+00:00","status":429,"error":"Too Many Requests","path":"/ai/breakdown"}
2026-08-06 09:34:08 [breakdown] OK G3360/CONJ (surface=μέχρι) [925/11409]
2026-08-06 09:34:50 [breakdown] OK G3360/PREP (surface=μέχρι) [926/11409]
2026-08-06 09:34:52 [breakdown] FAIL G3361/PRT: 429 {"timestamp":"2026-08-06T14:34:52.093+00:00","status":429,"error":"Too Many Requests","path":"/ai/breakdown"}
2026-08-06 09:35:53 [breakdown] FAIL G3361/PRT-N: None timed out
2026-08-06 09:36:54 [breakdown] FAIL G3365/ADV: None timed out
2026-08-06 09:36:55 [breakdown] FAIL G3366/ADV: 429 {"timestamp":"2026-08-06T14:36:55.993+00:00","status":429,"error":"Too Many Requests","path":"/ai/breakdown"}
2026-08-06 09:36:58 [breakdown] OK G3366/CONJ (surface=μηδὲ) [927/11409]
2026-08-06 09:37:59 [breakdown] FAIL G3367/A-ASF: None timed out
2026-08-06 09:38:00 [breakdown] FAIL G3367/A-ASM: 429 {"timestamp":"2026-08-06T14:38:00.940+00:00","status":429,"error":"Too Many Requests","path":"/ai/breakdown"}
2026-08-06 09:38:03 [breakdown] OK G3367/A-ASN (surface=Μηδὲν) [928/11409]
2026-08-06 09:38:17 [breakdown] OK G3367/A-DSM (surface=μηδενὶ) [929/11409]
2026-08-06 09:38:18 [breakdown] FAIL G3367/A-DSN: 429 {"timestamp":"2026-08-06T14:38:18.945+00:00","status":429,"error":"Too Many Requests","path":"/ai/breakdown"}
2026-08-06 09:39:20 [breakdown] FAIL G3367/A-GSN: None timed out
2026-08-06 09:39:36 [breakdown] OK G3367/A-NSM (surface=μηδεὶς) [930/11409]
2026-08-06 09:39:37 [breakdown] FAIL G3367/A-NSN: 429 {"timestamp":"2026-08-06T14:39:37.811+00:00","status":429,"error":"Too Many Requests","path":"/ai/breakdown"}
2026-08-06 09:40:00 [breakdown] OK G3368/ADV (surface=μηδέποτε) [931/11409]
2026-08-06 09:40:17 [breakdown] OK G3369/ADV (surface=μηδέπω) [932/11409]
2026-08-06 09:40:19 [breakdown] FAIL G337/V-2AAI-2P: 429 {"timestamp":"2026-08-06T14:40:19.474+00:00","status":429,"error":"Too Many Requests","path":"/ai/breakdown"}
2026-08-06 09:40:21 [breakdown] OK G337/V-2AAI-2S (surface=ἀνεῖλες) [933/11409]
2026-08-06 09:40:37 [breakdown] OK G337/V-2AAI-3P (surface=ἀνεῖλαν) [934/11409]
2026-08-06 09:40:39 [breakdown] FAIL G337/V-2AAI-3S: 429 {"timestamp":"2026-08-06T14:40:39.545+00:00","status":429,"error":"Too Many Requests","path":"/ai/breakdown"}
2026-08-06 09:41:34 [breakdown] OK G337/V-2AAN (surface=ἀνελεῖν) [935/11409]
2026-08-06 09:41:51 [breakdown] OK G337/V-2AAS-3P (surface=ἀνέλωσιν) [936/11409]
2026-08-06 09:41:53 [breakdown] FAIL G337/V-2AMI-3S: 429 {"timestamp":"2026-08-06T14:41:53.131+00:00","status":429,"error":"Too Many Requests","path":"/ai/breakdown"}
2026-08-06 09:42:54 [breakdown] FAIL G337/V-2FAI-3S: None timed out
2026-08-06 09:43:15 [breakdown] OK G337/V-API-3S (surface=ἀνῃρέθη) [937/11409]
2026-08-06 09:43:17 [breakdown] FAIL G337/V-APN: 429 {"timestamp":"2026-08-06T14:43:17.368+00:00","status":429,"error":"Too Many Requests","path":"/ai/breakdown"}
2026-08-06 09:43:19 [breakdown] OK G337/V-IMI-2P (surface=ἀνείχεσθέ) [938/11409]
2026-08-06 09:43:33 [breakdown] OK G337/V-PAI-3S (surface=ἀναιρεῖ) [939/11409]
2026-08-06 09:43:35 [breakdown] FAIL G337/V-PAN: 429 {"timestamp":"2026-08-06T14:43:35.414+00:00","status":429,"error":"Too Many Requests","path":"/ai/breakdown"}
2026-08-06 09:43:50 [breakdown] OK G337/V-PAP-GPM (surface=ἀναιρούντων) [940/11409]
2026-08-06 09:44:52 [breakdown] FAIL G337/V-PPN: None timed out
2026-08-06 09:44:53 [breakdown] FAIL G337/V-PPP-GPM: 429 {"timestamp":"2026-08-06T14:44:53.912+00:00","status":429,"error":"Too Many Requests","path":"/ai/breakdown"}
2026-08-06 09:44:55 [breakdown] OK G3370/N-NPM-LG (surface=Μῆδοι) [941/11409]
2026-08-06 09:45:57 [breakdown] FAIL G3371/ADV: None timed out
2026-08-06 09:45:58 [breakdown] FAIL G3372/N-NSN: 429 {"timestamp":"2026-08-06T14:45:58.836+00:00","status":429,"error":"Too Many Requests","path":"/ai/breakdown"}
2026-08-06 09:47:00 [breakdown] FAIL G3373/V-PMS-3S: None timed out
2026-08-06 09:47:18 [breakdown] OK G3374/N-DPF (surface=μηλωταῖς) [942/11409]
2026-08-06 09:47:20 [breakdown] FAIL G3375/N-APM: 429 {"timestamp":"2026-08-06T14:47:20.246+00:00","status":429,"error":"Too Many Requests","path":"/ai/breakdown"}
2026-08-06 09:47:22 [breakdown] OK G3375/N-ASM (surface=μῆνα) [943/11409]
2026-08-06 09:48:23 [breakdown] FAIL G3375/N-DSM: None timed out
2026-08-06 09:48:25 [breakdown] FAIL G3375/N-NSM: 429 {"timestamp":"2026-08-06T14:48:25.477+00:00","status":429,"error":"Too Many Requests","path":"/ai/breakdown"}
2026-08-06 09:48:50 [breakdown] OK G3375/PRT (surface=μὴν) [944/11409]
2026-08-06 09:49:51 [breakdown] FAIL G3377/V-AAI-3S: None timed out
2026-08-06 09:49:52 [breakdown] FAIL G3377/V-AAP-ASM: 429 {"timestamp":"2026-08-06T14:49:52.943+00:00","status":429,"error":"Too Many Requests","path":"/ai/breakdown"}
2026-08-06 09:49:55 [breakdown] OK G3377/V-AAS-3S (surface=μηνύσῃ) [945/11409]
2026-08-06 09:50:56 [breakdown] FAIL G3377/V-APP-GSF: None timed out
2026-08-06 09:50:58 [breakdown] FAIL G3379/CONJ: 429 {"timestamp":"2026-08-06T14:50:58.159+00:00","status":429,"error":"Too Many Requests","path":"/ai/breakdown"}
2026-08-06 09:51:00 [breakdown] OK G3379/PRT-I (surface=μήποτε) [946/11409]
2026-08-06 09:52:01 [breakdown] FAIL G338/A-APM: None timed out
2026-08-06 09:52:03 [breakdown] FAIL G338/A-NPM: 429 {"timestamp":"2026-08-06T14:52:03.288+00:00","status":429,"error":"Too Many Requests","path":"/ai/breakdown"}
2026-08-06 09:52:05 [breakdown] OK G3380/ADV (surface=μήπω) [947/11409]
2026-08-06 09:52:21 [breakdown] OK G3382/N-ASM (surface=μηρὸν) [948/11409]
2026-08-06 09:52:23 [breakdown] FAIL G3383/CONJ: 429 {"timestamp":"2026-08-06T14:52:23.528+00:00","status":429,"error":"Too Many Requests","path":"/ai/breakdown"}
2026-08-06 09:52:37 [breakdown] OK G3383/CONJ-N (surface=μήτε) [949/11409]
2026-08-06 09:53:38 [breakdown] FAIL G3384/N-APF: None timed out
2026-08-06 09:53:40 [breakdown] FAIL G3384/N-ASF: 429 {"timestamp":"2026-08-06T14:53:40.570+00:00","status":429,"error":"Too Many Requests","path":"/ai/breakdown"}
2026-08-06 09:53:42 [breakdown] OK G3384/N-DSF (surface=μητρί) [950/11409]
2026-08-06 09:53:55 [breakdown] OK G3384/N-GSF (surface=μητρὸς) [951/11409]
2026-08-06 09:53:56 [breakdown] FAIL G3384/N-NSF: 429 {"timestamp":"2026-08-06T14:53:56.707+00:00","status":429,"error":"Too Many Requests","path":"/ai/breakdown"}
2026-08-06 09:54:57 [breakdown] FAIL G3385/PRT: None timed out
2026-08-06 09:55:37 [breakdown] OK G3388/N-ASF (surface=μήτραν) [952/11409]
2026-08-06 09:55:39 [breakdown] FAIL G3388/N-GSF: 429 {"timestamp":"2026-08-06T14:55:39.561+00:00","status":429,"error":"Too Many Requests","path":"/ai/breakdown"}
2026-08-06 09:56:32 [breakdown] OK G3389/N-DPM (surface=μητρολῴαις) [953/11409]
2026-08-06 09:57:33 [breakdown] FAIL G339/V-AAI-3S: None timed out
2026-08-06 09:57:35 [breakdown] FAIL G3392/V-APS-3P: 429 {"timestamp":"2026-08-06T14:57:35.031+00:00","status":429,"error":"Too Many Requests","path":"/ai/breakdown"}
2026-08-06 09:57:37 [breakdown] OK G3392/V-PAI-3P (surface=μιαίνουσιν) [954/11409]
2026-08-06 09:58:38 [breakdown] FAIL G3392/V-RPI-3S: None timed out
2026-08-06 09:58:40 [breakdown] FAIL G3392/V-RPP-DPM: 429 {"timestamp":"2026-08-06T14:58:40.332+00:00","status":429,"error":"Too Many Requests","path":"/ai/breakdown"}
2026-08-06 09:58:42 [breakdown] OK G3393/N-APN (surface=μιάσματα) [955/11409]
2026-08-06 09:58:57 [breakdown] OK G3394/N-GSM (surface=μιασμοῦ) [956/11409]
2026-08-06 09:58:59 [breakdown] FAIL G3395/N-ASN: 429 {"timestamp":"2026-08-06T14:58:59.450+00:00","status":429,"error":"Too Many Requests","path":"/ai/breakdown"}
2026-08-06 09:59:20 [breakdown] OK G3396/V-AAI-3S (surface=ἔμιξεν) [957/11409]
2026-08-06 10:00:18 [breakdown] OK G3396/V-RPP-ASF (surface=μεμιγμένην) [958/11409]
2026-08-06 10:00:19 [breakdown] FAIL G3396/V-RPP-ASM: 429 {"timestamp":"2026-08-06T15:00:19.836+00:00","status":429,"error":"Too Many Requests","path":"/ai/breakdown"}
2026-08-06 10:00:22 [breakdown] OK G3396/V-RPP-NPN (surface=μεμιγμένα) [959/11409]
2026-08-06 10:00:58 [breakdown] OK G3398/A-APM (surface=μικροὺς) [960/11409]
2026-08-06 10:00:59 [breakdown] FAIL G3398/A-ASF: 429 {"timestamp":"2026-08-06T15:00:59.891+00:00","status":429,"error":"Too Many Requests","path":"/ai/breakdown"}
2026-08-06 10:02:01 [breakdown] FAIL G3398/A-ASM: None timed out
2026-08-06 10:03:02 [breakdown] FAIL G3398/A-ASN: None timed out
2026-08-06 10:03:03 [breakdown] FAIL G3398/A-DSM: 429 {"timestamp":"2026-08-06T15:03:03.681+00:00","status":429,"error":"Too Many Requests","path":"/ai/breakdown"}
2026-08-06 10:03:05 [breakdown] OK G3398/A-GPM (surface=μικρῶν) [961/11409]
2026-08-06 10:03:16 [breakdown] OK G3398/A-GPN (surface=μικρῶν) [962/11409]
2026-08-06 10:03:18 [breakdown] FAIL G3398/A-GSM: 429 {"timestamp":"2026-08-06T15:03:18.543+00:00","status":429,"error":"Too Many Requests","path":"/ai/breakdown"}
2026-08-06 10:03:32 [breakdown] OK G3398/A-NSF (surface=μικρὰ) [963/11409]
2026-08-06 10:03:46 [breakdown] OK G3398/A-NSM (surface=μικρὸς) [964/11409]
2026-08-06 10:03:47 [breakdown] FAIL G3398/A-NSM-C: 429 {"timestamp":"2026-08-06T15:03:47.825+00:00","status":429,"error":"Too Many Requests","path":"/ai/breakdown"}
2026-08-06 10:03:49 [breakdown] OK G3398/A-NSN (surface=μικρὸν) [965/11409]
2026-08-06 10:04:20 [breakdown] OK G3398/A-NSN-C (surface=μικρότερον) [966/11409]
2026-08-06 10:04:22 [breakdown] FAIL G3398/A-VPM: 429 {"timestamp":"2026-08-06T15:04:22.136+00:00","status":429,"error":"Too Many Requests","path":"/ai/breakdown"}
2026-08-06 10:05:08 [breakdown] OK G3398/A-VSN (surface=μικρὸν) [967/11409]
2026-08-06 10:06:10 [breakdown] FAIL G3399/N-ASF-L: None timed out
2026-08-06 10:06:11 [breakdown] FAIL G3399/N-DSF-L: 429 {"timestamp":"2026-08-06T15:06:11.693+00:00","status":429,"error":"Too Many Requests","path":"/ai/breakdown"}
2026-08-06 10:06:14 [breakdown] OK G3399/N-GSF-L (surface=Μιλήτου) [968/11409]
2026-08-06 10:07:15 [breakdown] FAIL G34/N-ASF: None timed out
2026-08-06 10:07:16 [breakdown] FAIL G34/N-NSF: 429 {"timestamp":"2026-08-06T15:07:16.943+00:00","status":429,"error":"Too Many Requests","path":"/ai/breakdown"}
2026-08-06 10:07:30 [breakdown] OK G340/V-PAN (surface=ἀνακαινίζειν) [969/11409]
2026-08-06 10:07:53 [breakdown] OK G3400/N-ASN (surface=μίλιον) [970/11409]
2026-08-06 10:07:55 [breakdown] FAIL G3401/V-PNM-2P: 429 {"timestamp":"2026-08-06T15:07:55.233+00:00","status":429,"error":"Too Many Requests","path":"/ai/breakdown"}
2026-08-06 10:08:26 [breakdown] OK G3401/V-PNM-2S (surface=μιμοῦ) [971/11409]
2026-08-06 10:09:27 [breakdown] FAIL G3401/V-PNN: None timed out
2026-08-06 10:09:29 [breakdown] FAIL G3402/N-NPM: 429 {"timestamp":"2026-08-06T15:09:29.124+00:00","status":429,"error":"Too Many Requests","path":"/ai/breakdown"}
2026-08-06 10:09:31 [breakdown] OK G3403/V-API-1P (surface=ἐμνήσθημεν) [972/11409]
2026-08-06 10:09:49 [breakdown] OK G3403/V-API-1S (surface=ἐμνήσθην) [973/11409]
2026-08-06 10:09:51 [breakdown] FAIL G3403/V-API-3P: 429 {"timestamp":"2026-08-06T15:09:51.447+00:00","status":429,"error":"Too Many Requests","path":"/ai/breakdown"}
2026-08-06 10:10:17 [breakdown] OK G3403/V-API-3S (surface=ἐμνήσθη) [974/11409]
2026-08-06 10:10:42 [breakdown] OK G3403/V-APM-2P (surface=μνήσθητε) [975/11409]
2026-08-06 10:10:44 [breakdown] FAIL G3403/V-APM-2S: 429 {"timestamp":"2026-08-06T15:10:44.492+00:00","status":429,"error":"Too Many Requests","path":"/ai/breakdown"}
2026-08-06 10:11:45 [breakdown] FAIL G3403/V-APN: None timed out
2026-08-06 10:12:05 [breakdown] OK G3403/V-APS-1S (surface=μνησθῶ) [976/11409]
2026-08-06 10:12:07 [breakdown] FAIL G3403/V-APS-2S: 429 {"timestamp":"2026-08-06T15:12:07.480+00:00","status":429,"error":"Too Many Requests","path":"/ai/breakdown"}
2026-08-06 10:12:09 [breakdown] OK G3403/V-FPI-1S (surface=μνησθήσομαι) [977/11409]
2026-08-06 10:12:46 [breakdown] OK G3403/V-PNI-2S (surface=μιμνῄσκῃ) [978/11409]
2026-08-06 10:12:48 [breakdown] FAIL G3403/V-PNM-2P: 429 {"timestamp":"2026-08-06T15:12:48.399+00:00","status":429,"error":"Too Many Requests","path":"/ai/breakdown"}
2026-08-06 10:13:00 [breakdown] OK G3403/V-RMI-2P (surface=μέμνησθε) [979/11409]
2026-08-06 10:14:01 [breakdown] FAIL G3403/V-RMP-NSM: None timed out
2026-08-06 10:14:03 [breakdown] FAIL G3404/V-AAI-1S: 429 {"timestamp":"2026-08-06T15:14:03.464+00:00","status":429,"error":"Too Many Requests","path":"/ai/breakdown"}
2026-08-06 10:14:05 [breakdown] OK G3404/V-AAI-2S (surface=ἐμίσησας) [980/11409]
2026-08-06 10:14:19 [breakdown] OK G3404/V-AAI-3P (surface=Ἐμίσησάν) [981/11409]
2026-08-06 10:14:20 [breakdown] FAIL G3404/V-AAI-3S: 429 {"timestamp":"2026-08-06T15:14:20.971+00:00","status":429,"error":"Too Many Requests","path":"/ai/breakdown"}
2026-08-06 10:15:22 [breakdown] FAIL G3404/V-AAS-3P: None timed out
2026-08-06 10:16:23 [breakdown] FAIL G3404/V-FAI-2S: None timed out
2026-08-06 10:16:24 [breakdown] FAIL G3404/V-FAI-3P: 429 {"timestamp":"2026-08-06T15:16:24.770+00:00","status":429,"error":"Too Many Requests","path":"/ai/breakdown"}
2026-08-06 10:16:26 [breakdown] OK G3404/V-FAI-3S (surface=μισήσει) [982/11409]
2026-08-06 10:17:28 [breakdown] FAIL G3404/V-IAI-3P: None timed out
2026-08-06 10:17:29 [breakdown] FAIL G3404/V-PAI-1S: 429 {"timestamp":"2026-08-06T15:17:29.802+00:00","status":429,"error":"Too Many Requests","path":"/ai/breakdown"}
2026-08-06 10:18:31 [breakdown] FAIL G3404/V-PAI-2S: None timed out
2026-08-06 10:19:32 [breakdown] FAIL G3404/V-PAI-3S: None timed out
2026-08-06 10:19:33 [breakdown] FAIL G3404/V-PAN: 429 {"timestamp":"2026-08-06T15:19:33.914+00:00","status":429,"error":"Too Many Requests","path":"/ai/breakdown"}
2026-08-06 10:19:36 [breakdown] OK G3404/V-PAP-DPM (surface=μισοῦσιν) [983/11409]
2026-08-06 10:19:47 [breakdown] OK G3404/V-PAP-GPM (surface=μισούντων) [984/11409]
2026-08-06 10:19:49 [breakdown] FAIL G3404/V-PAP-NPM: 429 {"timestamp":"2026-08-06T15:19:49.376+00:00","status":429,"error":"Too Many Requests","path":"/ai/breakdown"}
2026-08-06 10:20:08 [breakdown] OK G3404/V-PAP-NSM (surface=μισῶν) [985/11409]
2026-08-06 10:20:26 [breakdown] OK G3404/V-PAS-3S (surface=μισῇ) [986/11409]
2026-08-06 10:20:28 [breakdown] FAIL G3404/V-PPP-NPM: 429 {"timestamp":"2026-08-06T15:20:28.392+00:00","status":429,"error":"Too Many Requests","path":"/ai/breakdown"}
2026-08-06 10:21:29 [breakdown] FAIL G3404/V-RAI-3P: None timed out
2026-08-06 10:22:30 [breakdown] FAIL G3404/V-RAI-3S: None timed out
2026-08-06 10:22:32 [breakdown] FAIL G3404/V-RPP-GSN: 429 {"timestamp":"2026-08-06T15:22:32.504+00:00","status":429,"error":"Too Many Requests","path":"/ai/breakdown"}
2026-08-06 10:22:35 [breakdown] OK G3405/N-ASF (surface=μισθαποδοσίαν) [987/11409]
2026-08-06 10:22:54 [breakdown] OK G3406/N-NSM (surface=μισθαποδότης) [988/11409]
2026-08-06 10:22:55 [breakdown] FAIL G3407/A-GPM: 429 {"timestamp":"2026-08-06T15:22:55.720+00:00","status":429,"error":"Too Many Requests","path":"/ai/breakdown"}
2026-08-06 10:23:56 [breakdown] FAIL G3407/A-NPM: None timed out
2026-08-06 10:24:58 [breakdown] FAIL G3408/N-ASM: None timed out
2026-08-06 10:24:59 [breakdown] FAIL G3408/N-GSM: 429 {"timestamp":"2026-08-06T15:24:59.861+00:00","status":429,"error":"Too Many Requests","path":"/ai/breakdown"}
2026-08-06 10:25:02 [breakdown] OK G3408/N-NSM (surface=μισθός) [989/11409]
2026-08-06 10:25:22 [breakdown] OK G3409/V-AMI-3S (surface=ἐμισθώσατο) [990/11409]
2026-08-06 10:25:24 [breakdown] FAIL G3409/V-AMN: 429 {"timestamp":"2026-08-06T15:25:24.233+00:00","status":429,"error":"Too Many Requests","path":"/ai/breakdown"}
2026-08-06 10:26:25 [breakdown] FAIL G341/V-PPI-3S: None timed out
2026-08-06 10:27:26 [breakdown] FAIL G341/V-PPP-ASM: None timed out
2026-08-06 10:27:28 [breakdown] FAIL G3410/N-DSN: 429 {"timestamp":"2026-08-06T15:27:28.037+00:00","status":429,"error":"Too Many Requests","path":"/ai/breakdown"}
2026-08-06 10:27:30 [breakdown] OK G3411/N-GPM (surface=μισθωτῶν) [991/11409]
2026-08-06 10:28:29 [breakdown] OK G3411/N-NSM (surface=μισθωτὸς) [992/11409]
2026-08-06 10:28:30 [breakdown] FAIL G3412/N-ASF-L: 429 {"timestamp":"2026-08-06T15:28:30.810+00:00","status":429,"error":"Too Many Requests","path":"/ai/breakdown"}
2026-08-06 10:29:08 [breakdown] OK G3413/N-NSM-P (surface=Μιχαὴλ) [993/11409]
2026-08-06 10:30:10 [breakdown] FAIL G3414/N-APF: None timed out
2026-08-06 10:30:11 [breakdown] FAIL G3414/N-ASF: 429 {"timestamp":"2026-08-06T15:30:11.883+00:00","status":429,"error":"Too Many Requests","path":"/ai/breakdown"}
2026-08-06 10:30:14 [breakdown] OK G3414/N-NSF (surface=μνᾶ) [994/11409]
2026-08-06 10:31:15 [breakdown] FAIL G3416/N-DSM-P: None timed out
2026-08-06 10:31:17 [breakdown] FAIL G3417/N-ASF: 429 {"timestamp":"2026-08-06T15:31:17.215+00:00","status":429,"error":"Too Many Requests","path":"/ai/breakdown"}
2026-08-06 10:31:32 [breakdown] OK G3417/N-DSF (surface=μνείᾳ) [995/11409]
2026-08-06 10:32:17 [breakdown] OK G3418/N-ASN (surface=μνῆμα) [996/11409]
2026-08-06 10:32:18 [breakdown] FAIL G3418/N-DPN: 429 {"timestamp":"2026-08-06T15:32:18.669+00:00","status":429,"error":"Too Many Requests","path":"/ai/breakdown"}
2026-08-06 10:32:21 [breakdown] OK G3418/N-DSN (surface=μνήματι) [997/11409]
2026-08-06 10:32:41 [breakdown] OK G3418/N-NSN (surface=μνῆμα) [998/11409]
2026-08-06 10:32:43 [breakdown] FAIL G3419/N-APN: 429 {"timestamp":"2026-08-06T15:32:43.334+00:00","status":429,"error":"Too Many Requests","path":"/ai/breakdown"}
2026-08-06 10:33:44 [breakdown] FAIL G3419/N-ASN: None timed out
2026-08-06 10:34:02 [breakdown] OK G3419/N-DPN (surface=μνημείοις) [999/11409]
2026-08-06 10:34:03 [breakdown] FAIL G3419/N-DSN: 429 {"timestamp":"2026-08-06T15:34:03.722+00:00","status":429,"error":"Too Many Requests","path":"/ai/breakdown"}
2026-08-06 10:34:34 [breakdown] OK G3419/N-GPN (surface=μνημείων) [1000/11409]
2026-08-06 10:35:12 [breakdown] OK G3419/N-GSN (surface=μνημείου) [1001/11409]
2026-08-06 10:35:14 [breakdown] FAIL G3419/N-NPN: 429 {"timestamp":"2026-08-06T15:35:14.173+00:00","status":429,"error":"Too Many Requests","path":"/ai/breakdown"}
2026-08-06 10:35:16 [breakdown] OK G3419/N-NSN (surface=μνημεῖον) [1002/11409]
2026-08-06 10:35:38 [breakdown] OK G342/N-DSF (surface=ἀνακαινώσει) [1003/11409]
2026-08-06 10:35:40 [breakdown] FAIL G342/N-GSF: 429 {"timestamp":"2026-08-06T15:35:40.082+00:00","status":429,"error":"Too Many Requests","path":"/ai/breakdown"}
2026-08-06 10:36:03 [breakdown] OK G3420/N-ASF (surface=μνήμην) [1004/11409]
2026-08-06 10:37:04 [breakdown] FAIL G3421/V-AAI-3S: None timed out
2026-08-06 10:37:05 [breakdown] FAIL G3421/V-IAI-3P: 429 {"timestamp":"2026-08-06T15:37:05.896+00:00","status":429,"error":"Too Many Requests","path":"/ai/breakdown"}
2026-08-06 10:38:07 [breakdown] FAIL G3421/V-PAI-2P: None timed out
2026-08-06 10:39:08 [breakdown] FAIL G3421/V-PAI-3S: None timed out
2026-08-06 10:39:10 [breakdown] FAIL G3421/V-PAM-2P: 429 {"timestamp":"2026-08-06T15:39:10.110+00:00","status":429,"error":"Too Many Requests","path":"/ai/breakdown"}
2026-08-06 10:39:12 [breakdown] OK G3421/V-PAM-2S (surface=μνημόνευε) [1005/11409]
2026-08-06 10:39:54 [breakdown] OK G3421/V-PAN (surface=μνημονεύειν) [1006/11409]
2026-08-06 10:39:56 [breakdown] FAIL G3421/V-PAP-NPM: 429 {"timestamp":"2026-08-06T15:39:56.420+00:00","status":429,"error":"Too Many Requests","path":"/ai/breakdown"}
2026-08-06 10:40:57 [breakdown] FAIL G3421/V-PAS-1P: None timed out
2026-08-06 10:41:58 [breakdown] FAIL G3421/V-PAS-2P: None timed out
2026-08-06 10:42:00 [breakdown] FAIL G3422/N-ASN: 429 {"timestamp":"2026-08-06T15:42:00.302+00:00","status":429,"error":"Too Many Requests","path":"/ai/breakdown"}
2026-08-06 10:42:02 [breakdown] OK G3423/V-APP-GSF (surface=μνηστευθείσης) [1007/11409]
2026-08-06 10:43:03 [breakdown] FAIL G3423/V-RPP-ASF: None timed out
2026-08-06 10:43:05 [breakdown] FAIL G3423/V-RPP-DSF: 429 {"timestamp":"2026-08-06T15:43:05.453+00:00","status":429,"error":"Too Many Requests","path":"/ai/breakdown"}
2026-08-06 10:44:06 [breakdown] FAIL G3424/A-ASM: None timed out
2026-08-06 10:44:42 [breakdown] OK G3425/ADV (surface=μόγις) [1008/11409]
2026-08-06 10:44:43 [breakdown] FAIL G3426/N-ASM: 429 {"timestamp":"2026-08-06T15:44:43.888+00:00","status":429,"error":"Too Many Requests","path":"/ai/breakdown"}
2026-08-06 10:44:46 [breakdown] OK G3428/A-ASF (surface=μοιχαλίδα) [1009/11409]
2026-08-06 10:45:47 [breakdown] FAIL G3428/A-DSF: None timed out
2026-08-06 10:46:18 [breakdown] FAIL G3428/A-GSF: 500 {"timestamp":"2026-08-06T15:46:18.760+00:00","status":500,"error":"Internal Server Error","path":"/ai/breakdown"}
2026-08-06 10:46:50 [breakdown] FAIL G3428/A-NSF: 500 {"timestamp":"2026-08-06T15:46:50.009+00:00","status":500,"error":"Internal Server Error","path":"/ai/breakdown"}
2026-08-06 10:47:21 [breakdown] FAIL G3428/A-VPF: 500 {"timestamp":"2026-08-06T15:47:21.269+00:00","status":500,"error":"Internal Server Error","path":"/ai/breakdown"}
2026-08-06 10:47:41 [breakdown] FAIL G3429/V-PNI-3S: 500 {"timestamp":"2026-08-06T15:47:41.633+00:00","status":500,"error":"Internal Server Error","path":"/ai/breakdown"}
2026-08-06 10:47:42 [breakdown] FAIL G343/V-PPP-NSN: 500 {"timestamp":"2026-08-06T15:47:42.866+00:00","status":500,"error":"Internal Server Error","path":"/ai/breakdown"}
2026-08-06 10:47:44 [breakdown] FAIL G343/V-RPP-DSN: 500 {"timestamp":"2026-08-06T15:47:44.101+00:00","status":500,"error":"Internal Server Error","path":"/ai/breakdown"}
2026-08-06 10:47:45 [breakdown] FAIL G3430/N-DSF: 500 {"timestamp":"2026-08-06T15:47:45.322+00:00","status":500,"error":"Internal Server Error","path":"/ai/breakdown"}
2026-08-06 10:47:46 [breakdown] FAIL G3430/N-NPF: 500 {"timestamp":"2026-08-06T15:47:46.554+00:00","status":500,"error":"Internal Server Error","path":"/ai/breakdown"}
2026-08-06 10:47:47 [breakdown] FAIL G3431/V-AAI-3S: 500 {"timestamp":"2026-08-06T15:47:47.775+00:00","status":500,"error":"Internal Server Error","path":"/ai/breakdown"}
2026-08-06 10:47:49 [breakdown] FAIL G3431/V-AAS-2S: 500 {"timestamp":"2026-08-06T15:47:49.016+00:00","status":500,"error":"Internal Server Error","path":"/ai/breakdown"}
2026-08-06 10:48:18 [breakdown] FAIL G3431/V-APN: 500 {"timestamp":"2026-08-06T15:48:18.264+00:00","status":500,"error":"Internal Server Error","path":"/ai/breakdown"}
2026-08-06 10:48:41 [breakdown] FAIL G3431/V-FAI-2S: 500 {"timestamp":"2026-08-06T15:48:41.495+00:00","status":500,"error":"Internal Server Error","path":"/ai/breakdown"}
2026-08-06 10:48:46 [breakdown] FAIL G3431/V-PAI-2S: 500 {"timestamp":"2026-08-06T15:48:46.731+00:00","status":500,"error":"Internal Server Error","path":"/ai/breakdown"}
2026-08-06 10:48:47 [breakdown] FAIL G3431/V-PAI-3S: 500 {"timestamp":"2026-08-06T15:48:47.966+00:00","status":500,"error":"Internal Server Error","path":"/ai/breakdown"}
2026-08-06 10:48:49 [breakdown] FAIL G3431/V-PAN: 500 {"timestamp":"2026-08-06T15:48:49.185+00:00","status":500,"error":"Internal Server Error","path":"/ai/breakdown"}
2026-08-06 10:48:50 [breakdown] FAIL G3431/V-PAP-APM: 500 {"timestamp":"2026-08-06T15:48:50.403+00:00","status":500,"error":"Internal Server Error","path":"/ai/breakdown"}
2026-08-06 10:48:53 [breakdown] FAIL G3431/V-PPP-NSF: 500 {"timestamp":"2026-08-06T15:48:53.630+00:00","status":500,"error":"Internal Server Error","path":"/ai/breakdown"}
2026-08-06 10:48:54 [breakdown] FAIL G3432/N-APM: 500 {"timestamp":"2026-08-06T15:48:54.864+00:00","status":500,"error":"Internal Server Error","path":"/ai/breakdown"}
2026-08-06 10:48:56 [breakdown] FAIL G3432/N-NPM: 500 {"timestamp":"2026-08-06T15:48:56.082+00:00","status":500,"error":"Internal Server Error","path":"/ai/breakdown"}
2026-08-06 10:48:57 [breakdown] FAIL G3433/ADV: 500 {"timestamp":"2026-08-06T15:48:57.306+00:00","status":500,"error":"Internal Server Error","path":"/ai/breakdown"}
2026-08-06 10:48:58 [breakdown] FAIL G3434/N-GSM-T: 500 {"timestamp":"2026-08-06T15:48:58.588+00:00","status":500,"error":"Internal Server Error","path":"/ai/breakdown"}
2026-08-06 10:48:59 [breakdown] FAIL G3435/V-AAI-3P: 500 {"timestamp":"2026-08-06T15:48:59.821+00:00","status":500,"error":"Internal Server Error","path":"/ai/breakdown"}
2026-08-06 10:49:01 [breakdown] FAIL G3435/V-API-3P: 500 {"timestamp":"2026-08-06T15:49:01.051+00:00","status":500,"error":"Internal Server Error","path":"/ai/breakdown"}
2026-08-06 10:49:02 [breakdown] FAIL G3435/V-PPI-3S: 500 {"timestamp":"2026-08-06T15:49:02.269+00:00","status":500,"error":"Internal Server Error","path":"/ai/breakdown"}
2026-08-06 10:49:03 [breakdown] FAIL G3436/N-GSM: 500 {"timestamp":"2026-08-06T15:49:03.487+00:00","status":500,"error":"Internal Server Error","path":"/ai/breakdown"}
2026-08-06 10:49:04 [breakdown] FAIL G3437/N-ASF: 500 {"timestamp":"2026-08-06T15:49:04.713+00:00","status":500,"error":"Internal Server Error","path":"/ai/breakdown"}
2026-08-06 10:49:05 [breakdown] FAIL G3438/N-ASF: 500 {"timestamp":"2026-08-06T15:49:05.952+00:00","status":500,"error":"Internal Server Error","path":"/ai/breakdown"}
2026-08-06 10:49:07 [breakdown] FAIL G3438/N-NPF: 500 {"timestamp":"2026-08-06T15:49:07.170+00:00","status":500,"error":"Internal Server Error","path":"/ai/breakdown"}
2026-08-06 10:49:08 [breakdown] FAIL G3439/A-ASM: 500 {"timestamp":"2026-08-06T15:49:08.394+00:00","status":500,"error":"Internal Server Error","path":"/ai/breakdown"}
2026-08-06 10:49:09 [breakdown] FAIL G3439/A-GSM: 500 {"timestamp":"2026-08-06T15:49:09.617+00:00","status":500,"error":"Internal Server Error","path":"/ai/breakdown"}
2026-08-06 10:49:10 [breakdown] FAIL G3439/A-NSF: 500 {"timestamp":"2026-08-06T15:49:10.845+00:00","status":500,"error":"Internal Server Error","path":"/ai/breakdown"}
2026-08-06 10:49:12 [breakdown] FAIL G3439/A-NSM: 500 {"timestamp":"2026-08-06T15:49:12.076+00:00","status":500,"error":"Internal Server Error","path":"/ai/breakdown"}
2026-08-06 10:49:13 [breakdown] FAIL G344/V-AAN: 500 {"timestamp":"2026-08-06T15:49:13.293+00:00","status":500,"error":"Internal Server Error","path":"/ai/breakdown"}
2026-08-06 10:49:14 [breakdown] FAIL G344/V-FAI-1S: 500 {"timestamp":"2026-08-06T15:49:14.512+00:00","status":500,"error":"Internal Server Error","path":"/ai/breakdown"}
2026-08-06 10:49:15 [breakdown] FAIL G344/V-FAI-3S: 500 {"timestamp":"2026-08-06T15:49:15.757+00:00","status":500,"error":"Internal Server Error","path":"/ai/breakdown"}
2026-08-06 10:49:16 [breakdown] FAIL G3440/ADV: 500 {"timestamp":"2026-08-06T15:49:16.979+00:00","status":500,"error":"Internal Server Error","path":"/ai/breakdown"}
2026-08-06 10:49:18 [breakdown] FAIL G3441/A-APF: 500 {"timestamp":"2026-08-06T15:49:18.197+00:00","status":500,"error":"Internal Server Error","path":"/ai/breakdown"}
2026-08-06 10:49:19 [breakdown] FAIL G3441/A-APM: 500 {"timestamp":"2026-08-06T15:49:19.420+00:00","status":500,"error":"Internal Server Error","path":"/ai/breakdown"}
2026-08-06 10:49:20 [breakdown] FAIL G3441/A-APN: 500 {"timestamp":"2026-08-06T15:49:20.638+00:00","status":500,"error":"Internal Server Error","path":"/ai/breakdown"}
2026-08-06 10:49:21 [breakdown] FAIL G3441/A-ASF: 500 {"timestamp":"2026-08-06T15:49:21.864+00:00","status":500,"error":"Internal Server Error","path":"/ai/breakdown"}
2026-08-06 10:49:23 [breakdown] FAIL G3441/A-ASM: 500 {"timestamp":"2026-08-06T15:49:23.094+00:00","status":500,"error":"Internal Server Error","path":"/ai/breakdown"}
2026-08-06 10:49:24 [breakdown] FAIL G3441/A-ASN: 500 {"timestamp":"2026-08-06T15:49:24.328+00:00","status":500,"error":"Internal Server Error","path":"/ai/breakdown"}
2026-08-06 10:49:25 [breakdown] FAIL G3441/A-DPM: 500 {"timestamp":"2026-08-06T15:49:25.545+00:00","status":500,"error":"Internal Server Error","path":"/ai/breakdown"}
2026-08-06 10:49:26 [breakdown] FAIL G3441/A-DSM: 500 {"timestamp":"2026-08-06T15:49:26.773+00:00","status":500,"error":"Internal Server Error","path":"/ai/breakdown"}
2026-08-06 10:49:28 [breakdown] FAIL G3441/A-GSM: 500 {"timestamp":"2026-08-06T15:49:28.014+00:00","status":500,"error":"Internal Server Error","path":"/ai/breakdown"}
2026-08-06 10:49:29 [breakdown] FAIL G3441/A-NPM: 500 {"timestamp":"2026-08-06T15:49:29.236+00:00","status":500,"error":"Internal Server Error","path":"/ai/breakdown"}
2026-08-06 10:49:30 [breakdown] FAIL G3441/A-NSM: 500 {"timestamp":"2026-08-06T15:49:30.469+00:00","status":500,"error":"Internal Server Error","path":"/ai/breakdown"}
2026-08-06 10:49:31 [breakdown] FAIL G3442/A-ASM: 500 {"timestamp":"2026-08-06T15:49:31.687+00:00","status":500,"error":"Internal Server Error","path":"/ai/breakdown"}
2026-08-06 10:49:32 [breakdown] FAIL G3443/V-RPP-NSF: 500 {"timestamp":"2026-08-06T15:49:32.924+00:00","status":500,"error":"Internal Server Error","path":"/ai/breakdown"}
2026-08-06 10:49:34 [breakdown] FAIL G3444/N-ASF: 500 {"timestamp":"2026-08-06T15:49:34.152+00:00","status":500,"error":"Internal Server Error","path":"/ai/breakdown"}
2026-08-06 10:49:35 [breakdown] FAIL G3444/N-DSF: 500 {"timestamp":"2026-08-06T15:49:35.370+00:00","status":500,"error":"Internal Server Error","path":"/ai/breakdown"}
2026-08-06 10:49:36 [breakdown] FAIL G3445/V-APS-3S: 500 {"timestamp":"2026-08-06T15:49:36.593+00:00","status":500,"error":"Internal Server Error","path":"/ai/breakdown"}
2026-08-06 10:49:37 [breakdown] FAIL G3446/N-ASF: 500 {"timestamp":"2026-08-06T15:49:37.827+00:00","status":500,"error":"Internal Server Error","path":"/ai/breakdown"}
2026-08-06 10:49:39 [breakdown] FAIL G3447/V-AAI-3P: 500 {"timestamp":"2026-08-06T15:49:39.051+00:00","status":500,"error":"Internal Server Error","path":"/ai/breakdown"}
2026-08-06 10:49:40 [breakdown] FAIL G3448/N-ASM: 500 {"timestamp":"2026-08-06T15:49:40.276+00:00","status":500,"error":"Internal Server Error","path":"/ai/breakdown"}
2026-08-06 10:49:41 [breakdown] FAIL G3448/N-DSM: 500 {"timestamp":"2026-08-06T15:49:41.516+00:00","status":500,"error":"Internal Server Error","path":"/ai/breakdown"}
2026-08-06 10:49:42 [breakdown] FAIL G3448/N-GPM: 500 {"timestamp":"2026-08-06T15:49:42.736+00:00","status":500,"error":"Internal Server Error","path":"/ai/breakdown"}
2026-08-06 10:49:43 [breakdown] FAIL G3449/N-ASM: 500 {"timestamp":"2026-08-06T15:49:43.952+00:00","status":500,"error":"Internal Server Error","path":"/ai/breakdown"}
2026-08-06 10:49:45 [breakdown] FAIL G3449/N-DSM: 500 {"timestamp":"2026-08-06T15:49:45.182+00:00","status":500,"error":"Internal Server Error","path":"/ai/breakdown"}
2026-08-06 10:49:46 [breakdown] FAIL G345/V-INI-3S: 500 {"timestamp":"2026-08-06T15:49:46.411+00:00","status":500,"error":"Internal Server Error","path":"/ai/breakdown"}
2026-08-06 10:49:47 [breakdown] FAIL G345/V-PNP-APM: 500 {"timestamp":"2026-08-06T15:49:47.631+00:00","status":500,"error":"Internal Server Error","path":"/ai/breakdown"}
2026-08-06 10:49:48 [breakdown] FAIL G345/V-PNP-DPM: 500 {"timestamp":"2026-08-06T15:49:48.872+00:00","status":500,"error":"Internal Server Error","path":"/ai/breakdown"}
2026-08-06 10:49:50 [breakdown] FAIL G345/V-PNP-GPM: 500 {"timestamp":"2026-08-06T15:49:50.094+00:00","status":500,"error":"Internal Server Error","path":"/ai/breakdown"}
2026-08-06 10:49:51 [breakdown] FAIL G345/V-PNP-GSM: 500 {"timestamp":"2026-08-06T15:49:51.326+00:00","status":500,"error":"Internal Server Error","path":"/ai/breakdown"}
2026-08-06 10:49:52 [breakdown] FAIL G345/V-PNP-NSM: 500 {"timestamp":"2026-08-06T15:49:52.560+00:00","status":500,"error":"Internal Server Error","path":"/ai/breakdown"}
2026-08-06 10:49:53 [breakdown] FAIL G3451/A-GPM: 500 {"timestamp":"2026-08-06T15:49:53.779+00:00","status":500,"error":"Internal Server Error","path":"/ai/breakdown"}
2026-08-06 10:49:55 [breakdown] FAIL G3452/N-GPM: 500 {"timestamp":"2026-08-06T15:49:55.015+00:00","status":500,"error":"Internal Server Error","path":"/ai/breakdown"}
2026-08-06 10:49:56 [breakdown] FAIL G3453/V-RPI-1S: 500 {"timestamp":"2026-08-06T15:49:56.242+00:00","status":500,"error":"Internal Server Error","path":"/ai/breakdown"}
2026-08-06 10:49:57 [breakdown] FAIL G3454/N-APM: 500 {"timestamp":"2026-08-06T15:49:57.461+00:00","status":500,"error":"Internal Server Error","path":"/ai/breakdown"}
2026-08-06 10:49:58 [breakdown] FAIL G3454/N-DPM: 500 {"timestamp":"2026-08-06T15:49:58.695+00:00","status":500,"error":"Internal Server Error","path":"/ai/breakdown"}
2026-08-06 10:49:59 [breakdown] FAIL G3455/V-PNI-3S: 500 {"timestamp":"2026-08-06T15:49:59.918+00:00","status":500,"error":"Internal Server Error","path":"/ai/breakdown"}
2026-08-06 10:50:01 [breakdown] FAIL G3456/V-PPI-3S: 500 {"timestamp":"2026-08-06T15:50:01.151+00:00","status":500,"error":"Internal Server Error","path":"/ai/breakdown"}
2026-08-06 10:50:02 [breakdown] FAIL G3457/A-NSM: 500 {"timestamp":"2026-08-06T15:50:02.369+00:00","status":500,"error":"Internal Server Error","path":"/ai/breakdown"}
2026-08-06 10:50:17 [breakdown] FAIL G3458/N-DSM: 500 {"timestamp":"2026-08-06T15:50:17.598+00:00","status":500,"error":"Internal Server Error","path":"/ai/breakdown"}
2026-08-06 10:50:26 [breakdown] FAIL G3458/N-GSM: 500 {"timestamp":"2026-08-06T15:50:26.868+00:00","status":500,"error":"Internal Server Error","path":"/ai/breakdown"}
2026-08-06 10:50:30 [breakdown] FAIL G3458/N-NSM: 500 {"timestamp":"2026-08-06T15:50:30.102+00:00","status":500,"error":"Internal Server Error","path":"/ai/breakdown"}
2026-08-06 10:50:31 [breakdown] FAIL G346/V-ADN: 500 {"timestamp":"2026-08-06T15:50:31.336+00:00","status":500,"error":"Internal Server Error","path":"/ai/breakdown"}
2026-08-06 10:50:32 [breakdown] FAIL G346/V-PPI-3S: 500 {"timestamp":"2026-08-06T15:50:32.553+00:00","status":500,"error":"Internal Server Error","path":"/ai/breakdown"}
2026-08-06 10:50:33 [breakdown] FAIL G3460/N-APN-L: 500 {"timestamp":"2026-08-06T15:50:33.769+00:00","status":500,"error":"Internal Server Error","path":"/ai/breakdown"}
2026-08-06 10:50:34 [breakdown] FAIL G3461/N-APF: 500 {"timestamp":"2026-08-06T15:50:34.986+00:00","status":500,"error":"Internal Server Error","path":"/ai/breakdown"}
2026-08-06 10:50:36 [breakdown] FAIL G3461/N-DPF: 500 {"timestamp":"2026-08-06T15:50:36.204+00:00","status":500,"error":"Internal Server Error","path":"/ai/breakdown"}
2026-08-06 10:50:37 [breakdown] FAIL G3461/N-GPF: 500 {"timestamp":"2026-08-06T15:50:37.442+00:00","status":500,"error":"Internal Server Error","path":"/ai/breakdown"}
2026-08-06 10:50:38 [breakdown] FAIL G3461/N-NPF: 500 {"timestamp":"2026-08-06T15:50:38.660+00:00","status":500,"error":"Internal Server Error","path":"/ai/breakdown"}
2026-08-06 10:50:39 [breakdown] FAIL G3462/V-AAN: 500 {"timestamp":"2026-08-06T15:50:39.892+00:00","status":500,"error":"Internal Server Error","path":"/ai/breakdown"}
2026-08-06 10:50:45 [breakdown] FAIL G3463/A-APM: 500 {"timestamp":"2026-08-06T15:50:45.126+00:00","status":500,"error":"Internal Server Error","path":"/ai/breakdown"}
2026-08-06 10:50:46 [breakdown] FAIL G3463/A-GPN: 500 {"timestamp":"2026-08-06T15:50:46.353+00:00","status":500,"error":"Internal Server Error","path":"/ai/breakdown"}
2026-08-06 10:50:49 [breakdown] FAIL G3464/N-APN: 500 {"timestamp":"2026-08-06T15:50:49.579+00:00","status":500,"error":"Internal Server Error","path":"/ai/breakdown"}
2026-08-06 10:50:50 [breakdown] FAIL G3464/N-ASN: 500 {"timestamp":"2026-08-06T15:50:50.798+00:00","status":500,"error":"Internal Server Error","path":"/ai/breakdown"}
2026-08-06 10:50:52 [breakdown] FAIL G3464/N-DSN: 500 {"timestamp":"2026-08-06T15:50:52.027+00:00","status":500,"error":"Internal Server Error","path":"/ai/breakdown"}
2026-08-06 10:50:55 [breakdown] FAIL G3464/N-GSN: 500 {"timestamp":"2026-08-06T15:50:55.257+00:00","status":500,"error":"Internal Server Error","path":"/ai/breakdown"}
2026-08-06 10:50:58 [breakdown] FAIL G3464/N-NSN: 500 {"timestamp":"2026-08-06T15:50:58.478+00:00","status":500,"error":"Internal Server Error","path":"/ai/breakdown"}
2026-08-06 10:51:03 [breakdown] FAIL G3465/N-ASF-L: 500 {"timestamp":"2026-08-06T15:51:03.719+00:00","status":500,"error":"Internal Server Error","path":"/ai/breakdown"}
2026-08-06 10:51:04 [breakdown] FAIL G3466/N-APN: 500 {"timestamp":"2026-08-06T15:51:04.937+00:00","status":500,"error":"Internal Server Error","path":"/ai/breakdown"}
2026-08-06 10:51:14 [breakdown] FAIL G3466/N-ASN: 500 {"timestamp":"2026-08-06T15:51:14.164+00:00","status":500,"error":"Internal Server Error","path":"/ai/breakdown"}
2026-08-06 10:51:17 [breakdown] FAIL G3466/N-DSN: 500 {"timestamp":"2026-08-06T15:51:17.388+00:00","status":500,"error":"Internal Server Error","path":"/ai/breakdown"}
2026-08-06 10:51:18 [breakdown] FAIL G3466/N-GPN: 500 {"timestamp":"2026-08-06T15:51:18.606+00:00","status":500,"error":"Internal Server Error","path":"/ai/breakdown"}
2026-08-06 10:51:19 [breakdown] FAIL G3466/N-GSN: 500 {"timestamp":"2026-08-06T15:51:19.822+00:00","status":500,"error":"Internal Server Error","path":"/ai/breakdown"}
2026-08-06 10:51:25 [breakdown] FAIL G3466/N-NSN: 500 {"timestamp":"2026-08-06T15:51:25.044+00:00","status":500,"error":"Internal Server Error","path":"/ai/breakdown"}
2026-08-06 10:51:30 [breakdown] FAIL G3467/V-PAP-NSM: 500 {"timestamp":"2026-08-06T15:51:30.266+00:00","status":500,"error":"Internal Server Error","path":"/ai/breakdown"}
2026-08-06 10:51:31 [breakdown] FAIL G3468/N-DSM: 500 {"timestamp":"2026-08-06T15:51:31.483+00:00","status":500,"error":"Internal Server Error","path":"/ai/breakdown"}
2026-08-06 10:51:32 [breakdown] FAIL G3469/V-ADS-3S: 500 {"timestamp":"2026-08-06T15:51:32.700+00:00","status":500,"error":"Internal Server Error","path":"/ai/breakdown"}
2026-08-06 10:51:33 [breakdown] FAIL G3469/V-APS-3S: 500 {"timestamp":"2026-08-06T15:51:33.918+00:00","status":500,"error":"Internal Server Error","path":"/ai/breakdown"}
2026-08-06 10:51:43 [breakdown] FAIL G347/V-AAI-3S: 500 {"timestamp":"2026-08-06T15:51:43.145+00:00","status":500,"error":"Internal Server Error","path":"/ai/breakdown"}
2026-08-06 10:51:46 [breakdown] FAIL G347/V-AAN: 500 {"timestamp":"2026-08-06T15:51:46.364+00:00","status":500,"error":"Internal Server Error","path":"/ai/breakdown"}
2026-08-06 10:51:47 [breakdown] FAIL G347/V-APN: 500 {"timestamp":"2026-08-06T15:51:47.586+00:00","status":500,"error":"Internal Server Error","path":"/ai/breakdown"}
2026-08-06 10:51:48 [breakdown] FAIL G347/V-FAI-3S: 500 {"timestamp":"2026-08-06T15:51:48.802+00:00","status":500,"error":"Internal Server Error","path":"/ai/breakdown"}
2026-08-06 10:51:52 [breakdown] FAIL G347/V-FPI-3P: 500 {"timestamp":"2026-08-06T15:51:52.023+00:00","status":500,"error":"Internal Server Error","path":"/ai/breakdown"}
2026-08-06 10:51:55 [breakdown] FAIL G3470/N-NPM: 500 {"timestamp":"2026-08-06T15:51:55.243+00:00","status":500,"error":"Internal Server Error","path":"/ai/breakdown"}
2026-08-06 10:52:00 [breakdown] FAIL G3471/V-AAI-3S: 500 {"timestamp":"2026-08-06T15:52:00.465+00:00","status":500,"error":"Internal Server Error","path":"/ai/breakdown"}
2026-08-06 10:52:01 [breakdown] FAIL G3471/V-API-3P: 500 {"timestamp":"2026-08-06T15:52:01.683+00:00","status":500,"error":"Internal Server Error","path":"/ai/breakdown"}
2026-08-06 10:52:04 [breakdown] FAIL G3471/V-APS-3S: 500 {"timestamp":"2026-08-06T15:52:04.902+00:00","status":500,"error":"Internal Server Error","path":"/ai/breakdown"}
2026-08-06 10:52:08 [breakdown] FAIL G3472/N-ASF: 500 {"timestamp":"2026-08-06T15:52:08.124+00:00","status":500,"error":"Internal Server Error","path":"/ai/breakdown"}
2026-08-06 10:52:09 [breakdown] FAIL G3472/N-GSF: 500 {"timestamp":"2026-08-06T15:52:09.347+00:00","status":500,"error":"Internal Server Error","path":"/ai/breakdown"}
2026-08-06 10:52:12 [breakdown] FAIL G3472/N-NSF: 500 {"timestamp":"2026-08-06T15:52:12.567+00:00","status":500,"error":"Internal Server Error","path":"/ai/breakdown"}
2026-08-06 10:52:13 [breakdown] FAIL G3473/N-NSF: 500 {"timestamp":"2026-08-06T15:52:13.792+00:00","status":500,"error":"Internal Server Error","path":"/ai/breakdown"}
2026-08-06 10:52:17 [breakdown] FAIL G3474/A-APF: 500 {"timestamp":"2026-08-06T15:52:17.012+00:00","status":500,"error":"Internal Server Error","path":"/ai/breakdown"}
2026-08-06 10:52:22 [breakdown] FAIL G3474/A-APN: 500 {"timestamp":"2026-08-06T15:52:22.234+00:00","status":500,"error":"Internal Server Error","path":"/ai/breakdown"}
2026-08-06 10:52:25 [breakdown] FAIL G3474/A-DSM: 500 {"timestamp":"2026-08-06T15:52:25.453+00:00","status":500,"error":"Internal Server Error","path":"/ai/breakdown"}
2026-08-06 10:52:26 [breakdown] FAIL G3474/A-NPF: 500 {"timestamp":"2026-08-06T15:52:26.682+00:00","status":500,"error":"Internal Server Error","path":"/ai/breakdown"}
2026-08-06 10:52:29 [breakdown] FAIL G3474/A-NPM: 500 {"timestamp":"2026-08-06T15:52:29.901+00:00","status":500,"error":"Internal Server Error","path":"/ai/breakdown"}
2026-08-06 10:52:31 [breakdown] FAIL G3474/A-NSM: 500 {"timestamp":"2026-08-06T15:52:31.119+00:00","status":500,"error":"Internal Server Error","path":"/ai/breakdown"}
2026-08-06 10:52:34 [breakdown] FAIL G3474/A-NSN: 500 {"timestamp":"2026-08-06T15:52:34.339+00:00","status":500,"error":"Internal Server Error","path":"/ai/breakdown"}
2026-08-06 10:52:39 [breakdown] FAIL G3474/A-VPM: 500 {"timestamp":"2026-08-06T15:52:39.563+00:00","status":500,"error":"Internal Server Error","path":"/ai/breakdown"}
2026-08-06 10:52:42 [breakdown] FAIL G3474/A-VSM: 500 {"timestamp":"2026-08-06T15:52:42.782+00:00","status":500,"error":"Internal Server Error","path":"/ai/breakdown"}
2026-08-06 10:52:44 [breakdown] FAIL G3475/N-ASM-P: 500 {"timestamp":"2026-08-06T15:52:44.000+00:00","status":500,"error":"Internal Server Error","path":"/ai/breakdown"}
2026-08-06 10:52:47 [breakdown] FAIL G3475/N-DSM-P: 500 {"timestamp":"2026-08-06T15:52:47.220+00:00","status":500,"error":"Internal Server Error","path":"/ai/breakdown"}
2026-08-06 10:52:48 [breakdown] FAIL G3475/N-GSM-P: 500 {"timestamp":"2026-08-06T15:52:48.439+00:00","status":500,"error":"Internal Server Error","path":"/ai/breakdown"}
2026-08-06 10:52:51 [breakdown] FAIL G3475/N-NSM-P: 500 {"timestamp":"2026-08-06T15:52:51.676+00:00","status":500,"error":"Internal Server Error","path":"/ai/breakdown"}
2026-08-06 10:52:54 [breakdown] FAIL G3476/N-ASM-P: 500 {"timestamp":"2026-08-06T15:52:54.910+00:00","status":500,"error":"Internal Server Error","path":"/ai/breakdown"}
2026-08-06 10:52:56 [breakdown] FAIL G3476/N-GSM-P: 500 {"timestamp":"2026-08-06T15:52:56.141+00:00","status":500,"error":"Internal Server Error","path":"/ai/breakdown"}
2026-08-06 10:53:01 [breakdown] FAIL G3476/N-NSM-P: 500 {"timestamp":"2026-08-06T15:53:01.361+00:00","status":500,"error":"Internal Server Error","path":"/ai/breakdown"}
2026-08-06 10:53:04 [breakdown] FAIL G3477/N-GSM-P: 500 {"timestamp":"2026-08-06T15:53:04.580+00:00","status":500,"error":"Internal Server Error","path":"/ai/breakdown"}
2026-08-06 10:53:07 [breakdown] FAIL G3478/N-ASF-L: 500 {"timestamp":"2026-08-06T15:53:07.800+00:00","status":500,"error":"Internal Server Error","path":"/ai/breakdown"}
2026-08-06 10:53:09 [breakdown] FAIL G3478/N-GSF-L: 500 {"timestamp":"2026-08-06T15:53:09.030+00:00","status":500,"error":"Internal Server Error","path":"/ai/breakdown"}
2026-08-06 10:53:10 [breakdown] FAIL G3478/N-NSF-L: 500 {"timestamp":"2026-08-06T15:53:10.257+00:00","status":500,"error":"Internal Server Error","path":"/ai/breakdown"}
2026-08-06 10:53:13 [breakdown] FAIL G3479/A-ASM: 500 {"timestamp":"2026-08-06T15:53:13.484+00:00","status":500,"error":"Internal Server Error","path":"/ai/breakdown"}
2026-08-06 10:53:22 [breakdown] FAIL G3479/A-GSM: 500 {"timestamp":"2026-08-06T15:53:22.725+00:00","status":500,"error":"Internal Server Error","path":"/ai/breakdown"}
2026-08-06 10:53:25 [breakdown] FAIL G3479/A-NSM: 500 {"timestamp":"2026-08-06T15:53:25.957+00:00","status":500,"error":"Internal Server Error","path":"/ai/breakdown"}
2026-08-06 10:53:27 [breakdown] FAIL G3479/A-VSM: 500 {"timestamp":"2026-08-06T15:53:27.176+00:00","status":500,"error":"Internal Server Error","path":"/ai/breakdown"}
2026-08-06 10:53:28 [breakdown] FAIL G3480/N-ASM-LG: 500 {"timestamp":"2026-08-06T15:53:28.405+00:00","status":500,"error":"Internal Server Error","path":"/ai/breakdown"}
2026-08-06 10:53:31 [breakdown] FAIL G3480/N-GPM-LG: 500 {"timestamp":"2026-08-06T15:53:31.625+00:00","status":500,"error":"Internal Server Error","path":"/ai/breakdown"}
2026-08-06 10:53:40 [breakdown] FAIL G3480/N-GSM-LG: 500 {"timestamp":"2026-08-06T15:53:40.852+00:00","status":500,"error":"Internal Server Error","path":"/ai/breakdown"}
2026-08-06 10:53:44 [breakdown] FAIL G3480/N-NSM-LG: 500 {"timestamp":"2026-08-06T15:53:44.074+00:00","status":500,"error":"Internal Server Error","path":"/ai/breakdown"}
2026-08-06 10:53:45 [breakdown] FAIL G3481/N-GSM-P: 500 {"timestamp":"2026-08-06T15:53:45.303+00:00","status":500,"error":"Internal Server Error","path":"/ai/breakdown"}
2026-08-06 10:53:46 [breakdown] FAIL G3482/N-ASM-P: 500 {"timestamp":"2026-08-06T15:53:46.521+00:00","status":500,"error":"Internal Server Error","path":"/ai/breakdown"}
2026-08-06 10:53:49 [breakdown] FAIL G3482/N-NSM-P: 500 {"timestamp":"2026-08-06T15:53:49.745+00:00","status":500,"error":"Internal Server Error","path":"/ai/breakdown"}
2026-08-06 10:53:58 [breakdown] FAIL G3483/PRT: 500 {"timestamp":"2026-08-06T15:53:58.987+00:00","status":500,"error":"Internal Server Error","path":"/ai/breakdown"}
2026-08-06 10:54:02 [breakdown] FAIL G3484/N-ASF-L: 500 {"timestamp":"2026-08-06T15:54:02.227+00:00","status":500,"error":"Internal Server Error","path":"/ai/breakdown"}
2026-08-06 10:54:03 [breakdown] FAIL G3485/N-APM: 500 {"timestamp":"2026-08-06T15:54:03.444+00:00","status":500,"error":"Internal Server Error","path":"/ai/breakdown"}
2026-08-06 10:54:04 [breakdown] FAIL G3485/N-ASM: 500 {"timestamp":"2026-08-06T15:54:04.674+00:00","status":500,"error":"Internal Server Error","path":"/ai/breakdown"}
2026-08-06 10:54:07 [breakdown] FAIL G3485/N-DPM: 500 {"timestamp":"2026-08-06T15:54:07.894+00:00","status":500,"error":"Internal Server Error","path":"/ai/breakdown"}
2026-08-06 10:54:11 [breakdown] FAIL G3485/N-DSM: 500 {"timestamp":"2026-08-06T15:54:11.115+00:00","status":500,"error":"Internal Server Error","path":"/ai/breakdown"}
2026-08-06 10:54:16 [breakdown] FAIL G3485/N-GSM: 500 {"timestamp":"2026-08-06T15:54:16.335+00:00","status":500,"error":"Internal Server Error","path":"/ai/breakdown"}
2026-08-06 10:54:17 [breakdown] FAIL G3485/N-NSM: 500 {"timestamp":"2026-08-06T15:54:17.553+00:00","status":500,"error":"Internal Server Error","path":"/ai/breakdown"}
2026-08-06 10:54:20 [breakdown] FAIL G3486/N-GSM-P: 500 {"timestamp":"2026-08-06T15:54:20.774+00:00","status":500,"error":"Internal Server Error","path":"/ai/breakdown"}
2026-08-06 10:54:26 [breakdown] FAIL G3487/N-GSF: 500 {"timestamp":"2026-08-06T15:54:26.000+00:00","status":500,"error":"Internal Server Error","path":"/ai/breakdown"}
2026-08-06 10:54:35 [breakdown] FAIL G3488/N-GSM-P: 500 {"timestamp":"2026-08-06T15:54:35.225+00:00","status":500,"error":"Internal Server Error","path":"/ai/breakdown"}
2026-08-06 10:54:40 [breakdown] FAIL G3489/V-AAI-1S: 500 {"timestamp":"2026-08-06T15:54:40.450+00:00","status":500,"error":"Internal Server Error","path":"/ai/breakdown"}
2026-08-06 10:54:43 [breakdown] FAIL G3489/V-AAI-3P: 500 {"timestamp":"2026-08-06T15:54:43.686+00:00","status":500,"error":"Internal Server Error","path":"/ai/breakdown"}
2026-08-06 10:54:44 [breakdown] FAIL G349/V-2AAI-3P: 500 {"timestamp":"2026-08-06T15:54:44.917+00:00","status":500,"error":"Internal Server Error","path":"/ai/breakdown"}
2026-08-06 10:54:50 [breakdown] FAIL G349/V-AAI-3P: 500 {"timestamp":"2026-08-06T15:54:50.139+00:00","status":500,"error":"Internal Server Error","path":"/ai/breakdown"}
2026-08-06 10:54:55 [breakdown] FAIL G349/V-AAI-3S: 500 {"timestamp":"2026-08-06T15:54:55.362+00:00","status":500,"error":"Internal Server Error","path":"/ai/breakdown"}
2026-08-06 10:54:58 [breakdown] FAIL G349/V-AAP-NSM: 500 {"timestamp":"2026-08-06T15:54:58.583+00:00","status":500,"error":"Internal Server Error","path":"/ai/breakdown"}
2026-08-06 10:54:59 [breakdown] FAIL G3490/N-DSM: 500 {"timestamp":"2026-08-06T15:54:59.798+00:00","status":500,"error":"Internal Server Error","path":"/ai/breakdown"}
2026-08-06 10:55:03 [breakdown] FAIL G3491/N-ASF: 500 {"timestamp":"2026-08-06T15:55:03.031+00:00","status":500,"error":"Internal Server Error","path":"/ai/breakdown"}
2026-08-06 10:55:04 [breakdown] FAIL G3492/N-GPM: 500 {"timestamp":"2026-08-06T15:55:04.260+00:00","status":500,"error":"Internal Server Error","path":"/ai/breakdown"}
2026-08-06 10:55:13 [breakdown] FAIL G3492/N-NPM: 500 {"timestamp":"2026-08-06T15:55:13.500+00:00","status":500,"error":"Internal Server Error","path":"/ai/breakdown"}
2026-08-06 10:55:16 [breakdown] FAIL G3493/N-GSM-P: 500 {"timestamp":"2026-08-06T15:55:16.723+00:00","status":500,"error":"Internal Server Error","path":"/ai/breakdown"}
2026-08-06 10:55:17 [breakdown] FAIL G3494/N-ASM: 500 {"timestamp":"2026-08-06T15:55:17.944+00:00","status":500,"error":"Internal Server Error","path":"/ai/breakdown"}
2026-08-06 10:55:19 [breakdown] FAIL G3494/N-GSM: 500 {"timestamp":"2026-08-06T15:55:19.160+00:00","status":500,"error":"Internal Server Error","path":"/ai/breakdown"}
2026-08-06 10:55:22 [breakdown] FAIL G3494/N-NSM: 500 {"timestamp":"2026-08-06T15:55:22.384+00:00","status":500,"error":"Internal Server Error","path":"/ai/breakdown"}
2026-08-06 10:55:25 [breakdown] FAIL G3495/N-ASM: 500 {"timestamp":"2026-08-06T15:55:25.615+00:00","status":500,"error":"Internal Server Error","path":"/ai/breakdown"}
2026-08-06 10:55:30 [breakdown] FAIL G3495/N-NPM: 500 {"timestamp":"2026-08-06T15:55:30.854+00:00","status":500,"error":"Internal Server Error","path":"/ai/breakdown"}
2026-08-06 10:55:32 [breakdown] FAIL G3495/N-NSM: 500 {"timestamp":"2026-08-06T15:55:32.072+00:00","status":500,"error":"Internal Server Error","path":"/ai/breakdown"}
2026-08-06 10:55:37 [breakdown] FAIL G3495/N-VPM: 500 {"timestamp":"2026-08-06T15:55:37.303+00:00","status":500,"error":"Internal Server Error","path":"/ai/breakdown"}
2026-08-06 10:55:40 [breakdown] FAIL G3495/N-VSM: 500 {"timestamp":"2026-08-06T15:55:40.532+00:00","status":500,"error":"Internal Server Error","path":"/ai/breakdown"}
2026-08-06 10:55:43 [breakdown] FAIL G3497/N-NSM-P: 500 {"timestamp":"2026-08-06T15:55:43.750+00:00","status":500,"error":"Internal Server Error","path":"/ai/breakdown"}
2026-08-06 10:55:44 [breakdown] FAIL G3498/A-APM: 500 {"timestamp":"2026-08-06T15:55:44.980+00:00","status":500,"error":"Internal Server Error","path":"/ai/breakdown"}
2026-08-06 10:55:46 [breakdown] FAIL G3498/A-ASF: 500 {"timestamp":"2026-08-06T15:55:46.211+00:00","status":500,"error":"Internal Server Error","path":"/ai/breakdown"}
2026-08-06 10:55:49 [breakdown] FAIL G3498/A-ASM: 500 {"timestamp":"2026-08-06T15:55:49.440+00:00","status":500,"error":"Internal Server Error","path":"/ai/breakdown"}
2026-08-06 10:55:58 [breakdown] FAIL G3498/A-DPM: 500 {"timestamp":"2026-08-06T15:55:58.685+00:00","status":500,"error":"Internal Server Error","path":"/ai/breakdown"}
2026-08-06 10:56:01 [breakdown] FAIL G3498/A-GPM: 500 {"timestamp":"2026-08-06T15:56:01.914+00:00","status":500,"error":"Internal Server Error","path":"/ai/breakdown"}
2026-08-06 10:56:03 [breakdown] FAIL G3498/A-GPN: 500 {"timestamp":"2026-08-06T15:56:03.131+00:00","status":500,"error":"Internal Server Error","path":"/ai/breakdown"}
2026-08-06 10:56:04 [breakdown] FAIL G3498/A-GSM: 500 {"timestamp":"2026-08-06T15:56:04.348+00:00","status":500,"error":"Internal Server Error","path":"/ai/breakdown"}
2026-08-06 10:56:07 [breakdown] FAIL G3498/A-NPM: 500 {"timestamp":"2026-08-06T15:56:07.569+00:00","status":500,"error":"Internal Server Error","path":"/ai/breakdown"}
2026-08-06 10:56:10 [breakdown] FAIL G3498/A-NSF: 500 {"timestamp":"2026-08-06T15:56:10.789+00:00","status":500,"error":"Internal Server Error","path":"/ai/breakdown"}
2026-08-06 10:56:16 [breakdown] FAIL G3498/A-NSM: 500 {"timestamp":"2026-08-06T15:56:16.027+00:00","status":500,"error":"Internal Server Error","path":"/ai/breakdown"}
2026-08-06 10:56:17 [breakdown] FAIL G3498/A-NSN: 500 {"timestamp":"2026-08-06T15:56:17.260+00:00","status":500,"error":"Internal Server Error","path":"/ai/breakdown"}
2026-08-06 10:56:20 [breakdown] FAIL G3499/V-AAM-2P: 500 {"timestamp":"2026-08-06T15:56:20.492+00:00","status":500,"error":"Internal Server Error","path":"/ai/breakdown"}
2026-08-06 10:56:25 [breakdown] FAIL G3499/V-RPP-ASN: 500 {"timestamp":"2026-08-06T15:56:25.713+00:00","status":500,"error":"Internal Server Error","path":"/ai/breakdown"}
2026-08-06 10:56:34 [breakdown] FAIL G3499/V-RPP-GSM: 500 {"timestamp":"2026-08-06T15:56:34.988+00:00","status":500,"error":"Internal Server Error","path":"/ai/breakdown"}
2026-08-06 10:56:40 [breakdown] FAIL G35/A-NSM: 500 {"timestamp":"2026-08-06T15:56:40.211+00:00","status":500,"error":"Internal Server Error","path":"/ai/breakdown"}
2026-08-06 10:56:43 [breakdown] FAIL G350/V-AAP-NPM: 500 {"timestamp":"2026-08-06T15:56:43.442+00:00","status":500,"error":"Internal Server Error","path":"/ai/breakdown"}
2026-08-06 10:56:44 [breakdown] FAIL G350/V-AAP-NSM: 500 {"timestamp":"2026-08-06T15:56:44.673+00:00","status":500,"error":"Internal Server Error","path":"/ai/breakdown"}
2026-08-06 10:56:49 [breakdown] FAIL G350/V-APS-1S: 500 {"timestamp":"2026-08-06T15:56:49.896+00:00","status":500,"error":"Internal Server Error","path":"/ai/breakdown"}
2026-08-06 10:56:53 [breakdown] FAIL G350/V-PAI-1S: 500 {"timestamp":"2026-08-06T15:56:53.123+00:00","status":500,"error":"Internal Server Error","path":"/ai/breakdown"}
2026-08-06 10:56:58 [breakdown] FAIL G350/V-PAI-3S: 500 {"timestamp":"2026-08-06T15:56:58.345+00:00","status":500,"error":"Internal Server Error","path":"/ai/breakdown"}
2026-08-06 10:56:59 [breakdown] FAIL G350/V-PAP-DPM: 500 {"timestamp":"2026-08-06T15:56:59.579+00:00","status":500,"error":"Internal Server Error","path":"/ai/breakdown"}
2026-08-06 10:57:02 [breakdown] FAIL G350/V-PAP-NPM: 500 {"timestamp":"2026-08-06T15:57:02.799+00:00","status":500,"error":"Internal Server Error","path":"/ai/breakdown"}
2026-08-06 10:57:06 [breakdown] FAIL G350/V-PAP-NSM: 500 {"timestamp":"2026-08-06T15:57:06.022+00:00","status":500,"error":"Internal Server Error","path":"/ai/breakdown"}
2026-08-06 10:57:07 [breakdown] FAIL G350/V-PPI-1P: 500 {"timestamp":"2026-08-06T15:57:07.239+00:00","status":500,"error":"Internal Server Error","path":"/ai/breakdown"}
2026-08-06 10:57:10 [breakdown] FAIL G350/V-PPI-3S: 500 {"timestamp":"2026-08-06T15:57:10.463+00:00","status":500,"error":"Internal Server Error","path":"/ai/breakdown"}
2026-08-06 10:57:11 [breakdown] FAIL G3500/N-ASF: 500 {"timestamp":"2026-08-06T15:57:11.680+00:00","status":500,"error":"Internal Server Error","path":"/ai/breakdown"}
2026-08-06 10:57:12 [breakdown] FAIL G3501/A-APF: 500 {"timestamp":"2026-08-06T15:57:12.902+00:00","status":500,"error":"Internal Server Error","path":"/ai/breakdown"}
2026-08-06 10:57:14 [breakdown] FAIL G3501/A-APF-C: 500 {"timestamp":"2026-08-06T15:57:14.124+00:00","status":500,"error":"Internal Server Error","path":"/ai/breakdown"}
2026-08-06 10:57:15 [breakdown] FAIL G3501/A-APM-C: 500 {"timestamp":"2026-08-06T15:57:15.346+00:00","status":500,"error":"Internal Server Error","path":"/ai/breakdown"}
2026-08-06 10:57:36 [breakdown] FAIL G3501/A-ASF: 500 {"timestamp":"2026-08-06T15:57:36.592+00:00","status":500,"error":"Internal Server Error","path":"/ai/breakdown"}
2026-08-06 10:57:41 [breakdown] FAIL G3501/A-ASM: 500 {"timestamp":"2026-08-06T15:57:41.814+00:00","status":500,"error":"Internal Server Error","path":"/ai/breakdown"}
2026-08-06 10:57:45 [breakdown] FAIL G3501/A-GSF: 500 {"timestamp":"2026-08-06T15:57:45.034+00:00","status":500,"error":"Internal Server Error","path":"/ai/breakdown"}
2026-08-06 10:57:46 [breakdown] FAIL G3501/A-NPM-C: 500 {"timestamp":"2026-08-06T15:57:46.254+00:00","status":500,"error":"Internal Server Error","path":"/ai/breakdown"}
2026-08-06 10:57:47 [breakdown] FAIL G3501/A-NSM: 500 {"timestamp":"2026-08-06T15:57:47.478+00:00","status":500,"error":"Internal Server Error","path":"/ai/breakdown"}
2026-08-06 10:57:48 [breakdown] FAIL G3501/A-NSM-C: 500 {"timestamp":"2026-08-06T15:57:48.693+00:00","status":500,"error":"Internal Server Error","path":"/ai/breakdown"}
2026-08-06 10:57:49 [breakdown] FAIL G3501/A-NSN: 500 {"timestamp":"2026-08-06T15:57:49.908+00:00","status":500,"error":"Internal Server Error","path":"/ai/breakdown"}
2026-08-06 10:57:51 [breakdown] FAIL G3501/A-VPM-C: 500 {"timestamp":"2026-08-06T15:57:51.128+00:00","status":500,"error":"Internal Server Error","path":"/ai/breakdown"}
2026-08-06 10:57:52 [breakdown] FAIL G3502/N-APM: 500 {"timestamp":"2026-08-06T15:57:52.352+00:00","status":500,"error":"Internal Server Error","path":"/ai/breakdown"}
2026-08-06 10:57:53 [breakdown] FAIL G3503/N-GSF: 500 {"timestamp":"2026-08-06T15:57:53.570+00:00","status":500,"error":"Internal Server Error","path":"/ai/breakdown"}
2026-08-06 10:57:54 [breakdown] FAIL G3504/A-ASM: 500 {"timestamp":"2026-08-06T15:57:54.788+00:00","status":500,"error":"Internal Server Error","path":"/ai/breakdown"}
2026-08-06 10:58:06 [breakdown] FAIL G3506/V-AAP-GSM: 500 {"timestamp":"2026-08-06T15:58:06.009+00:00","status":500,"error":"Internal Server Error","path":"/ai/breakdown"}
2026-08-06 10:58:17 [breakdown] FAIL G3506/V-PAI-3S: 500 {"timestamp":"2026-08-06T15:58:17.234+00:00","status":500,"error":"Internal Server Error","path":"/ai/breakdown"}
2026-08-06 10:58:22 [breakdown] FAIL G3507/N-ASF: 500 {"timestamp":"2026-08-06T15:58:22.454+00:00","status":500,"error":"Internal Server Error","path":"/ai/breakdown"}
2026-08-06 10:58:27 [breakdown] FAIL G3507/N-DPF: 500 {"timestamp":"2026-08-06T15:58:27.680+00:00","status":500,"error":"Internal Server Error","path":"/ai/breakdown"}
2026-08-06 10:58:32 [breakdown] FAIL G3507/N-DSF: 500 {"timestamp":"2026-08-06T15:58:32.915+00:00","status":500,"error":"Internal Server Error","path":"/ai/breakdown"}
2026-08-06 10:58:42 [breakdown] FAIL G3507/N-GPF: 500 {"timestamp":"2026-08-06T15:58:42.150+00:00","status":500,"error":"Internal Server Error","path":"/ai/breakdown"}
2026-08-06 10:58:47 [breakdown] FAIL G3507/N-GSF: 500 {"timestamp":"2026-08-06T15:58:47.372+00:00","status":500,"error":"Internal Server Error","path":"/ai/breakdown"}
2026-08-06 10:58:52 [breakdown] FAIL G3507/N-NPF: 500 {"timestamp":"2026-08-06T15:58:52.594+00:00","status":500,"error":"Internal Server Error","path":"/ai/breakdown"}
2026-08-06 10:58:57 [breakdown] FAIL G3507/N-NSF: 500 {"timestamp":"2026-08-06T15:58:57.816+00:00","status":500,"error":"Internal Server Error","path":"/ai/breakdown"}
2026-08-06 10:58:59 [breakdown] FAIL G3508/N-GSM-PG: 500 {"timestamp":"2026-08-06T15:58:59.078+00:00","status":500,"error":"Internal Server Error","path":"/ai/breakdown"}
2026-08-06 10:59:00 [breakdown] FAIL G3509/N-ASN: 500 {"timestamp":"2026-08-06T15:59:00.296+00:00","status":500,"error":"Internal Server Error","path":"/ai/breakdown"}
2026-08-06 10:59:01 [breakdown] FAIL G351/N-GSF: 500 {"timestamp":"2026-08-06T15:59:01.530+00:00","status":500,"error":"Internal Server Error","path":"/ai/breakdown"}
2026-08-06 10:59:02 [breakdown] FAIL G3510/N-APM: 500 {"timestamp":"2026-08-06T15:59:02.770+00:00","status":500,"error":"Internal Server Error","path":"/ai/breakdown"}
2026-08-06 10:59:03 [breakdown] FAIL G3511/N-ASM: 500 {"timestamp":"2026-08-06T15:59:03.986+00:00","status":500,"error":"Internal Server Error","path":"/ai/breakdown"}
2026-08-06 10:59:05 [breakdown] FAIL G3512/A-APF: 500 {"timestamp":"2026-08-06T15:59:05.205+00:00","status":500,"error":"Internal Server Error","path":"/ai/breakdown"}
2026-08-06 10:59:06 [breakdown] FAIL G3513/PRT: 500 {"timestamp":"2026-08-06T15:59:06.423+00:00","status":500,"error":"Internal Server Error","path":"/ai/breakdown"}
2026-08-06 10:59:07 [breakdown] FAIL G3514/V-PAI-3P: 500 {"timestamp":"2026-08-06T15:59:07.640+00:00","status":500,"error":"Internal Server Error","path":"/ai/breakdown"}
2026-08-06 10:59:08 [breakdown] FAIL G3514/V-PAI-3S: 500 {"timestamp":"2026-08-06T15:59:08.878+00:00","status":500,"error":"Internal Server Error","path":"/ai/breakdown"}
2026-08-06 10:59:10 [breakdown] FAIL G3515/V-PAM-2P: 500 {"timestamp":"2026-08-06T15:59:10.097+00:00","status":500,"error":"Internal Server Error","path":"/ai/breakdown"}
2026-08-06 10:59:11 [breakdown] FAIL G3516/A-DPM: 500 {"timestamp":"2026-08-06T15:59:11.330+00:00","status":500,"error":"Internal Server Error","path":"/ai/breakdown"}
2026-08-06 10:59:12 [breakdown] FAIL G3516/A-GPM: 500 {"timestamp":"2026-08-06T15:59:12.546+00:00","status":500,"error":"Internal Server Error","path":"/ai/breakdown"}
2026-08-06 10:59:13 [breakdown] FAIL G3516/A-GSM: 500 {"timestamp":"2026-08-06T15:59:13.776+00:00","status":500,"error":"Internal Server Error","path":"/ai/breakdown"}
2026-08-06 10:59:15 [breakdown] FAIL G3516/A-NPM: 500 {"timestamp":"2026-08-06T15:59:15.003+00:00","status":500,"error":"Internal Server Error","path":"/ai/breakdown"}
2026-08-06 10:59:16 [breakdown] FAIL G3516/A-NSM: 500 {"timestamp":"2026-08-06T15:59:16.221+00:00","status":500,"error":"Internal Server Error","path":"/ai/breakdown"}
2026-08-06 10:59:17 [breakdown] FAIL G3517/N-ASM-P: 500 {"timestamp":"2026-08-06T15:59:17.445+00:00","status":500,"error":"Internal Server Error","path":"/ai/breakdown"}
2026-08-06 10:59:18 [breakdown] FAIL G3518/N-GSM-P: 500 {"timestamp":"2026-08-06T15:59:18.667+00:00","status":500,"error":"Internal Server Error","path":"/ai/breakdown"}
2026-08-06 10:59:19 [breakdown] FAIL G3519/N-ASN: 500 {"timestamp":"2026-08-06T15:59:19.888+00:00","status":500,"error":"Internal Server Error","path":"/ai/breakdown"}
2026-08-06 10:59:21 [breakdown] FAIL G352/V-AAI-3S: 500 {"timestamp":"2026-08-06T15:59:21.119+00:00","status":500,"error":"Internal Server Error","path":"/ai/breakdown"}
2026-08-06 10:59:22 [breakdown] FAIL G352/V-AAM-2P: 500 {"timestamp":"2026-08-06T15:59:22.337+00:00","status":500,"error":"Internal Server Error","path":"/ai/breakdown"}
2026-08-06 10:59:23 [breakdown] FAIL G352/V-AAN: 500 {"timestamp":"2026-08-06T15:59:23.553+00:00","status":500,"error":"Internal Server Error","path":"/ai/breakdown"}
2026-08-06 10:59:24 [breakdown] FAIL G352/V-AAP-NSM: 500 {"timestamp":"2026-08-06T15:59:24.776+00:00","status":500,"error":"Internal Server Error","path":"/ai/breakdown"}
2026-08-06 10:59:26 [breakdown] FAIL G3520/N-ASF: 500 {"timestamp":"2026-08-06T15:59:26.002+00:00","status":500,"error":"Internal Server Error","path":"/ai/breakdown"}
2026-08-06 10:59:27 [breakdown] FAIL G3520/N-DSF: 500 {"timestamp":"2026-08-06T15:59:27.219+00:00","status":500,"error":"Internal Server Error","path":"/ai/breakdown"}
2026-08-06 10:59:28 [breakdown] FAIL G3520/N-GSF: 500 {"timestamp":"2026-08-06T15:59:28.444+00:00","status":500,"error":"Internal Server Error","path":"/ai/breakdown"}
2026-08-06 10:59:29 [breakdown] FAIL G3520/N-NSF: 500 {"timestamp":"2026-08-06T15:59:29.660+00:00","status":500,"error":"Internal Server Error","path":"/ai/breakdown"}
2026-08-06 10:59:30 [breakdown] FAIL G3521/N-ASF: 500 {"timestamp":"2026-08-06T15:59:30.889+00:00","status":500,"error":"Internal Server Error","path":"/ai/breakdown"}
2026-08-06 10:59:32 [breakdown] FAIL G3521/N-DPF: 500 {"timestamp":"2026-08-06T15:59:32.109+00:00","status":500,"error":"Internal Server Error","path":"/ai/breakdown"}
2026-08-06 10:59:33 [breakdown] FAIL G3521/N-GPF: 500 {"timestamp":"2026-08-06T15:59:33.326+00:00","status":500,"error":"Internal Server Error","path":"/ai/breakdown"}
2026-08-06 10:59:34 [breakdown] FAIL G3522/V-AAN: 500 {"timestamp":"2026-08-06T15:59:34.542+00:00","status":500,"error":"Internal Server Error","path":"/ai/breakdown"}
2026-08-06 10:59:35 [breakdown] FAIL G3522/V-AAP-NPM: 500 {"timestamp":"2026-08-06T15:59:35.777+00:00","status":500,"error":"Internal Server Error","path":"/ai/breakdown"}
2026-08-06 10:59:36 [breakdown] FAIL G3522/V-AAP-NSM: 500 {"timestamp":"2026-08-06T15:59:36.994+00:00","status":500,"error":"Internal Server Error","path":"/ai/breakdown"}
2026-08-06 10:59:38 [breakdown] FAIL G3522/V-FAI-3P: 500 {"timestamp":"2026-08-06T15:59:38.230+00:00","status":500,"error":"Internal Server Error","path":"/ai/breakdown"}
2026-08-06 10:59:39 [breakdown] FAIL G3522/V-PAI-1P: 500 {"timestamp":"2026-08-06T15:59:39.447+00:00","status":500,"error":"Internal Server Error","path":"/ai/breakdown"}
2026-08-06 10:59:40 [breakdown] FAIL G3522/V-PAI-1S: 500 {"timestamp":"2026-08-06T15:59:40.669+00:00","status":500,"error":"Internal Server Error","path":"/ai/breakdown"}
2026-08-06 10:59:41 [breakdown] FAIL G3522/V-PAI-3P: 500 {"timestamp":"2026-08-06T15:59:41.911+00:00","status":500,"error":"Internal Server Error","path":"/ai/breakdown"}
2026-08-06 10:59:43 [breakdown] FAIL G3522/V-PAN: 500 {"timestamp":"2026-08-06T15:59:43.133+00:00","status":500,"error":"Internal Server Error","path":"/ai/breakdown"}
2026-08-06 10:59:44 [breakdown] FAIL G3522/V-PAP-GPM: 500 {"timestamp":"2026-08-06T15:59:44.347+00:00","status":500,"error":"Internal Server Error","path":"/ai/breakdown"}
2026-08-06 10:59:45 [breakdown] FAIL G3522/V-PAP-NPM: 500 {"timestamp":"2026-08-06T15:59:45.564+00:00","status":500,"error":"Internal Server Error","path":"/ai/breakdown"}
2026-08-06 10:59:46 [breakdown] FAIL G3522/V-PAP-NSM: 500 {"timestamp":"2026-08-06T15:59:46.786+00:00","status":500,"error":"Internal Server Error","path":"/ai/breakdown"}
2026-08-06 10:59:48 [breakdown] FAIL G3522/V-PAS-2P: 500 {"timestamp":"2026-08-06T15:59:48.003+00:00","status":500,"error":"Internal Server Error","path":"/ai/breakdown"}
2026-08-06 10:59:49 [breakdown] FAIL G3523/A-APM: 500 {"timestamp":"2026-08-06T15:59:49.221+00:00","status":500,"error":"Internal Server Error","path":"/ai/breakdown"}
2026-08-06 10:59:50 [breakdown] FAIL G3524/A-APF: 500 {"timestamp":"2026-08-06T15:59:50.438+00:00","status":500,"error":"Internal Server Error","path":"/ai/breakdown"}
2026-08-06 10:59:51 [breakdown] FAIL G3524/A-APM: 500 {"timestamp":"2026-08-06T15:59:51.655+00:00","status":500,"error":"Internal Server Error","path":"/ai/breakdown"}
2026-08-06 10:59:52 [breakdown] FAIL G3524/A-ASM: 500 {"timestamp":"2026-08-06T15:59:52.879+00:00","status":500,"error":"Internal Server Error","path":"/ai/breakdown"}
2026-08-06 10:59:54 [breakdown] FAIL G3525/V-PAM-2S: 500 {"timestamp":"2026-08-06T15:59:54.105+00:00","status":500,"error":"Internal Server Error","path":"/ai/breakdown"}
2026-08-06 10:59:55 [breakdown] FAIL G3525/V-PAP-NPM: 500 {"timestamp":"2026-08-06T15:59:55.333+00:00","status":500,"error":"Internal Server Error","path":"/ai/breakdown"}
2026-08-06 10:59:56 [breakdown] FAIL G3525/V-PAS-1P: 500 {"timestamp":"2026-08-06T15:59:56.550+00:00","status":500,"error":"Internal Server Error","path":"/ai/breakdown"}
2026-08-06 10:59:57 [breakdown] FAIL G3526/N-NSM-P: 500 {"timestamp":"2026-08-06T15:59:57.773+00:00","status":500,"error":"Internal Server Error","path":"/ai/breakdown"}
2026-08-06 10:59:58 [breakdown] FAIL G3527/N-ASM-P: 500 {"timestamp":"2026-08-06T15:59:58.989+00:00","status":500,"error":"Internal Server Error","path":"/ai/breakdown"}
2026-08-06 11:00:00 [breakdown] FAIL G3528/V-AAI-1S: 500 {"timestamp":"2026-08-06T16:00:00.205+00:00","status":500,"error":"Internal Server Error","path":"/ai/breakdown"}
2026-08-06 11:00:01 [breakdown] FAIL G3528/V-AAI-3P: 500 {"timestamp":"2026-08-06T16:00:01.422+00:00","status":500,"error":"Internal Server Error","path":"/ai/breakdown"}
2026-08-06 11:00:02 [breakdown] FAIL G3528/V-AAI-3S: 500 {"timestamp":"2026-08-06T16:00:02.644+00:00","status":500,"error":"Internal Server Error","path":"/ai/breakdown"}
2026-08-06 11:00:03 [breakdown] FAIL G3528/V-AAN: 500 {"timestamp":"2026-08-06T16:00:03.868+00:00","status":500,"error":"Internal Server Error","path":"/ai/breakdown"}
2026-08-06 11:00:05 [breakdown] FAIL G3528/V-AAP-NSF: 500 {"timestamp":"2026-08-06T16:00:05.090+00:00","status":500,"error":"Internal Server Error","path":"/ai/breakdown"}
2026-08-06 11:00:06 [breakdown] FAIL G3528/V-AAS-3S: 500 {"timestamp":"2026-08-06T16:00:06.307+00:00","status":500,"error":"Internal Server Error","path":"/ai/breakdown"}
2026-08-06 11:00:07 [breakdown] FAIL G3528/V-FAI-2S: 500 {"timestamp":"2026-08-06T16:00:07.543+00:00","status":500,"error":"Internal Server Error","path":"/ai/breakdown"}
2026-08-06 11:00:14 [breakdown] FAIL G3528/V-FAI-3S: 500 {"timestamp":"2026-08-06T16:00:14.763+00:00","status":500,"error":"Internal Server Error","path":"/ai/breakdown"}
2026-08-06 11:00:25 [breakdown] FAIL G3528/V-PAI-3S: 500 {"timestamp":"2026-08-06T16:00:25.989+00:00","status":500,"error":"Internal Server Error","path":"/ai/breakdown"}
2026-08-06 11:00:29 [breakdown] FAIL G3528/V-PAM-2S: 500 {"timestamp":"2026-08-06T16:00:29.208+00:00","status":500,"error":"Internal Server Error","path":"/ai/breakdown"}
2026-08-06 11:00:34 [breakdown] FAIL G3528/V-PAP-APM: 500 {"timestamp":"2026-08-06T16:00:34.432+00:00","status":500,"error":"Internal Server Error","path":"/ai/breakdown"}
2026-08-06 11:00:35 [breakdown] FAIL G3528/V-PAP-DSM: 500 {"timestamp":"2026-08-06T16:00:35.648+00:00","status":500,"error":"Internal Server Error","path":"/ai/breakdown"}
2026-08-06 11:00:36 [breakdown] FAIL G3528/V-PAP-NSM: 500 {"timestamp":"2026-08-06T16:00:36.929+00:00","status":500,"error":"Internal Server Error","path":"/ai/breakdown"}
2026-08-06 11:00:38 [breakdown] FAIL G3528/V-PPM-2S: 500 {"timestamp":"2026-08-06T16:00:38.147+00:00","status":500,"error":"Internal Server Error","path":"/ai/breakdown"}
2026-08-06 11:00:39 [breakdown] FAIL G3528/V-RAI-1S: 500 {"timestamp":"2026-08-06T16:00:39.374+00:00","status":500,"error":"Internal Server Error","path":"/ai/breakdown"}
2026-08-06 11:00:40 [breakdown] FAIL G3528/V-RAI-2P: 500 {"timestamp":"2026-08-06T16:00:40.592+00:00","status":500,"error":"Internal Server Error","path":"/ai/breakdown"}
2026-08-06 11:00:41 [breakdown] FAIL G3529/N-NSF: 500 {"timestamp":"2026-08-06T16:00:41.818+00:00","status":500,"error":"Internal Server Error","path":"/ai/breakdown"}
2026-08-06 11:00:43 [breakdown] FAIL G353/V-2AAI-2P: 500 {"timestamp":"2026-08-06T16:00:43.049+00:00","status":500,"error":"Internal Server Error","path":"/ai/breakdown"}
2026-08-06 11:00:44 [breakdown] FAIL G353/V-2AAM-2P: 500 {"timestamp":"2026-08-06T16:00:44.265+00:00","status":500,"error":"Internal Server Error","path":"/ai/breakdown"}
2026-08-06 11:00:45 [breakdown] FAIL G353/V-2AAP-NPM: 500 {"timestamp":"2026-08-06T16:00:45.506+00:00","status":500,"error":"Internal Server Error","path":"/ai/breakdown"}
2026-08-06 11:00:46 [breakdown] FAIL G353/V-2AAP-NSM: 500 {"timestamp":"2026-08-06T16:00:46.722+00:00","status":500,"error":"Internal Server Error","path":"/ai/breakdown"}
2026-08-06 11:00:49 [breakdown] FAIL G353/V-API-3S: 500 {"timestamp":"2026-08-06T16:00:49.942+00:00","status":500,"error":"Internal Server Error","path":"/ai/breakdown"}
2026-08-06 11:00:55 [breakdown] FAIL G353/V-APP-NSM: 500 {"timestamp":"2026-08-06T16:00:55.173+00:00","status":500,"error":"Internal Server Error","path":"/ai/breakdown"}
2026-08-06 11:00:58 [breakdown] FAIL G353/V-PAN: 500 {"timestamp":"2026-08-06T16:00:58.410+00:00","status":500,"error":"Internal Server Error","path":"/ai/breakdown"}
2026-08-06 11:00:59 [breakdown] FAIL G3530/N-NSM-P: 500 {"timestamp":"2026-08-06T16:00:59.628+00:00","status":500,"error":"Internal Server Error","path":"/ai/breakdown"}
2026-08-06 11:01:04 [breakdown] FAIL G3531/N-GPM-LG: 500 {"timestamp":"2026-08-06T16:01:04.853+00:00","status":500,"error":"Internal Server Error","path":"/ai/breakdown"}
2026-08-06 11:01:10 [breakdown] FAIL G3532/N-ASM-P: 500 {"timestamp":"2026-08-06T16:01:10.086+00:00","status":500,"error":"Internal Server Error","path":"/ai/breakdown"}
2026-08-06 11:01:13 [breakdown] FAIL G3533/N-ASF-L: 500 {"timestamp":"2026-08-06T16:01:13.306+00:00","status":500,"error":"Internal Server Error","path":"/ai/breakdown"}
2026-08-06 11:01:14 [breakdown] FAIL G3534/N-ASN: 500 {"timestamp":"2026-08-06T16:01:14.524+00:00","status":500,"error":"Internal Server Error","path":"/ai/breakdown"}
2026-08-06 11:01:19 [breakdown] FAIL G3534/N-NSN: 500 {"timestamp":"2026-08-06T16:01:19.759+00:00","status":500,"error":"Internal Server Error","path":"/ai/breakdown"}
2026-08-06 11:01:28 [breakdown] FAIL G3536/N-DPM-LG: 500 {"timestamp":"2026-08-06T16:01:28.985+00:00","status":500,"error":"Internal Server Error","path":"/ai/breakdown"}
2026-08-06 11:01:34 [breakdown] FAIL G3536/N-NPM-LG: 500 {"timestamp":"2026-08-06T16:01:34.204+00:00","status":500,"error":"Internal Server Error","path":"/ai/breakdown"}
2026-08-06 11:01:39 [breakdown] FAIL G3537/N-ASM: 500 {"timestamp":"2026-08-06T16:01:39.425+00:00","status":500,"error":"Internal Server Error","path":"/ai/breakdown"}
2026-08-06 11:01:44 [breakdown] FAIL G3538/V-AAI-1S: 500 {"timestamp":"2026-08-06T16:01:44.645+00:00","status":500,"error":"Internal Server Error","path":"/ai/breakdown"}
2026-08-06 11:01:47 [breakdown] FAIL G3538/V-AAI-3S: 500 {"timestamp":"2026-08-06T16:01:47.874+00:00","status":500,"error":"Internal Server Error","path":"/ai/breakdown"}
2026-08-06 11:01:49 [breakdown] FAIL G3538/V-AAS-1S: 500 {"timestamp":"2026-08-06T16:01:49.092+00:00","status":500,"error":"Internal Server Error","path":"/ai/breakdown"}
2026-08-06 11:01:52 [breakdown] FAIL G3538/V-AAS-2S: 500 {"timestamp":"2026-08-06T16:01:52.313+00:00","status":500,"error":"Internal Server Error","path":"/ai/breakdown"}
2026-08-06 11:01:53 [breakdown] FAIL G3538/V-AMI-1S: 500 {"timestamp":"2026-08-06T16:01:53.532+00:00","status":500,"error":"Internal Server Error","path":"/ai/breakdown"}
2026-08-06 11:02:02 [breakdown] FAIL G3538/V-AMI-3S: 500 {"timestamp":"2026-08-06T16:02:02.757+00:00","status":500,"error":"Internal Server Error","path":"/ai/breakdown"}
2026-08-06 11:02:07 [breakdown] FAIL G3538/V-AMM-2S: 500 {"timestamp":"2026-08-06T16:02:07.983+00:00","status":500,"error":"Internal Server Error","path":"/ai/breakdown"}
2026-08-06 11:02:11 [breakdown] FAIL G3538/V-AMN: 500 {"timestamp":"2026-08-06T16:02:11.215+00:00","status":500,"error":"Internal Server Error","path":"/ai/breakdown"}
2026-08-06 11:02:12 [breakdown] FAIL G3538/V-AMP-NSM: 500 {"timestamp":"2026-08-06T16:02:12.432+00:00","status":500,"error":"Internal Server Error","path":"/ai/breakdown"}
2026-08-06 11:02:15 [breakdown] FAIL G3538/V-AMS-3P: 500 {"timestamp":"2026-08-06T16:02:15.650+00:00","status":500,"error":"Internal Server Error","path":"/ai/breakdown"}
2026-08-06 11:02:16 [breakdown] FAIL G3538/V-PAI-2S: 500 {"timestamp":"2026-08-06T16:02:16.868+00:00","status":500,"error":"Internal Server Error","path":"/ai/breakdown"}
2026-08-06 11:02:22 [breakdown] FAIL G3538/V-PAN: 500 {"timestamp":"2026-08-06T16:02:22.106+00:00","status":500,"error":"Internal Server Error","path":"/ai/breakdown"}
2026-08-06 11:02:27 [breakdown] FAIL G3538/V-PMI-3P: 500 {"timestamp":"2026-08-06T16:02:27.328+00:00","status":500,"error":"Internal Server Error","path":"/ai/breakdown"}
2026-08-06 11:02:30 [breakdown] FAIL G3539/V-AAN: 500 {"timestamp":"2026-08-06T16:02:30.550+00:00","status":500,"error":"Internal Server Error","path":"/ai/breakdown"}
2026-08-06 11:02:31 [breakdown] FAIL G3539/V-AAS-3P: 500 {"timestamp":"2026-08-06T16:02:31.769+00:00","status":500,"error":"Internal Server Error","path":"/ai/breakdown"}
2026-08-06 11:02:35 [breakdown] FAIL G3539/V-PAI-1P: 500 {"timestamp":"2026-08-06T16:02:35.006+00:00","status":500,"error":"Internal Server Error","path":"/ai/breakdown"}
2026-08-06 11:02:36 [breakdown] FAIL G3539/V-PAI-2P: 500 {"timestamp":"2026-08-06T16:02:36.225+00:00","status":500,"error":"Internal Server Error","path":"/ai/breakdown"}
2026-08-06 11:02:45 [breakdown] FAIL G3539/V-PAM-2S: 500 {"timestamp":"2026-08-06T16:02:45.451+00:00","status":500,"error":"Internal Server Error","path":"/ai/breakdown"}
2026-08-06 11:02:50 [breakdown] FAIL G3539/V-PAM-3S: 500 {"timestamp":"2026-08-06T16:02:50.672+00:00","status":500,"error":"Internal Server Error","path":"/ai/breakdown"}
2026-08-06 11:02:53 [breakdown] FAIL G3539/V-PAP-NPM: 500 {"timestamp":"2026-08-06T16:02:53.905+00:00","status":500,"error":"Internal Server Error","path":"/ai/breakdown"}
2026-08-06 11:02:55 [breakdown] FAIL G3539/V-PPP-NPN: 500 {"timestamp":"2026-08-06T16:02:55.122+00:00","status":500,"error":"Internal Server Error","path":"/ai/breakdown"}
2026-08-06 11:03:00 [breakdown] FAIL G354/N-GSF: 500 {"timestamp":"2026-08-06T16:03:00.341+00:00","status":500,"error":"Internal Server Error","path":"/ai/breakdown"}
2026-08-06 11:03:05 [breakdown] FAIL G3540/N-APN: 500 {"timestamp":"2026-08-06T16:03:05.579+00:00","status":500,"error":"Internal Server Error","path":"/ai/breakdown"}
2026-08-06 11:03:08 [breakdown] FAIL G3540/N-ASN: 500 {"timestamp":"2026-08-06T16:03:08.800+00:00","status":500,"error":"Internal Server Error","path":"/ai/breakdown"}
2026-08-06 11:03:10 [breakdown] FAIL G3540/N-NPN: 500 {"timestamp":"2026-08-06T16:03:10.016+00:00","status":500,"error":"Internal Server Error","path":"/ai/breakdown"}
2026-08-06 11:03:13 [breakdown] FAIL G3541/A-NPM: 500 {"timestamp":"2026-08-06T16:03:13.234+00:00","status":500,"error":"Internal Server Error","path":"/ai/breakdown"}
2026-08-06 11:03:14 [breakdown] FAIL G3542/N-ASF: 500 {"timestamp":"2026-08-06T16:03:14.461+00:00","status":500,"error":"Internal Server Error","path":"/ai/breakdown"}
2026-08-06 11:03:23 [breakdown] FAIL G3543/V-AAI-2S: 500 {"timestamp":"2026-08-06T16:03:23.704+00:00","status":500,"error":"Internal Server Error","path":"/ai/breakdown"}
2026-08-06 11:03:26 [breakdown] FAIL G3543/V-AAI-3P: 500 {"timestamp":"2026-08-06T16:03:26.923+00:00","status":500,"error":"Internal Server Error","path":"/ai/breakdown"}
2026-08-06 11:03:28 [breakdown] FAIL G3543/V-AAP-NPM: 500 {"timestamp":"2026-08-06T16:03:28.139+00:00","status":500,"error":"Internal Server Error","path":"/ai/breakdown"}
2026-08-06 11:03:29 [breakdown] FAIL G3543/V-AAS-2P: 500 {"timestamp":"2026-08-06T16:03:29.357+00:00","status":500,"error":"Internal Server Error","path":"/ai/breakdown"}
2026-08-06 11:03:32 [breakdown] FAIL G3543/V-IAI-1P: 500 {"timestamp":"2026-08-06T16:03:32.577+00:00","status":500,"error":"Internal Server Error","path":"/ai/breakdown"}
2026-08-06 11:03:41 [breakdown] FAIL G3543/V-IAI-3P: 500 {"timestamp":"2026-08-06T16:03:41.817+00:00","status":500,"error":"Internal Server Error","path":"/ai/breakdown"}
2026-08-06 11:03:47 [breakdown] FAIL G3543/V-IAI-3S: 500 {"timestamp":"2026-08-06T16:03:47.042+00:00","status":500,"error":"Internal Server Error","path":"/ai/breakdown"}
2026-08-06 11:03:52 [breakdown] FAIL G3543/V-IPI-3S: 500 {"timestamp":"2026-08-06T16:03:52.264+00:00","status":500,"error":"Internal Server Error","path":"/ai/breakdown"}
2026-08-06 11:03:55 [breakdown] FAIL G3543/V-PAI-1S: 500 {"timestamp":"2026-08-06T16:03:55.491+00:00","status":500,"error":"Internal Server Error","path":"/ai/breakdown"}
2026-08-06 11:03:56 [breakdown] FAIL G3543/V-PAI-3S: 500 {"timestamp":"2026-08-06T16:03:56.711+00:00","status":500,"error":"Internal Server Error","path":"/ai/breakdown"}
2026-08-06 11:04:01 [breakdown] FAIL G3543/V-PAN: 500 {"timestamp":"2026-08-06T16:04:01.932+00:00","status":500,"error":"Internal Server Error","path":"/ai/breakdown"}
2026-08-06 11:04:05 [breakdown] FAIL G3543/V-PAP-GPM: 500 {"timestamp":"2026-08-06T16:04:05.162+00:00","status":500,"error":"Internal Server Error","path":"/ai/breakdown"}
2026-08-06 11:04:08 [breakdown] FAIL G3543/V-PAP-NPM: 500 {"timestamp":"2026-08-06T16:04:08.384+00:00","status":500,"error":"Internal Server Error","path":"/ai/breakdown"}
2026-08-06 11:04:09 [breakdown] FAIL G3543/V-PAP-NSM: 500 {"timestamp":"2026-08-06T16:04:09.600+00:00","status":500,"error":"Internal Server Error","path":"/ai/breakdown"}
2026-08-06 11:04:10 [breakdown] FAIL G3544/A-APF: 500 {"timestamp":"2026-08-06T16:04:10.825+00:00","status":500,"error":"Internal Server Error","path":"/ai/breakdown"}
2026-08-06 11:04:20 [breakdown] FAIL G3544/A-APM: 500 {"timestamp":"2026-08-06T16:04:20.063+00:00","status":500,"error":"Internal Server Error","path":"/ai/breakdown"}
2026-08-06 11:04:25 [breakdown] FAIL G3544/A-ASM: 500 {"timestamp":"2026-08-06T16:04:25.287+00:00","status":500,"error":"Internal Server Error","path":"/ai/breakdown"}
2026-08-06 11:04:30 [breakdown] FAIL G3544/A-DPM: 500 {"timestamp":"2026-08-06T16:04:30.510+00:00","status":500,"error":"Internal Server Error","path":"/ai/breakdown"}
2026-08-06 11:04:35 [breakdown] FAIL G3544/A-GPM: 500 {"timestamp":"2026-08-06T16:04:35.730+00:00","status":500,"error":"Internal Server Error","path":"/ai/breakdown"}
2026-08-06 11:04:44 [breakdown] FAIL G3544/A-NPM: 500 {"timestamp":"2026-08-06T16:04:44.956+00:00","status":500,"error":"Internal Server Error","path":"/ai/breakdown"}
2026-08-06 11:04:48 [breakdown] FAIL G3544/A-NSM: 500 {"timestamp":"2026-08-06T16:04:48.186+00:00","status":500,"error":"Internal Server Error","path":"/ai/breakdown"}
2026-08-06 11:04:49 [breakdown] FAIL G3545/ADV: 500 {"timestamp":"2026-08-06T16:04:49.406+00:00","status":500,"error":"Internal Server Error","path":"/ai/breakdown"}
2026-08-06 11:04:50 [breakdown] FAIL G3546/N-ASN: 500 {"timestamp":"2026-08-06T16:04:50.624+00:00","status":500,"error":"Internal Server Error","path":"/ai/breakdown"}
2026-08-06 11:04:53 [breakdown] FAIL G3547/N-NPM: 500 {"timestamp":"2026-08-06T16:04:53.845+00:00","status":500,"error":"Internal Server Error","path":"/ai/breakdown"}
2026-08-06 11:04:57 [breakdown] FAIL G3547/N-NSM: 500 {"timestamp":"2026-08-06T16:04:57.072+00:00","status":500,"error":"Internal Server Error","path":"/ai/breakdown"}
2026-08-06 11:04:58 [breakdown] FAIL G3548/N-NSF: 500 {"timestamp":"2026-08-06T16:04:58.293+00:00","status":500,"error":"Internal Server Error","path":"/ai/breakdown"}
2026-08-06 11:04:59 [breakdown] FAIL G3549/V-RPI-3S: 500 {"timestamp":"2026-08-06T16:04:59.510+00:00","status":500,"error":"Internal Server Error","path":"/ai/breakdown"}
2026-08-06 11:05:00 [breakdown] FAIL G355/V-AAN: 500 {"timestamp":"2026-08-06T16:05:00.728+00:00","status":500,"error":"Internal Server Error","path":"/ai/breakdown"}
2026-08-06 11:05:01 [breakdown] FAIL G355/V-APS-2P: 500 {"timestamp":"2026-08-06T16:05:01.947+00:00","status":500,"error":"Internal Server Error","path":"/ai/breakdown"}
2026-08-06 11:05:03 [breakdown] FAIL G3550/N-NSM: 500 {"timestamp":"2026-08-06T16:05:03.165+00:00","status":500,"error":"Internal Server Error","path":"/ai/breakdown"}
2026-08-06 11:05:04 [breakdown] FAIL G3551/N-APM: 500 {"timestamp":"2026-08-06T16:05:04.386+00:00","status":500,"error":"Internal Server Error","path":"/ai/breakdown"}
2026-08-06 11:05:05 [breakdown] FAIL G3551/N-ASM: 500 {"timestamp":"2026-08-06T16:05:05.604+00:00","status":500,"error":"Internal Server Error","path":"/ai/breakdown"}
2026-08-06 11:05:06 [breakdown] FAIL G3551/N-DSM: 500 {"timestamp":"2026-08-06T16:05:06.833+00:00","status":500,"error":"Internal Server Error","path":"/ai/breakdown"}
2026-08-06 11:05:08 [breakdown] FAIL G3551/N-GSM: 500 {"timestamp":"2026-08-06T16:05:08.063+00:00","status":500,"error":"Internal Server Error","path":"/ai/breakdown"}
2026-08-06 11:05:09 [breakdown] FAIL G3551/N-NSM: 500 {"timestamp":"2026-08-06T16:05:09.285+00:00","status":500,"error":"Internal Server Error","path":"/ai/breakdown"}
2026-08-06 11:05:10 [breakdown] FAIL G3552/V-PAP-NSM: 500 {"timestamp":"2026-08-06T16:05:10.503+00:00","status":500,"error":"Internal Server Error","path":"/ai/breakdown"}
2026-08-06 11:05:11 [breakdown] FAIL G3554/N-APF: 500 {"timestamp":"2026-08-06T16:05:11.720+00:00","status":500,"error":"Internal Server Error","path":"/ai/breakdown"}
2026-08-06 11:05:12 [breakdown] FAIL G3554/N-ASF: 500 {"timestamp":"2026-08-06T16:05:12.939+00:00","status":500,"error":"Internal Server Error","path":"/ai/breakdown"}
2026-08-06 11:05:14 [breakdown] FAIL G3554/N-DPF: 500 {"timestamp":"2026-08-06T16:05:14.164+00:00","status":500,"error":"Internal Server Error","path":"/ai/breakdown"}
2026-08-06 11:05:19 [breakdown] FAIL G3554/N-GPF: 500 {"timestamp":"2026-08-06T16:05:19.404+00:00","status":500,"error":"Internal Server Error","path":"/ai/breakdown"}
2026-08-06 11:05:20 [breakdown] FAIL G3555/N-ASF: 500 {"timestamp":"2026-08-06T16:05:20.631+00:00","status":500,"error":"Internal Server Error","path":"/ai/breakdown"}
2026-08-06 11:05:21 [breakdown] FAIL G3556/N-APN: 500 {"timestamp":"2026-08-06T16:05:21.866+00:00","status":500,"error":"Internal Server Error","path":"/ai/breakdown"}
2026-08-06 11:05:23 [breakdown] FAIL G3557/V-AMI-3S: 500 {"timestamp":"2026-08-06T16:05:23.084+00:00","status":500,"error":"Internal Server Error","path":"/ai/breakdown"}
2026-08-06 11:05:24 [breakdown] FAIL G3557/V-AMN: 500 {"timestamp":"2026-08-06T16:05:24.311+00:00","status":500,"error":"Internal Server Error","path":"/ai/breakdown"}
2026-08-06 11:05:25 [breakdown] FAIL G3557/V-PMP-APM: 500 {"timestamp":"2026-08-06T16:05:25.529+00:00","status":500,"error":"Internal Server Error","path":"/ai/breakdown"}
2026-08-06 11:05:26 [breakdown] FAIL G3558/N-ASM: 500 {"timestamp":"2026-08-06T16:05:26.748+00:00","status":500,"error":"Internal Server Error","path":"/ai/breakdown"}
2026-08-06 11:05:27 [breakdown] FAIL G3558/N-GSM: 500 {"timestamp":"2026-08-06T16:05:27.979+00:00","status":500,"error":"Internal Server Error","path":"/ai/breakdown"}
2026-08-06 11:05:29 [breakdown] FAIL G3559/N-ASF: 500 {"timestamp":"2026-08-06T16:05:29.197+00:00","status":500,"error":"Internal Server Error","path":"/ai/breakdown"}
2026-08-06 11:05:30 [breakdown] FAIL G3559/N-DSF: 500 {"timestamp":"2026-08-06T16:05:30.436+00:00","status":500,"error":"Internal Server Error","path":"/ai/breakdown"}
2026-08-06 11:05:31 [breakdown] FAIL G356/N-ASF: 500 {"timestamp":"2026-08-06T16:05:31.660+00:00","status":500,"error":"Internal Server Error","path":"/ai/breakdown"}
2026-08-06 11:05:32 [breakdown] FAIL G3560/V-PAM-2P: 500 {"timestamp":"2026-08-06T16:05:32.890+00:00","status":500,"error":"Internal Server Error","path":"/ai/breakdown"}
2026-08-06 11:05:34 [breakdown] FAIL G3560/V-PAN: 500 {"timestamp":"2026-08-06T16:05:34.116+00:00","status":500,"error":"Internal Server Error","path":"/ai/breakdown"}
2026-08-06 11:05:35 [breakdown] FAIL G3560/V-PAP-APM: 500 {"timestamp":"2026-08-06T16:05:35.332+00:00","status":500,"error":"Internal Server Error","path":"/ai/breakdown"}
2026-08-06 11:05:36 [breakdown] FAIL G3560/V-PAP-NPM: 500 {"timestamp":"2026-08-06T16:05:36.550+00:00","status":500,"error":"Internal Server Error","path":"/ai/breakdown"}
2026-08-06 11:05:37 [breakdown] FAIL G3560/V-PAP-NSM: 500 {"timestamp":"2026-08-06T16:05:37.768+00:00","status":500,"error":"Internal Server Error","path":"/ai/breakdown"}
2026-08-06 11:05:38 [breakdown] FAIL G3561/N-GSF: 500 {"timestamp":"2026-08-06T16:05:38.986+00:00","status":500,"error":"Internal Server Error","path":"/ai/breakdown"}
2026-08-06 11:05:40 [breakdown] FAIL G3562/ADV: 500 {"timestamp":"2026-08-06T16:05:40.206+00:00","status":500,"error":"Internal Server Error","path":"/ai/breakdown"}
2026-08-06 11:05:43 [breakdown] FAIL G3563/N-ASM: 500 {"timestamp":"2026-08-06T16:05:43.436+00:00","status":500,"error":"Internal Server Error","path":"/ai/breakdown"}
2026-08-06 11:05:44 [breakdown] FAIL G3563/N-DSM: 500 {"timestamp":"2026-08-06T16:05:44.659+00:00","status":500,"error":"Internal Server Error","path":"/ai/breakdown"}
2026-08-06 11:05:45 [breakdown] FAIL G3563/N-GSM: 500 {"timestamp":"2026-08-06T16:05:45.887+00:00","status":500,"error":"Internal Server Error","path":"/ai/breakdown"}
2026-08-06 11:05:47 [breakdown] FAIL G3563/N-NSM: 500 {"timestamp":"2026-08-06T16:05:47.117+00:00","status":500,"error":"Internal Server Error","path":"/ai/breakdown"}
2026-08-06 11:05:48 [breakdown] FAIL G3564/N-ASF-P: 500 {"timestamp":"2026-08-06T16:05:48.334+00:00","status":500,"error":"Internal Server Error","path":"/ai/breakdown"}
2026-08-06 11:05:49 [breakdown] FAIL G3565/N-ASF: 500 {"timestamp":"2026-08-06T16:05:49.552+00:00","status":500,"error":"Internal Server Error","path":"/ai/breakdown"}
2026-08-06 11:05:50 [breakdown] FAIL G3565/N-GSF: 500 {"timestamp":"2026-08-06T16:05:50.769+00:00","status":500,"error":"Internal Server Error","path":"/ai/breakdown"}
2026-08-06 11:05:51 [breakdown] FAIL G3565/N-NSF: 500 {"timestamp":"2026-08-06T16:05:51.987+00:00","status":500,"error":"Internal Server Error","path":"/ai/breakdown"}
2026-08-06 11:05:53 [breakdown] FAIL G3566/N-ASM: 500 {"timestamp":"2026-08-06T16:05:53.214+00:00","status":500,"error":"Internal Server Error","path":"/ai/breakdown"}
2026-08-06 11:05:54 [breakdown] FAIL G3566/N-GSM: 500 {"timestamp":"2026-08-06T16:05:54.451+00:00","status":500,"error":"Internal Server Error","path":"/ai/breakdown"}
2026-08-06 11:05:55 [breakdown] FAIL G3566/N-NSM: 500 {"timestamp":"2026-08-06T16:05:55.674+00:00","status":500,"error":"Internal Server Error","path":"/ai/breakdown"}
2026-08-06 11:05:56 [breakdown] FAIL G3567/N-GSM: 500 {"timestamp":"2026-08-06T16:05:56.902+00:00","status":500,"error":"Internal Server Error","path":"/ai/breakdown"}
2026-08-06 11:05:58 [breakdown] FAIL G3568/ADV: 500 {"timestamp":"2026-08-06T16:05:58.120+00:00","status":500,"error":"Internal Server Error","path":"/ai/breakdown"}
2026-08-06 11:05:59 [breakdown] FAIL G357/V-ADM-2P: 500 {"timestamp":"2026-08-06T16:05:59.338+00:00","status":500,"error":"Internal Server Error","path":"/ai/breakdown"}
2026-08-06 11:06:00 [breakdown] FAIL G3570/ADV: 500 {"timestamp":"2026-08-06T16:06:00.554+00:00","status":500,"error":"Internal Server Error","path":"/ai/breakdown"}
2026-08-06 11:06:01 [breakdown] FAIL G3571/N-APF: 500 {"timestamp":"2026-08-06T16:06:01.771+00:00","status":500,"error":"Internal Server Error","path":"/ai/breakdown"}
2026-08-06 11:06:02 [breakdown] FAIL G3571/N-ASF: 500 {"timestamp":"2026-08-06T16:06:02.990+00:00","status":500,"error":"Internal Server Error","path":"/ai/breakdown"}
2026-08-06 11:06:04 [breakdown] FAIL G3571/N-DSF: 500 {"timestamp":"2026-08-06T16:06:04.208+00:00","status":500,"error":"Internal Server Error","path":"/ai/breakdown"}
2026-08-06 11:06:09 [breakdown] FAIL G3571/N-GSF: 500 {"timestamp":"2026-08-06T16:06:09.438+00:00","status":500,"error":"Internal Server Error","path":"/ai/breakdown"}
2026-08-06 11:06:10 [breakdown] FAIL G3571/N-NSF: 500 {"timestamp":"2026-08-06T16:06:10.681+00:00","status":500,"error":"Internal Server Error","path":"/ai/breakdown"}
2026-08-06 11:06:11 [breakdown] FAIL G3572/V-AAI-3S: 500 {"timestamp":"2026-08-06T16:06:11.903+00:00","status":500,"error":"Internal Server Error","path":"/ai/breakdown"}
2026-08-06 11:06:13 [breakdown] FAIL G3573/V-AAI-3P: 500 {"timestamp":"2026-08-06T16:06:13.120+00:00","status":500,"error":"Internal Server Error","path":"/ai/breakdown"}
2026-08-06 11:06:14 [breakdown] FAIL G3573/V-PAI-3S: 500 {"timestamp":"2026-08-06T16:06:14.347+00:00","status":500,"error":"Internal Server Error","path":"/ai/breakdown"}
2026-08-06 11:06:15 [breakdown] FAIL G3574/N-ASN: 500 {"timestamp":"2026-08-06T16:06:15.574+00:00","status":500,"error":"Internal Server Error","path":"/ai/breakdown"}
2026-08-06 11:06:16 [breakdown] FAIL G3575/N-ASM-P: 500 {"timestamp":"2026-08-06T16:06:16.805+00:00","status":500,"error":"Internal Server Error","path":"/ai/breakdown"}
2026-08-06 11:06:18 [breakdown] FAIL G3575/N-GSM-P: 500 {"timestamp":"2026-08-06T16:06:18.023+00:00","status":500,"error":"Internal Server Error","path":"/ai/breakdown"}
2026-08-06 11:06:19 [breakdown] FAIL G3575/N-NSM-P: 500 {"timestamp":"2026-08-06T16:06:19.241+00:00","status":500,"error":"Internal Server Error","path":"/ai/breakdown"}
2026-08-06 11:06:20 [breakdown] FAIL G3576/A-NPM: 500 {"timestamp":"2026-08-06T16:06:20.470+00:00","status":500,"error":"Internal Server Error","path":"/ai/breakdown"}
2026-08-06 11:06:21 [breakdown] FAIL G3577/N-ASM: 500 {"timestamp":"2026-08-06T16:06:21.695+00:00","status":500,"error":"Internal Server Error","path":"/ai/breakdown"}
2026-08-06 11:06:22 [breakdown] FAIL G3578/N-ASF: 500 {"timestamp":"2026-08-06T16:06:22.920+00:00","status":500,"error":"Internal Server Error","path":"/ai/breakdown"}
2026-08-06 11:06:24 [breakdown] FAIL G3579/V-AAI-3S: 500 {"timestamp":"2026-08-06T16:06:24.145+00:00","status":500,"error":"Internal Server Error","path":"/ai/breakdown"}
2026-08-06 11:06:25 [breakdown] FAIL G3579/V-AAP-NPM: 500 {"timestamp":"2026-08-06T16:06:25.363+00:00","status":500,"error":"Internal Server Error","path":"/ai/breakdown"}
2026-08-06 11:06:26 [breakdown] FAIL G3579/V-APS-1P: 500 {"timestamp":"2026-08-06T16:06:26.581+00:00","status":500,"error":"Internal Server Error","path":"/ai/breakdown"}
2026-08-06 11:06:27 [breakdown] FAIL G3579/V-PAP-APN: 500 {"timestamp":"2026-08-06T16:06:27.812+00:00","status":500,"error":"Internal Server Error","path":"/ai/breakdown"}
2026-08-06 11:06:29 [breakdown] FAIL G3579/V-PPI-3P: 500 {"timestamp":"2026-08-06T16:06:29.041+00:00","status":500,"error":"Internal Server Error","path":"/ai/breakdown"}
2026-08-06 11:06:30 [breakdown] FAIL G3579/V-PPI-3S: 500 {"timestamp":"2026-08-06T16:06:30.257+00:00","status":500,"error":"Internal Server Error","path":"/ai/breakdown"}
2026-08-06 11:06:39 [breakdown] FAIL G3579/V-PPM-2P: 500 {"timestamp":"2026-08-06T16:06:39.483+00:00","status":500,"error":"Internal Server Error","path":"/ai/breakdown"}
2026-08-06 11:06:42 [breakdown] FAIL G358/A-NSN: 500 {"timestamp":"2026-08-06T16:06:42.702+00:00","status":500,"error":"Internal Server Error","path":"/ai/breakdown"}
2026-08-06 11:06:43 [breakdown] FAIL G3580/V-AAI-3S: 500 {"timestamp":"2026-08-06T16:06:43.930+00:00","status":500,"error":"Internal Server Error","path":"/ai/breakdown"}
2026-08-06 11:06:45 [breakdown] FAIL G3581/A-APM: 500 {"timestamp":"2026-08-06T16:06:45.156+00:00","status":500,"error":"Internal Server Error","path":"/ai/breakdown"}
2026-08-06 11:06:58 [breakdown] FAIL G3581/A-ASM: 500 {"timestamp":"2026-08-06T16:06:58.387+00:00","status":500,"error":"Internal Server Error","path":"/ai/breakdown"}
2026-08-06 11:06:59 [breakdown] FAIL G3581/A-DPF: 500 {"timestamp":"2026-08-06T16:06:59.603+00:00","status":500,"error":"Internal Server Error","path":"/ai/breakdown"}
2026-08-06 11:07:02 [breakdown] FAIL G3581/A-DPM: 500 {"timestamp":"2026-08-06T16:07:02.825+00:00","status":500,"error":"Internal Server Error","path":"/ai/breakdown"}
2026-08-06 11:07:04 [breakdown] FAIL G3581/A-GPN: 500 {"timestamp":"2026-08-06T16:07:04.043+00:00","status":500,"error":"Internal Server Error","path":"/ai/breakdown"}
2026-08-06 11:07:17 [breakdown] FAIL G3581/A-GSN: 500 {"timestamp":"2026-08-06T16:07:17.285+00:00","status":500,"error":"Internal Server Error","path":"/ai/breakdown"}
2026-08-06 11:07:18 [breakdown] FAIL G3581/A-NPM: 500 {"timestamp":"2026-08-06T16:07:18.501+00:00","status":500,"error":"Internal Server Error","path":"/ai/breakdown"}
2026-08-06 11:07:27 [breakdown] FAIL G3581/A-NSM: 500 {"timestamp":"2026-08-06T16:07:27.726+00:00","status":500,"error":"Internal Server Error","path":"/ai/breakdown"}
2026-08-06 11:07:30 [breakdown] FAIL G3582/N-GPM: 500 {"timestamp":"2026-08-06T16:07:30.945+00:00","status":500,"error":"Internal Server Error","path":"/ai/breakdown"}
2026-08-06 11:07:32 [breakdown] FAIL G3583/V-AAI-3S: 500 {"timestamp":"2026-08-06T16:07:32.167+00:00","status":500,"error":"Internal Server Error","path":"/ai/breakdown"}
2026-08-06 11:07:33 [breakdown] FAIL G3583/V-API-3S: 500 {"timestamp":"2026-08-06T16:07:33.383+00:00","status":500,"error":"Internal Server Error","path":"/ai/breakdown"}
2026-08-06 11:07:46 [breakdown] FAIL G3583/V-PPI-3S: 500 {"timestamp":"2026-08-06T16:07:46.612+00:00","status":500,"error":"Internal Server Error","path":"/ai/breakdown"}
2026-08-06 11:07:47 [breakdown] FAIL G3583/V-RPI-3S: 500 {"timestamp":"2026-08-06T16:07:47.828+00:00","status":500,"error":"Internal Server Error","path":"/ai/breakdown"}
2026-08-06 11:07:51 [breakdown] FAIL G3583/V-RPP-ASF: 500 {"timestamp":"2026-08-06T16:07:51.064+00:00","status":500,"error":"Internal Server Error","path":"/ai/breakdown"}
2026-08-06 11:07:52 [breakdown] FAIL G3584/A-ASF: 500 {"timestamp":"2026-08-06T16:07:52.293+00:00","status":500,"error":"Internal Server Error","path":"/ai/breakdown"}
2026-08-06 11:07:53 [breakdown] FAIL G3584/A-DSN: 500 {"timestamp":"2026-08-06T16:07:53.516+00:00","status":500,"error":"Internal Server Error","path":"/ai/breakdown"}
2026-08-06 11:07:54 [breakdown] FAIL G3584/A-GPM: 500 {"timestamp":"2026-08-06T16:07:54.732+00:00","status":500,"error":"Internal Server Error","path":"/ai/breakdown"}
2026-08-06 11:07:55 [breakdown] FAIL G3584/A-GSF: 500 {"timestamp":"2026-08-06T16:07:55.964+00:00","status":500,"error":"Internal Server Error","path":"/ai/breakdown"}
